ts,listing_key,kodagar,antal_sokande
2026-09-01T01:50:45+02:00,1106-2307-018__2026-08-31,94,4
2026-09-01T01:50:45+02:00,2118-0405-068__2026-08-31,100,5
2026-09-01T01:50:45+02:00,3622-9907-056__2026-08-31,378,7
2026-09-01T01:50:45+02:00,5102-3606-012__2026-08-31,57,1
2026-09-01T01:50:45+02:00,5102-3607-011__2026-08-31,0,0
2026-09-01T01:50:45+02:00,5201-0105-024__2026-08-31,585,2
2026-09-01T01:50:45+02:00,5201-0109-020__2026-08-31,21,1
2026-09-01T01:50:45+02:00,7202-4904-107__2026-08-31,28,2
2026-09-01T01:50:45+02:00,7202-5107-106__2026-08-31,27,3
2026-09-01T01:50:45+02:00,7202-5309-102__2026-08-31,94,2
2026-09-01T01:50:45+02:00,7202-6108-101__2026-08-31,40,1
2026-09-01T01:50:45+02:00,7505-0806-006__2026-08-31,316,2
2026-09-01T01:50:45+02:00,1407-6608-003__2026-08-31,68,2
2026-09-01T01:50:45+02:00,2118-0403-069__2026-08-31,96,1
2026-09-01T01:50:45+02:00,3622-9907-032__2026-08-31,1140,6
2026-09-01T01:50:45+02:00,3622-9909-008__2026-08-31,319,2
2026-09-01T01:50:45+02:00,4415-0106-066__2026-08-31,753,3
2026-09-01T01:50:45+02:00,5102-3505-007__2026-08-31,0,0
2026-09-01T01:50:45+02:00,5201-0104-014__2026-08-31,96,1
2026-09-01T01:50:45+02:00,5201-0502-002__2026-08-31,102,1
2026-09-01T01:50:45+02:00,6202-1503-002__2026-08-31,785,2
2026-09-01T01:50:45+02:00,6202-3201-006__2026-08-31,281,2
2026-09-01T01:50:45+02:00,6202-4804-006__2026-08-31,738,5
2026-09-01T01:50:45+02:00,6404-0304-022__2026-08-31,425,8
2026-09-01T01:50:45+02:00,7202-4710-106__2026-08-31,40,1
2026-09-01T01:50:45+02:00,7202-5707-107__2026-08-31,40,1
2026-09-01T01:50:45+02:00,7404-2202-003__2026-08-31,50,2
2026-09-01T01:50:45+02:00,7505-1304-018__2026-08-31,709,6
2026-09-01T01:50:45+02:00,7505-1305-022__2026-08-31,54,1
2026-09-01T01:50:45+02:00,7505-1405-020__2026-08-31,50,1
2026-09-01T01:50:45+02:00,7707-0307-003__2026-08-31,53,1
2026-09-01T01:50:45+02:00,7707-0401-001__2026-08-31,379,3
2026-09-01T01:50:45+02:00,7707-0407-013__2026-08-31,53,2
2026-09-01T01:50:45+02:00,7707-1201-005__2026-08-31,21,1
2026-09-01T01:50:45+02:00,3622-9905-001__2026-08-31,378,4
2026-09-01T01:50:45+02:00,5201-0103-011__2026-08-31,1,2
2026-09-01T01:50:45+02:00,5201-0105-050__2026-08-31,21,1
2026-09-01T01:50:45+02:00,6202-2201-004__2026-08-31,281,2
2026-09-01T01:50:45+02:00,7303-3206-004__2026-08-31,821,4
2026-09-01T01:50:45+02:00,7909-0103-002__2026-08-31,44,1
2026-09-01T01:50:45+02:00,2118-0403-076__2026-08-31,96,2
2026-09-01T01:50:45+02:00,2118-0404-068__2026-08-31,94,4
2026-09-01T01:50:45+02:00,2118-0405-045__2026-08-31,82,2
2026-09-01T01:50:45+02:00,3622-9908-040__2026-08-31,265,4
2026-09-01T01:50:45+02:00,5102-3508-014__2026-08-31,125,1
2026-09-01T01:50:45+02:00,5102-3207-030__2026-08-31,86,5
2026-09-01T01:50:45+02:00,5102-3211-003__2026-08-31,1923,6
2026-09-01T01:50:45+02:00,5201-0105-055__2026-08-31,86,4
2026-09-01T01:50:45+02:00,5201-0508-008__2026-08-31,313,3
2026-09-01T01:50:45+02:00,5604-0404-003__2026-08-31,575,8
2026-09-01T01:50:45+02:00,6202-4102-001__2026-08-31,54,3
2026-09-01T01:50:45+02:00,7101-5104-039__2026-08-31,93,1
2026-09-01T01:50:45+02:00,7303-2506-004__2026-08-31,851,5
2026-09-01T01:50:45+02:00,7505-0906-001__2026-08-31,886,3
2026-09-01T01:50:45+02:00,7707-0405-002__2026-08-31,95,2
2026-09-01T01:50:45+02:00,6404-0304-032__2026-08-31,419,5
2026-09-01T01:50:45+02:00,7505-1304-025__2026-08-31,35,1
2026-09-01T01:50:45+02:00,5201-0109-050__2026-08-31,86,2
2026-09-01T01:50:45+02:00,6404-0204-002__2026-08-31,463,5
2026-09-01T01:50:45+02:00,7505-0704-008__2026-08-31,95,2
2026-09-01T01:50:45+02:00,1106-2306-007__2026-08-31,94,1
2026-09-01T01:50:45+02:00,5102-3205-003__2026-08-09,1923,6
2026-09-01T07:07:20+02:00,1106-2307-018__2026-08-31,94,4
2026-09-01T07:07:20+02:00,2118-0405-068__2026-08-31,100,5
2026-09-01T07:07:20+02:00,3622-9907-056__2026-08-31,378,7
2026-09-01T07:07:20+02:00,5102-3606-012__2026-08-31,57,1
2026-09-01T07:07:20+02:00,5102-3607-011__2026-08-31,0,0
2026-09-01T07:07:20+02:00,5201-0105-024__2026-08-31,585,2
2026-09-01T07:07:20+02:00,5201-0109-020__2026-08-31,21,1
2026-09-01T07:07:20+02:00,7202-4904-107__2026-08-31,28,2
2026-09-01T07:07:20+02:00,7202-5107-106__2026-08-31,27,3
2026-09-01T07:07:20+02:00,7202-5309-102__2026-08-31,94,2
2026-09-01T07:07:20+02:00,7202-6108-101__2026-08-31,40,1
2026-09-01T07:07:20+02:00,7505-0806-006__2026-08-31,316,2
2026-09-01T07:07:20+02:00,1407-6608-003__2026-08-31,68,2
2026-09-01T07:07:20+02:00,2118-0403-069__2026-08-31,96,1
2026-09-01T07:07:20+02:00,3622-9907-032__2026-08-31,1140,6
2026-09-01T07:07:20+02:00,3622-9909-008__2026-08-31,348,3
2026-09-01T07:07:20+02:00,4415-0106-066__2026-08-31,753,3
2026-09-01T07:07:20+02:00,5102-3505-007__2026-08-31,0,0
2026-09-01T07:07:20+02:00,5201-0104-014__2026-08-31,96,1
2026-09-01T07:07:20+02:00,5201-0502-002__2026-08-31,102,1
2026-09-01T07:07:20+02:00,6202-1503-002__2026-08-31,785,2
2026-09-01T07:07:20+02:00,6202-3201-006__2026-08-31,281,2
2026-09-01T07:07:20+02:00,6202-4804-006__2026-08-31,738,5
2026-09-01T07:07:20+02:00,6404-0304-022__2026-08-31,425,8
2026-09-01T07:07:20+02:00,7202-4710-106__2026-08-31,40,1
2026-09-01T07:07:20+02:00,7202-5707-107__2026-08-31,40,1
2026-09-01T07:07:20+02:00,7404-2202-003__2026-08-31,50,2
2026-09-01T07:07:20+02:00,7505-1304-018__2026-08-31,709,6
2026-09-01T07:07:20+02:00,7505-1305-022__2026-08-31,54,1
2026-09-01T07:07:20+02:00,7505-1405-020__2026-08-31,50,1
2026-09-01T07:07:20+02:00,7707-0307-003__2026-08-31,53,1
2026-09-01T07:07:20+02:00,7707-0401-001__2026-08-31,379,3
2026-09-01T07:07:20+02:00,7707-0407-013__2026-08-31,53,2
2026-09-01T07:07:20+02:00,7707-1201-005__2026-08-31,21,1
2026-09-01T07:07:20+02:00,3622-9905-001__2026-08-31,378,4
2026-09-01T07:07:20+02:00,5201-0103-011__2026-08-31,1,2
2026-09-01T07:07:20+02:00,5201-0105-050__2026-08-31,21,1
2026-09-01T07:07:20+02:00,6202-2201-004__2026-08-31,281,2
2026-09-01T07:07:20+02:00,7303-3206-004__2026-08-31,821,4
2026-09-01T07:07:20+02:00,7909-0103-002__2026-08-31,44,1
2026-09-01T07:07:20+02:00,2118-0403-076__2026-08-31,96,2
2026-09-01T07:07:20+02:00,2118-0404-068__2026-08-31,94,4
2026-09-01T07:07:20+02:00,2118-0405-045__2026-08-31,82,2
2026-09-01T07:07:20+02:00,3622-9908-040__2026-08-31,348,5
2026-09-01T07:07:20+02:00,5102-3508-014__2026-08-31,125,1
2026-09-01T07:07:20+02:00,5102-3207-030__2026-08-31,86,5
2026-09-01T07:07:20+02:00,5102-3211-003__2026-08-31,1923,6
2026-09-01T07:07:20+02:00,5201-0105-055__2026-08-31,86,4
2026-09-01T07:07:20+02:00,5201-0508-008__2026-08-31,409,5
2026-09-01T07:07:20+02:00,5604-0404-003__2026-08-31,575,8
2026-09-01T07:07:20+02:00,6202-4102-001__2026-08-31,54,3
2026-09-01T07:07:20+02:00,7101-5104-039__2026-08-31,93,1
2026-09-01T07:07:20+02:00,7303-2506-004__2026-08-31,851,5
2026-09-01T07:07:20+02:00,7505-0906-001__2026-08-31,886,3
2026-09-01T07:07:20+02:00,7707-0405-002__2026-08-31,95,2
2026-09-01T07:07:20+02:00,6404-0304-032__2026-08-31,419,5
2026-09-01T07:07:20+02:00,7505-1304-025__2026-08-31,35,1
2026-09-01T07:07:20+02:00,5201-0109-050__2026-08-31,86,2
2026-09-01T07:07:20+02:00,6404-0204-002__2026-08-31,463,6
2026-09-01T07:07:20+02:00,7505-0704-008__2026-08-31,95,2
2026-09-01T07:07:20+02:00,1106-2306-007__2026-08-31,94,1
2026-09-01T07:07:20+02:00,5102-3205-003__2026-08-09,1923,6
2026-09-01T12:05:48+02:00,1106-2307-018__2026-08-31,94,4
2026-09-01T12:05:48+02:00,2118-0405-068__2026-08-31,100,5
2026-09-01T12:05:48+02:00,3622-9907-056__2026-08-31,1280,10
2026-09-01T12:05:48+02:00,5102-3606-012__2026-08-31,57,1
2026-09-01T12:05:48+02:00,5102-3607-011__2026-08-31,38,1
2026-09-01T12:05:48+02:00,5201-0105-024__2026-08-31,585,3
2026-09-01T12:05:48+02:00,5201-0109-020__2026-08-31,71,2
2026-09-01T12:05:48+02:00,7202-4904-107__2026-08-31,28,2
2026-09-01T12:05:48+02:00,7202-5107-106__2026-08-31,27,3
2026-09-01T12:05:48+02:00,7202-5309-102__2026-08-31,94,2
2026-09-01T12:05:48+02:00,7202-6108-101__2026-08-31,40,1
2026-09-01T12:05:48+02:00,7505-0806-006__2026-08-31,316,2
2026-09-01T12:05:48+02:00,1407-6608-003__2026-08-31,286,3
2026-09-01T12:05:48+02:00,2118-0403-069__2026-08-31,96,1
2026-09-01T12:05:48+02:00,3622-9907-032__2026-08-31,1140,5
2026-09-01T12:05:48+02:00,3622-9909-008__2026-08-31,1280,6
2026-09-01T12:05:48+02:00,4415-0106-066__2026-08-31,753,4
2026-09-01T12:05:48+02:00,5102-3505-007__2026-08-31,0,0
2026-09-01T12:05:48+02:00,5201-0104-014__2026-08-31,96,1
2026-09-01T12:05:48+02:00,5201-0502-002__2026-08-31,227,2
2026-09-01T12:05:48+02:00,6202-1503-002__2026-08-31,785,2
2026-09-01T12:05:48+02:00,6202-3201-006__2026-08-31,281,2
2026-09-01T12:05:48+02:00,6202-4804-006__2026-08-31,738,5
2026-09-01T12:05:48+02:00,6404-0304-022__2026-08-31,425,8
2026-09-01T12:05:48+02:00,7202-4710-106__2026-08-31,40,1
2026-09-01T12:05:48+02:00,7202-5707-107__2026-08-31,40,1
2026-09-01T12:05:48+02:00,7404-2202-003__2026-08-31,50,2
2026-09-01T12:05:48+02:00,7505-1304-018__2026-08-31,709,7
2026-09-01T12:05:48+02:00,7505-1305-022__2026-08-31,8,1
2026-09-01T12:05:48+02:00,7505-1405-020__2026-08-31,50,1
2026-09-01T12:05:48+02:00,7707-0307-003__2026-08-31,93,3
2026-09-01T12:05:48+02:00,7707-0401-001__2026-08-31,379,2
2026-09-01T12:05:48+02:00,7707-0407-013__2026-08-31,93,2
2026-09-01T12:05:48+02:00,7707-1201-005__2026-08-31,21,1
2026-09-01T12:05:48+02:00,3622-9905-001__2026-08-31,378,5
2026-09-01T12:05:48+02:00,5201-0103-011__2026-08-31,71,3
2026-09-01T12:05:48+02:00,5201-0105-050__2026-08-31,71,2
2026-09-01T12:05:48+02:00,6202-2201-004__2026-08-31,281,1
2026-09-01T12:05:48+02:00,7303-3206-004__2026-08-31,821,4
2026-09-01T12:05:48+02:00,7909-0103-002__2026-08-31,44,1
2026-09-01T12:05:48+02:00,2118-0403-076__2026-08-31,96,2
2026-09-01T12:05:48+02:00,2118-0404-068__2026-08-31,100,5
2026-09-01T12:05:48+02:00,2118-0405-045__2026-08-31,82,2
2026-09-01T12:05:48+02:00,3622-9908-040__2026-08-31,1280,7
2026-09-01T12:05:48+02:00,5102-3508-014__2026-08-31,125,1
2026-09-01T16:53:14+02:00,1106-2306-007__2026-09-01,15,2
2026-09-01T16:53:14+02:00,5201-0104-007__2026-09-01,1,2
2026-09-01T16:53:14+02:00,5201-0105-055__2026-09-01,1,2
2026-09-01T16:53:14+02:00,5201-0109-050__2026-09-01,0,0
2026-09-01T16:53:14+02:00,7303-3108-003__2026-09-01,376,2
2026-09-01T16:53:14+02:00,1106-2307-018__2026-08-31,94,4
2026-09-01T16:53:14+02:00,2118-0405-068__2026-08-31,378,7
2026-09-01T16:53:14+02:00,3622-9907-056__2026-08-31,1280,10
2026-09-01T16:53:14+02:00,5102-3606-012__2026-08-31,100,2
2026-09-01T16:53:14+02:00,5102-3607-011__2026-08-31,100,2
2026-09-01T16:53:14+02:00,5201-0105-024__2026-08-31,585,5
2026-09-01T16:53:14+02:00,5201-0109-020__2026-08-31,71,3
2026-09-01T16:53:14+02:00,7202-4904-107__2026-08-31,81,4
2026-09-01T16:53:14+02:00,7202-5107-106__2026-08-31,81,4
2026-09-01T16:53:14+02:00,7202-5309-102__2026-08-31,94,2
2026-09-01T16:53:14+02:00,7202-6108-101__2026-08-31,40,1
2026-09-01T16:53:14+02:00,7505-0806-006__2026-08-31,316,2
2026-09-01T16:53:14+02:00,1407-6608-003__2026-08-31,286,3
2026-09-01T16:53:14+02:00,2118-0403-069__2026-08-31,96,2
2026-09-01T16:53:14+02:00,3622-9907-032__2026-08-31,1140,5
2026-09-01T16:53:14+02:00,3622-9909-008__2026-08-31,1280,6
2026-09-01T16:53:14+02:00,4415-0106-066__2026-08-31,753,5
2026-09-01T16:53:14+02:00,5102-3505-007__2026-08-31,0,0
2026-09-01T16:53:14+02:00,5201-0104-014__2026-08-31,96,1
2026-09-01T16:53:14+02:00,5201-0502-002__2026-08-31,227,2
2026-09-01T16:53:14+02:00,6202-1503-002__2026-08-31,785,2
2026-09-01T16:53:14+02:00,6202-3201-006__2026-08-31,281,2
2026-09-01T16:53:14+02:00,6202-4804-006__2026-08-31,738,6
2026-09-01T16:53:14+02:00,6404-0304-022__2026-08-31,568,9
2026-09-01T16:53:14+02:00,7202-4710-106__2026-08-31,70,2
2026-09-01T16:53:14+02:00,7202-5707-107__2026-08-31,40,1
2026-09-01T16:53:14+02:00,7404-2202-003__2026-08-31,89,3
2026-09-01T16:53:14+02:00,7505-1304-018__2026-08-31,709,10
2026-09-01T16:53:14+02:00,7505-1305-022__2026-08-31,90,2
2026-09-01T16:53:14+02:00,7505-1405-020__2026-08-31,62,2
2026-09-01T16:53:14+02:00,7707-0307-003__2026-08-31,93,3
2026-09-01T16:53:14+02:00,7707-0401-001__2026-08-31,379,3
2026-09-01T16:53:14+02:00,7707-0407-013__2026-08-31,93,2
2026-09-01T16:53:14+02:00,7707-1201-005__2026-08-31,89,2
2026-09-01T16:53:14+02:00,3622-9905-001__2026-08-31,749,7
2026-09-01T16:53:14+02:00,5201-0103-011__2026-08-31,71,3
2026-09-01T16:53:14+02:00,5201-0105-050__2026-08-31,71,3
2026-09-01T16:53:14+02:00,6202-2201-004__2026-08-31,281,1
2026-09-01T16:53:14+02:00,7303-3206-004__2026-08-31,862,6
2026-09-01T16:53:14+02:00,7909-0103-002__2026-08-31,81,2
2026-09-01T16:53:14+02:00,2118-0403-076__2026-08-31,96,2
2026-09-01T16:53:14+02:00,2118-0404-068__2026-08-31,227,6
2026-09-01T16:53:14+02:00,2118-0405-045__2026-08-31,100,5
2026-09-01T16:53:14+02:00,3622-9908-040__2026-08-31,1280,7
2026-09-01T16:53:14+02:00,5102-3508-014__2026-08-31,125,2
2026-09-01T20:30:09+02:00,1106-2306-007__2026-09-01,92,5
2026-09-01T20:30:09+02:00,5201-0104-007__2026-09-01,92,4
2026-09-01T20:30:09+02:00,5201-0105-055__2026-09-01,92,4
2026-09-01T20:30:09+02:00,5201-0109-050__2026-09-01,90,2
2026-09-01T20:30:09+02:00,7303-3108-003__2026-09-01,851,8
2026-09-01T20:30:09+02:00,1106-2307-018__2026-08-31,94,4
2026-09-01T20:30:09+02:00,2118-0405-068__2026-08-31,378,6
2026-09-01T20:30:09+02:00,3622-9907-056__2026-08-31,1280,11
2026-09-01T20:30:09+02:00,5102-3606-012__2026-08-31,100,3
2026-09-01T20:30:09+02:00,5102-3607-011__2026-08-31,100,3
2026-09-01T20:30:09+02:00,5201-0105-024__2026-08-31,585,4
2026-09-01T20:30:09+02:00,5201-0109-020__2026-08-31,71,2
2026-09-01T20:30:09+02:00,7202-4904-107__2026-08-31,91,5
2026-09-01T20:30:09+02:00,7202-5107-106__2026-08-31,81,4
2026-09-01T20:30:09+02:00,7202-5309-102__2026-08-31,94,2
2026-09-01T20:30:09+02:00,7202-6108-101__2026-08-31,40,1
2026-09-01T20:30:09+02:00,7505-0806-006__2026-08-31,316,2
2026-09-01T20:30:09+02:00,1407-6608-003__2026-08-31,286,3
2026-09-01T20:30:09+02:00,2118-0403-069__2026-08-31,96,2
2026-09-01T20:30:09+02:00,3622-9907-032__2026-08-31,1140,5
2026-09-01T20:30:09+02:00,3622-9909-008__2026-08-31,1280,6
2026-09-01T20:30:09+02:00,4415-0106-066__2026-08-31,753,6
2026-09-01T20:30:09+02:00,5102-3505-007__2026-08-31,0,0
2026-09-01T20:30:09+02:00,5201-0104-014__2026-08-31,96,1
2026-09-01T20:30:09+02:00,5201-0502-002__2026-08-31,262,5
2026-09-01T20:30:09+02:00,6202-1503-002__2026-08-31,785,2
2026-09-01T20:30:09+02:00,6202-3201-006__2026-08-31,281,2
2026-09-01T20:30:09+02:00,6202-4804-006__2026-08-31,738,7
2026-09-01T20:30:09+02:00,6404-0304-022__2026-08-31,568,10
2026-09-01T20:30:09+02:00,7202-4710-106__2026-08-31,70,2
2026-09-01T20:30:09+02:00,7202-5707-107__2026-08-31,40,1
2026-09-01T20:30:09+02:00,7404-2202-003__2026-08-31,89,3
2026-09-01T20:30:09+02:00,7505-1304-018__2026-08-31,709,13
2026-09-01T20:30:09+02:00,7505-1305-022__2026-08-31,90,2
2026-09-01T20:30:09+02:00,7505-1405-020__2026-08-31,62,3
2026-09-01T20:30:09+02:00,7707-0307-003__2026-08-31,143,4
2026-09-01T20:30:09+02:00,7707-0401-001__2026-08-31,379,4
2026-09-01T20:30:09+02:00,7707-0407-013__2026-08-31,143,3
2026-09-01T20:30:09+02:00,7707-1201-005__2026-08-31,89,1
2026-09-01T20:30:09+02:00,3622-9905-001__2026-08-31,749,7
2026-09-01T20:30:09+02:00,5201-0103-011__2026-08-31,71,3
2026-09-01T20:30:09+02:00,5201-0105-050__2026-08-31,71,2
2026-09-01T20:30:09+02:00,6202-2201-004__2026-08-31,785,2
2026-09-01T20:30:09+02:00,7303-3206-004__2026-08-31,862,7
2026-09-01T20:30:09+02:00,7909-0103-002__2026-08-31,81,2
2026-09-01T20:30:09+02:00,2118-0403-076__2026-08-31,96,3
2026-09-01T20:30:09+02:00,2118-0404-068__2026-08-31,227,6
2026-09-01T20:30:09+02:00,2118-0405-045__2026-08-31,100,5
2026-09-01T20:30:09+02:00,3622-9908-040__2026-08-31,1280,8
2026-09-01T20:30:09+02:00,5102-3508-014__2026-08-31,125,2
2026-09-01T23:46:35+02:00,1106-2306-007__2026-09-01,92,5
2026-09-01T23:46:35+02:00,5201-0104-007__2026-09-01,92,5
2026-09-01T23:46:35+02:00,5201-0105-055__2026-09-01,92,4
2026-09-01T23:46:35+02:00,5201-0109-050__2026-09-01,87,2
2026-09-01T23:46:35+02:00,7303-3108-003__2026-09-01,851,10
2026-09-01T23:46:35+02:00,1106-2307-018__2026-08-31,94,4
2026-09-01T23:46:35+02:00,2118-0405-068__2026-08-31,378,6
2026-09-01T23:46:35+02:00,3622-9907-056__2026-08-31,1280,11
2026-09-01T23:46:35+02:00,5102-3606-012__2026-08-31,230,4
2026-09-01T23:46:35+02:00,5102-3607-011__2026-08-31,230,4
2026-09-01T23:46:35+02:00,5201-0105-024__2026-08-31,585,4
2026-09-01T23:46:35+02:00,5201-0109-020__2026-08-31,71,3
2026-09-01T23:46:35+02:00,7202-4904-107__2026-08-31,91,5
2026-09-01T23:46:35+02:00,7202-5107-106__2026-08-31,81,4
2026-09-01T23:46:35+02:00,7202-5309-102__2026-08-31,94,2
2026-09-01T23:46:35+02:00,7202-6108-101__2026-08-31,40,1
2026-09-01T23:46:35+02:00,7505-0806-006__2026-08-31,316,2
2026-09-01T23:46:35+02:00,1407-6608-003__2026-08-31,286,3
2026-09-01T23:46:35+02:00,2118-0403-069__2026-08-31,96,2
2026-09-01T23:46:35+02:00,3622-9907-032__2026-08-31,1140,5
2026-09-01T23:46:35+02:00,3622-9909-008__2026-08-31,1280,6
2026-09-01T23:46:35+02:00,4415-0106-066__2026-08-31,753,6
2026-09-01T23:46:35+02:00,5102-3505-007__2026-08-31,0,0
2026-09-01T23:46:35+02:00,5201-0104-014__2026-08-31,96,1
2026-09-01T23:46:35+02:00,5201-0502-002__2026-08-31,262,6
2026-09-01T23:46:35+02:00,6202-1503-002__2026-08-31,785,3
2026-09-01T23:46:35+02:00,6202-3201-006__2026-08-31,281,3
2026-09-01T23:46:35+02:00,6202-4804-006__2026-08-31,738,8
2026-09-01T23:46:35+02:00,6404-0304-022__2026-08-31,568,11
2026-09-01T23:46:35+02:00,7202-4710-106__2026-08-31,70,2
2026-09-01T23:46:35+02:00,7202-5707-107__2026-08-31,40,1
2026-09-01T23:46:35+02:00,7404-2202-003__2026-08-31,89,3
2026-09-01T23:46:35+02:00,7505-1304-018__2026-08-31,709,15
2026-09-01T23:46:35+02:00,7505-1305-022__2026-08-31,90,2
2026-09-01T23:46:35+02:00,7505-1405-020__2026-08-31,62,3
2026-09-01T23:46:35+02:00,7707-0307-003__2026-08-31,143,4
2026-09-01T23:46:35+02:00,7707-0401-001__2026-08-31,379,4
2026-09-01T23:46:35+02:00,7707-0407-013__2026-08-31,143,3
2026-09-01T23:46:35+02:00,7707-1201-005__2026-08-31,89,1
2026-09-01T23:46:35+02:00,3622-9905-001__2026-08-31,749,7
2026-09-01T23:46:35+02:00,5201-0103-011__2026-08-31,71,4
2026-09-01T23:46:35+02:00,5201-0105-050__2026-08-31,71,3
2026-09-01T23:46:35+02:00,6202-2201-004__2026-08-31,785,3
2026-09-01T23:46:35+02:00,7303-3206-004__2026-08-31,862,7
2026-09-01T23:46:35+02:00,7909-0103-002__2026-08-31,81,2
2026-09-01T23:46:35+02:00,2118-0403-076__2026-08-31,96,3
2026-09-01T23:46:35+02:00,2118-0404-068__2026-08-31,227,7
2026-09-01T23:46:35+02:00,2118-0405-045__2026-08-31,100,5
2026-09-01T23:46:35+02:00,3622-9908-040__2026-08-31,1280,8
2026-09-01T23:46:35+02:00,5102-3508-014__2026-08-31,230,3
2026-09-02T02:14:03+02:00,1106-2306-007__2026-09-01,93,5
2026-09-02T02:14:03+02:00,5201-0104-007__2026-09-01,93,5
2026-09-02T02:14:03+02:00,5201-0105-055__2026-09-01,93,4
2026-09-02T02:14:03+02:00,5201-0109-050__2026-09-01,91,2
2026-09-02T02:14:03+02:00,7303-3108-003__2026-09-01,852,10
2026-09-02T02:14:03+02:00,1106-2307-018__2026-08-31,95,4
2026-09-02T02:14:03+02:00,2118-0405-068__2026-08-31,379,6
2026-09-02T02:14:03+02:00,3622-9907-056__2026-08-31,1281,11
2026-09-02T02:14:03+02:00,5102-3606-012__2026-08-31,231,4
2026-09-02T02:14:03+02:00,5102-3607-011__2026-08-31,231,5
2026-09-02T02:14:03+02:00,5201-0105-024__2026-08-31,586,4
2026-09-02T02:14:03+02:00,5201-0109-020__2026-08-31,72,3
2026-09-02T02:14:03+02:00,7202-4904-107__2026-08-31,91,5
2026-09-02T02:14:03+02:00,7202-5107-106__2026-08-31,81,4
2026-09-02T02:14:03+02:00,7202-5309-102__2026-08-31,95,2
2026-09-02T02:14:03+02:00,7202-6108-101__2026-08-31,41,2
2026-09-02T02:14:03+02:00,7505-0806-006__2026-08-31,317,2
2026-09-02T02:14:03+02:00,1407-6608-003__2026-08-31,287,3
2026-09-02T02:14:03+02:00,2118-0403-069__2026-08-31,97,2
2026-09-02T02:14:03+02:00,3622-9907-032__2026-08-31,1141,6
2026-09-02T02:14:03+02:00,3622-9909-008__2026-08-31,1281,6
2026-09-02T02:14:03+02:00,4415-0106-066__2026-08-31,754,6
2026-09-02T02:14:03+02:00,5102-3505-007__2026-08-31,0,0
2026-09-02T02:14:03+02:00,5201-0104-014__2026-08-31,97,1
2026-09-02T02:14:03+02:00,5201-0502-002__2026-08-31,263,6
2026-09-02T02:14:03+02:00,6202-1503-002__2026-08-31,786,4
2026-09-02T02:14:03+02:00,6202-3201-006__2026-08-31,372,5
2026-09-02T02:14:03+02:00,6202-4804-006__2026-08-31,739,8
2026-09-02T02:14:03+02:00,6404-0304-022__2026-08-31,569,11
2026-09-02T02:14:03+02:00,7202-4710-106__2026-08-31,70,2
2026-09-02T02:14:03+02:00,7202-5707-107__2026-08-31,41,1
2026-09-02T02:14:03+02:00,7404-2202-003__2026-08-31,89,3
2026-09-02T02:14:03+02:00,7505-1304-018__2026-08-31,710,15
2026-09-02T02:14:03+02:00,7505-1305-022__2026-08-31,90,2
2026-09-02T02:14:03+02:00,7505-1405-020__2026-08-31,63,3
2026-09-02T02:14:03+02:00,7707-0307-003__2026-08-31,144,4
2026-09-02T02:14:03+02:00,7707-0401-001__2026-08-31,380,4
2026-09-02T02:14:03+02:00,7707-0407-013__2026-08-31,144,3
2026-09-02T02:14:03+02:00,7707-1201-005__2026-08-31,89,1
2026-09-02T02:14:03+02:00,3622-9905-001__2026-08-31,750,7
2026-09-02T02:14:03+02:00,5201-0103-011__2026-08-31,72,4
2026-09-02T02:14:03+02:00,5201-0105-050__2026-08-31,72,3
2026-09-02T02:14:03+02:00,6202-2201-004__2026-08-31,786,4
2026-09-02T02:14:03+02:00,7303-3206-004__2026-08-31,863,7
2026-09-02T02:14:03+02:00,7909-0103-002__2026-08-31,81,2
2026-09-02T02:14:03+02:00,2118-0403-076__2026-08-31,97,3
2026-09-02T02:14:03+02:00,2118-0404-068__2026-08-31,228,7
2026-09-02T02:14:03+02:00,2118-0405-045__2026-08-31,101,5
2026-09-02T02:14:03+02:00,3622-9908-040__2026-08-31,1281,8
2026-09-02T02:14:03+02:00,5102-3508-014__2026-08-31,231,4
2026-09-02T06:36:56+02:00,1106-2306-007__2026-09-01,93,5
2026-09-02T06:36:56+02:00,5201-0104-007__2026-09-01,93,5
2026-09-02T06:36:56+02:00,5201-0105-055__2026-09-01,93,4
2026-09-02T06:36:56+02:00,5201-0109-050__2026-09-01,91,2
2026-09-02T06:36:56+02:00,7303-3108-003__2026-09-01,852,10
2026-09-02T06:36:56+02:00,1106-2307-018__2026-08-31,95,4
2026-09-02T06:36:56+02:00,2118-0405-068__2026-08-31,379,6
2026-09-02T06:36:56+02:00,3622-9907-056__2026-08-31,1281,11
2026-09-02T06:36:56+02:00,5102-3606-012__2026-08-31,231,4
2026-09-02T06:36:56+02:00,5102-3607-011__2026-08-31,231,5
2026-09-02T06:36:56+02:00,5201-0105-024__2026-08-31,586,4
2026-09-02T06:36:56+02:00,5201-0109-020__2026-08-31,72,3
2026-09-02T06:36:56+02:00,7202-4904-107__2026-08-31,91,5
2026-09-02T06:36:56+02:00,7202-5107-106__2026-08-31,81,4
2026-09-02T06:36:56+02:00,7202-5309-102__2026-08-31,95,2
2026-09-02T06:36:56+02:00,7202-6108-101__2026-08-31,41,2
2026-09-02T06:36:56+02:00,7505-0806-006__2026-08-31,317,2
2026-09-02T06:36:56+02:00,1407-6608-003__2026-08-31,287,3
2026-09-02T06:36:56+02:00,2118-0403-069__2026-08-31,97,2
2026-09-02T06:36:56+02:00,3622-9907-032__2026-08-31,1141,6
2026-09-02T06:36:56+02:00,3622-9909-008__2026-08-31,1281,6
2026-09-02T06:36:56+02:00,4415-0106-066__2026-08-31,754,6
2026-09-02T06:36:56+02:00,5102-3505-007__2026-08-31,0,0
2026-09-02T06:36:56+02:00,5201-0104-014__2026-08-31,97,1
2026-09-02T06:36:56+02:00,5201-0502-002__2026-08-31,263,6
2026-09-02T06:36:56+02:00,6202-1503-002__2026-08-31,786,4
2026-09-02T06:36:56+02:00,6202-3201-006__2026-08-31,372,5
2026-09-02T06:36:56+02:00,6202-4804-006__2026-08-31,739,8
2026-09-02T06:36:56+02:00,6404-0304-022__2026-08-31,569,12
2026-09-02T06:36:56+02:00,7202-4710-106__2026-08-31,70,2
2026-09-02T06:36:56+02:00,7202-5707-107__2026-08-31,41,1
2026-09-02T06:36:56+02:00,7404-2202-003__2026-08-31,89,3
2026-09-02T06:36:56+02:00,7505-1304-018__2026-08-31,710,15
2026-09-02T06:36:56+02:00,7505-1305-022__2026-08-31,90,2
2026-09-02T06:36:56+02:00,7505-1405-020__2026-08-31,63,3
2026-09-02T06:36:56+02:00,7707-0307-003__2026-08-31,144,4
2026-09-02T06:36:56+02:00,7707-0401-001__2026-08-31,380,4
2026-09-02T06:36:56+02:00,7707-0407-013__2026-08-31,144,3
2026-09-02T06:36:56+02:00,7707-1201-005__2026-08-31,89,1
2026-09-02T06:36:56+02:00,3622-9905-001__2026-08-31,750,7
2026-09-02T06:36:56+02:00,5201-0103-011__2026-08-31,72,4
2026-09-02T06:36:56+02:00,5201-0105-050__2026-08-31,72,3
2026-09-02T06:36:56+02:00,6202-2201-004__2026-08-31,786,4
2026-09-02T06:36:56+02:00,7303-3206-004__2026-08-31,863,7
2026-09-02T06:36:56+02:00,7909-0103-002__2026-08-31,81,2
2026-09-02T06:36:56+02:00,2118-0403-076__2026-08-31,97,3
2026-09-02T06:36:56+02:00,2118-0404-068__2026-08-31,228,7
2026-09-02T06:36:56+02:00,2118-0405-045__2026-08-31,101,5
2026-09-02T06:36:56+02:00,3622-9908-040__2026-08-31,1281,8
2026-09-02T06:36:56+02:00,5102-3508-014__2026-08-31,231,4
2026-09-02T11:37:05+02:00,1106-2307-018__2026-08-31,95,6
2026-09-02T11:37:05+02:00,2118-0405-068__2026-08-31,379,6
2026-09-02T11:37:05+02:00,3622-9907-056__2026-08-31,1281,14
2026-09-02T11:37:05+02:00,5102-3606-012__2026-08-31,231,4
2026-09-02T11:37:05+02:00,5102-3607-011__2026-08-31,231,5
2026-09-02T11:37:05+02:00,5201-0105-024__2026-08-31,586,4
2026-09-02T11:37:05+02:00,5201-0109-020__2026-08-31,72,4
2026-09-02T11:37:05+02:00,7202-4904-107__2026-08-31,93,6
2026-09-02T11:37:05+02:00,7202-5107-106__2026-08-31,93,5
2026-09-02T11:37:05+02:00,7202-5309-102__2026-08-31,95,2
2026-09-02T11:37:05+02:00,7202-6108-101__2026-08-31,76,3
2026-09-02T11:37:05+02:00,7505-0806-006__2026-08-31,317,3
2026-09-02T11:37:05+02:00,1407-6608-003__2026-08-31,287,3
2026-09-02T11:37:05+02:00,2118-0403-069__2026-08-31,97,3
2026-09-02T11:37:05+02:00,3622-9907-032__2026-08-31,1141,6
2026-09-02T11:37:05+02:00,3622-9909-008__2026-08-31,1281,8
2026-09-02T11:37:05+02:00,4415-0106-066__2026-08-31,754,6
2026-09-02T11:37:05+02:00,5102-3505-007__2026-08-31,0,0
2026-09-02T11:37:05+02:00,5201-0104-014__2026-08-31,97,1
2026-09-02T11:37:05+02:00,5201-0502-002__2026-08-31,395,7
2026-09-02T11:37:05+02:00,6202-1503-002__2026-08-31,786,5
2026-09-02T11:37:05+02:00,6202-3201-006__2026-08-31,372,5
2026-09-02T11:37:05+02:00,6202-4804-006__2026-08-31,739,11
2026-09-02T11:37:05+02:00,6404-0304-022__2026-08-31,569,13
2026-09-02T11:37:05+02:00,7202-4710-106__2026-08-31,70,2
2026-09-02T11:37:05+02:00,7202-5707-107__2026-08-31,217,2
2026-09-02T11:37:05+02:00,7404-2202-003__2026-08-31,89,4
2026-09-02T11:37:05+02:00,7505-1304-018__2026-08-31,710,15
2026-09-02T11:37:05+02:00,7505-1305-022__2026-08-31,90,2
2026-09-02T11:37:05+02:00,7505-1405-020__2026-08-31,76,6
2026-09-02T11:37:05+02:00,7707-0307-003__2026-08-31,144,4
2026-09-02T11:37:05+02:00,7707-0401-001__2026-08-31,395,6
2026-09-02T11:37:05+02:00,7707-0407-013__2026-08-31,144,3
2026-09-02T11:37:05+02:00,7707-1201-005__2026-08-31,89,1
2026-09-02T11:37:05+02:00,3622-9905-001__2026-08-31,750,7
2026-09-02T11:37:05+02:00,5201-0103-011__2026-08-31,72,4
2026-09-02T11:37:05+02:00,5201-0105-050__2026-08-31,72,3
2026-09-02T11:37:05+02:00,6202-2201-004__2026-08-31,786,4
2026-09-02T11:37:05+02:00,7303-3206-004__2026-08-31,863,8
2026-09-02T11:37:05+02:00,7909-0103-002__2026-08-31,81,2
2026-09-02T11:37:05+02:00,2118-0403-076__2026-08-31,97,3
2026-09-02T11:37:05+02:00,2118-0404-068__2026-08-31,228,7
2026-09-02T11:37:05+02:00,2118-0405-045__2026-08-31,101,5
2026-09-02T11:37:05+02:00,3622-9908-040__2026-08-31,1281,8
2026-09-02T11:37:05+02:00,5102-3508-014__2026-08-31,231,4
2026-09-02T16:29:05+02:00,5201-0109-050__2026-09-02,2,2
2026-09-02T16:29:05+02:00,6202-4803-007__2026-09-02,312,3
2026-09-02T16:29:05+02:00,1106-2307-018__2026-08-31,95,6
2026-09-02T16:29:05+02:00,2118-0405-068__2026-08-31,379,6
2026-09-02T16:29:05+02:00,3622-9907-056__2026-08-31,1281,15
2026-09-02T16:29:05+02:00,5102-3606-012__2026-08-31,231,4
2026-09-02T16:29:05+02:00,5102-3607-011__2026-08-31,231,5
2026-09-02T16:29:05+02:00,5201-0105-024__2026-08-31,586,4
2026-09-02T16:29:05+02:00,5201-0109-020__2026-08-31,72,4
2026-09-02T16:29:05+02:00,7202-4904-107__2026-08-31,93,6
2026-09-02T16:29:05+02:00,7202-5107-106__2026-08-31,93,5
2026-09-02T16:29:05+02:00,7202-5309-102__2026-08-31,95,2
2026-09-02T16:29:05+02:00,7202-6108-101__2026-08-31,76,4
2026-09-02T16:29:05+02:00,7505-0806-006__2026-08-31,317,3
2026-09-02T16:29:05+02:00,1407-6608-003__2026-08-31,287,3
2026-09-02T16:29:05+02:00,2118-0403-069__2026-08-31,97,3
2026-09-02T16:29:05+02:00,3622-9907-032__2026-08-31,1141,6
2026-09-02T16:29:05+02:00,3622-9909-008__2026-08-31,1281,8
2026-09-02T16:29:05+02:00,4415-0106-066__2026-08-31,754,6
2026-09-02T16:29:05+02:00,5102-3505-007__2026-08-31,0,0
2026-09-02T16:29:05+02:00,5201-0104-014__2026-08-31,97,1
2026-09-02T16:29:05+02:00,5201-0502-002__2026-08-31,395,7
2026-09-02T16:29:05+02:00,6202-1503-002__2026-08-31,786,5
2026-09-02T16:29:05+02:00,6202-3201-006__2026-08-31,372,5
2026-09-02T16:29:05+02:00,6202-4804-006__2026-08-31,739,11
2026-09-02T16:29:05+02:00,6404-0304-022__2026-08-31,569,13
2026-09-02T16:29:05+02:00,7202-4710-106__2026-08-31,70,3
2026-09-02T16:29:05+02:00,7202-5707-107__2026-08-31,217,2
2026-09-02T16:29:05+02:00,7404-2202-003__2026-08-31,90,4
2026-09-02T16:29:05+02:00,7505-1304-018__2026-08-31,710,15
2026-09-02T16:29:05+02:00,7505-1305-022__2026-08-31,90,4
2026-09-02T16:29:05+02:00,7505-1405-020__2026-08-31,76,7
2026-09-02T16:29:05+02:00,7707-0307-003__2026-08-31,144,4
2026-09-02T16:29:05+02:00,7707-0401-001__2026-08-31,409,8
2026-09-02T16:29:05+02:00,7707-0407-013__2026-08-31,144,3
2026-09-02T16:29:05+02:00,7707-1201-005__2026-08-31,89,1
2026-09-02T16:29:05+02:00,3622-9905-001__2026-08-31,750,8
2026-09-02T16:29:05+02:00,5201-0103-011__2026-08-31,72,4
2026-09-02T16:29:05+02:00,5201-0105-050__2026-08-31,72,3
2026-09-02T16:29:05+02:00,6202-2201-004__2026-08-31,786,4
2026-09-02T16:29:05+02:00,7303-3206-004__2026-08-31,863,8
2026-09-02T16:29:05+02:00,7909-0103-002__2026-08-31,81,3
2026-09-02T16:29:05+02:00,2118-0403-076__2026-08-31,97,3
2026-09-02T16:29:05+02:00,2118-0404-068__2026-08-31,228,7
2026-09-02T16:29:05+02:00,2118-0405-045__2026-08-31,101,6
2026-09-02T16:29:05+02:00,3622-9908-040__2026-08-31,1281,8
2026-09-02T16:29:05+02:00,5102-3508-014__2026-08-31,231,4
2026-09-02T20:42:09+02:00,5201-0109-050__2026-09-02,91,3
2026-09-02T20:42:09+02:00,6202-4803-007__2026-09-02,449,7
2026-09-02T20:42:09+02:00,1106-2307-018__2026-08-31,95,6
2026-09-02T20:42:09+02:00,2118-0405-068__2026-08-31,379,6
2026-09-02T20:42:09+02:00,3622-9907-056__2026-08-31,1281,19
2026-09-02T20:42:09+02:00,5102-3606-012__2026-08-31,231,3
2026-09-02T20:42:09+02:00,5102-3607-011__2026-08-31,231,4
2026-09-02T20:42:09+02:00,5201-0105-024__2026-08-31,586,4
2026-09-02T20:42:09+02:00,5201-0109-020__2026-08-31,72,4
2026-09-02T20:42:09+02:00,7202-4904-107__2026-08-31,81,4
2026-09-02T20:42:09+02:00,7202-5107-106__2026-08-31,81,5
2026-09-02T20:42:09+02:00,7202-5309-102__2026-08-31,95,3
2026-09-02T20:42:09+02:00,7202-6108-101__2026-08-31,76,4
2026-09-02T20:42:09+02:00,7505-0806-006__2026-08-31,317,3
2026-09-02T20:42:09+02:00,1407-6608-003__2026-08-31,287,3
2026-09-02T20:42:09+02:00,2118-0403-069__2026-08-31,97,3
2026-09-02T20:42:09+02:00,3622-9907-032__2026-08-31,1141,7
2026-09-02T20:42:09+02:00,3622-9909-008__2026-08-31,1281,9
2026-09-02T20:42:09+02:00,4415-0106-066__2026-08-31,754,6
2026-09-02T20:42:09+02:00,5102-3505-007__2026-08-31,249,1
2026-09-02T20:42:09+02:00,5201-0104-014__2026-08-31,64,2
2026-09-02T20:42:09+02:00,5201-0502-002__2026-08-31,395,7
2026-09-02T20:42:09+02:00,6202-1503-002__2026-08-31,786,4
2026-09-02T20:42:09+02:00,6202-3201-006__2026-08-31,372,5
2026-09-02T20:42:09+02:00,6202-4804-006__2026-08-31,739,11
2026-09-02T20:42:09+02:00,6404-0304-022__2026-08-31,569,13
2026-09-02T20:42:09+02:00,7202-4710-106__2026-08-31,76,5
2026-09-02T20:42:09+02:00,7202-5707-107__2026-08-31,217,2
2026-09-02T20:42:09+02:00,7404-2202-003__2026-08-31,90,4
2026-09-02T20:42:09+02:00,7505-1304-018__2026-08-31,710,15
2026-09-02T20:42:09+02:00,7505-1305-022__2026-08-31,90,4
2026-09-02T20:42:09+02:00,7505-1405-020__2026-08-31,76,7
2026-09-02T20:42:09+02:00,7707-0307-003__2026-08-31,144,4
2026-09-02T20:42:09+02:00,7707-0401-001__2026-08-31,409,8
2026-09-02T20:42:09+02:00,7707-0407-013__2026-08-31,144,3
2026-09-02T20:42:09+02:00,7707-1201-005__2026-08-31,89,1
2026-09-02T20:42:09+02:00,3622-9905-001__2026-08-31,988,11
2026-09-02T20:42:09+02:00,5201-0103-011__2026-08-31,72,4
2026-09-02T20:42:09+02:00,5201-0105-050__2026-08-31,72,3
2026-09-02T20:42:09+02:00,6202-2201-004__2026-08-31,786,4
2026-09-02T20:42:09+02:00,7303-3206-004__2026-08-31,863,8
2026-09-02T20:42:09+02:00,7909-0103-002__2026-08-31,81,4
2026-09-02T20:42:09+02:00,2118-0403-076__2026-08-31,97,3
2026-09-02T20:42:09+02:00,2118-0404-068__2026-08-31,228,7
2026-09-02T20:42:09+02:00,2118-0405-045__2026-08-31,101,6
2026-09-02T20:42:09+02:00,3622-9908-040__2026-08-31,1281,9
2026-09-02T20:42:09+02:00,5102-3508-014__2026-08-31,231,4
2026-09-02T23:49:15+02:00,5201-0109-050__2026-09-02,91,3
2026-09-02T23:49:15+02:00,6202-4803-007__2026-09-02,449,7
2026-09-02T23:49:15+02:00,1106-2307-018__2026-08-31,95,6
2026-09-02T23:49:15+02:00,2118-0405-068__2026-08-31,379,7
2026-09-02T23:49:15+02:00,3622-9907-056__2026-08-31,1281,18
2026-09-02T23:49:15+02:00,5102-3606-012__2026-08-31,101,2
2026-09-02T23:49:15+02:00,5102-3607-011__2026-08-31,101,3
2026-09-02T23:49:15+02:00,5201-0105-024__2026-08-31,70,2
2026-09-02T23:49:15+02:00,5201-0109-020__2026-08-31,72,4
2026-09-02T23:49:15+02:00,7202-4904-107__2026-08-31,81,5
2026-09-02T23:49:15+02:00,7202-5107-106__2026-08-31,81,5
2026-09-02T23:49:15+02:00,7202-5309-102__2026-08-31,95,5
2026-09-02T23:49:15+02:00,7202-6108-101__2026-08-31,76,5
2026-09-02T23:49:15+02:00,7505-0806-006__2026-08-31,317,3
2026-09-02T23:49:15+02:00,1407-6608-003__2026-08-31,287,3
2026-09-02T23:49:15+02:00,2118-0403-069__2026-08-31,98,4
2026-09-02T23:49:15+02:00,3622-9907-032__2026-08-31,1141,7
2026-09-02T23:49:15+02:00,3622-9909-008__2026-08-31,1281,9
2026-09-02T23:49:15+02:00,4415-0106-066__2026-08-31,754,6
2026-09-02T23:49:15+02:00,5102-3505-007__2026-08-31,249,1
2026-09-02T23:49:15+02:00,5201-0104-014__2026-08-31,64,2
2026-09-02T23:49:15+02:00,5201-0502-002__2026-08-31,395,6
2026-09-02T23:49:15+02:00,6202-1503-002__2026-08-31,786,5
2026-09-02T23:49:15+02:00,6202-3201-006__2026-08-31,372,5
2026-09-02T23:49:15+02:00,6202-4804-006__2026-08-31,1143,14
2026-09-02T23:49:15+02:00,6404-0304-022__2026-08-31,1371,16
2026-09-02T23:49:15+02:00,7202-4710-106__2026-08-31,76,5
2026-09-02T23:49:15+02:00,7202-5707-107__2026-08-31,217,2
2026-09-02T23:49:15+02:00,7404-2202-003__2026-08-31,89,4
2026-09-02T23:49:15+02:00,7505-1304-018__2026-08-31,710,15
2026-09-02T23:49:15+02:00,7505-1305-022__2026-08-31,91,5
2026-09-02T23:49:15+02:00,7505-1405-020__2026-08-31,76,7
2026-09-02T23:49:15+02:00,7707-0307-003__2026-08-31,144,4
2026-09-02T23:49:15+02:00,7707-0401-001__2026-08-31,409,8
2026-09-02T23:49:15+02:00,7707-0407-013__2026-08-31,144,3
2026-09-02T23:49:15+02:00,7707-1201-005__2026-08-31,89,1
2026-09-02T23:49:15+02:00,3622-9905-001__2026-08-31,1281,12
2026-09-02T23:49:15+02:00,5201-0103-011__2026-08-31,72,4
2026-09-02T23:49:15+02:00,5201-0105-050__2026-08-31,72,3
2026-09-02T23:49:15+02:00,6202-2201-004__2026-08-31,786,4
2026-09-02T23:49:15+02:00,7303-3206-004__2026-08-31,863,9
2026-09-02T23:49:15+02:00,7909-0103-002__2026-08-31,81,4
2026-09-02T23:49:15+02:00,2118-0403-076__2026-08-31,98,4
2026-09-02T23:49:15+02:00,2118-0404-068__2026-08-31,402,8
2026-09-02T23:49:15+02:00,2118-0405-045__2026-08-31,101,6
2026-09-02T23:49:15+02:00,3622-9908-040__2026-08-31,379,10
2026-09-02T23:49:15+02:00,5102-3508-014__2026-08-31,231,4
2026-09-03T02:15:28+02:00,5201-0109-050__2026-09-02,92,3
2026-09-03T02:15:28+02:00,6202-4803-007__2026-09-02,450,9
2026-09-03T02:15:28+02:00,1106-2307-018__2026-08-31,96,6
2026-09-03T02:15:28+02:00,2118-0405-068__2026-08-31,380,7
2026-09-03T02:15:28+02:00,3622-9907-056__2026-08-31,1282,18
2026-09-03T02:15:28+02:00,5102-3606-012__2026-08-31,102,2
2026-09-03T02:15:28+02:00,5102-3607-011__2026-08-31,102,3
2026-09-03T02:15:28+02:00,5201-0105-024__2026-08-31,71,3
2026-09-03T02:15:28+02:00,5201-0109-020__2026-08-31,73,4
2026-09-03T02:15:28+02:00,7202-4904-107__2026-08-31,81,5
2026-09-03T02:15:28+02:00,7202-5107-106__2026-08-31,81,5
2026-09-03T02:15:28+02:00,7202-5309-102__2026-08-31,96,5
2026-09-03T02:15:28+02:00,7202-6108-101__2026-08-31,77,5
2026-09-03T02:15:28+02:00,7505-0806-006__2026-08-31,318,3
2026-09-03T02:15:28+02:00,1407-6608-003__2026-08-31,288,3
2026-09-03T02:15:28+02:00,2118-0403-069__2026-08-31,99,4
2026-09-03T02:15:28+02:00,3622-9907-032__2026-08-31,1142,7
2026-09-03T02:15:28+02:00,3622-9909-008__2026-08-31,1282,9
2026-09-03T02:15:28+02:00,4415-0106-066__2026-08-31,755,6
2026-09-03T02:15:28+02:00,5102-3505-007__2026-08-31,250,1
2026-09-03T02:15:28+02:00,5201-0104-014__2026-08-31,71,3
2026-09-03T02:15:28+02:00,5201-0502-002__2026-08-31,396,7
2026-09-03T02:15:28+02:00,6202-1503-002__2026-08-31,787,5
2026-09-03T02:15:28+02:00,6202-3201-006__2026-08-31,373,5
2026-09-03T02:15:28+02:00,6202-4804-006__2026-08-31,1144,14
2026-09-03T02:15:28+02:00,6404-0304-022__2026-08-31,1372,16
2026-09-03T02:15:28+02:00,7202-4710-106__2026-08-31,77,5
2026-09-03T02:15:28+02:00,7202-5707-107__2026-08-31,218,2
2026-09-03T02:15:28+02:00,7404-2202-003__2026-08-31,91,4
2026-09-03T02:15:28+02:00,7505-1304-018__2026-08-31,711,15
2026-09-03T02:15:28+02:00,7505-1305-022__2026-08-31,92,5
2026-09-03T02:15:28+02:00,7505-1405-020__2026-08-31,77,7
2026-09-03T02:15:28+02:00,7707-0307-003__2026-08-31,145,4
2026-09-03T02:15:28+02:00,7707-0401-001__2026-08-31,410,8
2026-09-03T02:15:28+02:00,7707-0407-013__2026-08-31,145,3
2026-09-03T02:15:28+02:00,7707-1201-005__2026-08-31,89,1
2026-09-03T02:15:28+02:00,3622-9905-001__2026-08-31,1282,12
2026-09-03T02:15:28+02:00,5201-0103-011__2026-08-31,73,4
2026-09-03T02:15:28+02:00,5201-0105-050__2026-08-31,73,3
2026-09-03T02:15:28+02:00,6202-2201-004__2026-08-31,787,4
2026-09-03T02:15:28+02:00,7303-3206-004__2026-08-31,864,9
2026-09-03T02:15:28+02:00,7909-0103-002__2026-08-31,81,4
2026-09-03T02:15:28+02:00,2118-0403-076__2026-08-31,99,4
2026-09-03T02:15:28+02:00,2118-0404-068__2026-08-31,403,8
2026-09-03T02:15:28+02:00,2118-0405-045__2026-08-31,102,6
2026-09-03T02:15:28+02:00,3622-9908-040__2026-08-31,380,11
2026-09-03T02:15:28+02:00,5102-3508-014__2026-08-31,232,4
2026-09-03T06:37:23+02:00,5201-0109-050__2026-09-02,92,3
2026-09-03T06:37:23+02:00,6202-4803-007__2026-09-02,450,9
2026-09-03T06:37:23+02:00,1106-2307-018__2026-08-31,96,7
2026-09-03T06:37:23+02:00,2118-0405-068__2026-08-31,380,7
2026-09-03T06:37:23+02:00,3622-9907-056__2026-08-31,1282,18
2026-09-03T06:37:23+02:00,5102-3606-012__2026-08-31,102,2
2026-09-03T06:37:23+02:00,5102-3607-011__2026-08-31,102,3
2026-09-03T06:37:23+02:00,5201-0105-024__2026-08-31,71,3
2026-09-03T06:37:23+02:00,5201-0109-020__2026-08-31,73,4
2026-09-03T06:37:23+02:00,7202-4904-107__2026-08-31,81,5
2026-09-03T06:37:23+02:00,7202-5107-106__2026-08-31,81,5
2026-09-03T06:37:23+02:00,7202-5309-102__2026-08-31,96,5
2026-09-03T06:37:23+02:00,7202-6108-101__2026-08-31,77,5
2026-09-03T06:37:23+02:00,7505-0806-006__2026-08-31,318,3
2026-09-03T06:37:23+02:00,1407-6608-003__2026-08-31,288,3
2026-09-03T06:37:23+02:00,2118-0403-069__2026-08-31,99,4
2026-09-03T06:37:23+02:00,3622-9907-032__2026-08-31,1142,7
2026-09-03T06:37:23+02:00,3622-9909-008__2026-08-31,1282,9
2026-09-03T06:37:23+02:00,4415-0106-066__2026-08-31,755,6
2026-09-03T06:37:23+02:00,5102-3505-007__2026-08-31,250,1
2026-09-03T06:37:23+02:00,5201-0104-014__2026-08-31,71,3
2026-09-03T06:37:23+02:00,5201-0502-002__2026-08-31,396,7
2026-09-03T06:37:23+02:00,6202-1503-002__2026-08-31,787,5
2026-09-03T06:37:23+02:00,6202-3201-006__2026-08-31,373,5
2026-09-03T06:37:23+02:00,6202-4804-006__2026-08-31,1144,14
2026-09-03T06:37:23+02:00,6404-0304-022__2026-08-31,1372,16
2026-09-03T06:37:23+02:00,7202-4710-106__2026-08-31,77,5
2026-09-03T06:37:23+02:00,7202-5707-107__2026-08-31,218,2
2026-09-03T06:37:23+02:00,7404-2202-003__2026-08-31,91,4
2026-09-03T06:37:23+02:00,7505-1304-018__2026-08-31,711,15
2026-09-03T06:37:23+02:00,7505-1305-022__2026-08-31,92,5
2026-09-03T06:37:23+02:00,7505-1405-020__2026-08-31,77,7
2026-09-03T06:37:23+02:00,7707-0307-003__2026-08-31,145,4
2026-09-03T06:37:23+02:00,7707-0401-001__2026-08-31,410,8
2026-09-03T06:37:23+02:00,7707-0407-013__2026-08-31,145,3
2026-09-03T06:37:23+02:00,7707-1201-005__2026-08-31,89,1
2026-09-03T06:37:23+02:00,3622-9905-001__2026-08-31,1282,12
2026-09-03T06:37:23+02:00,5201-0103-011__2026-08-31,73,4
2026-09-03T06:37:23+02:00,5201-0105-050__2026-08-31,73,3
2026-09-03T06:37:23+02:00,6202-2201-004__2026-08-31,787,4
2026-09-03T06:37:23+02:00,7303-3206-004__2026-08-31,864,9
2026-09-03T06:37:23+02:00,7909-0103-002__2026-08-31,81,4
2026-09-03T06:37:23+02:00,2118-0403-076__2026-08-31,99,4
2026-09-03T06:37:23+02:00,2118-0404-068__2026-08-31,403,7
2026-09-03T06:37:23+02:00,2118-0405-045__2026-08-31,102,6
2026-09-03T06:37:23+02:00,3622-9908-040__2026-08-31,380,11
2026-09-03T06:37:23+02:00,5102-3508-014__2026-08-31,232,4
2026-09-03T11:50:54+02:00,5201-0108-008__2026-09-03,0,0
2026-09-03T11:50:54+02:00,7202-5103-101__2026-09-03,17,2
2026-09-03T11:50:54+02:00,2118-0403-003__2026-09-03,0,0
2026-09-03T11:50:54+02:00,3622-9910-013__2026-09-03,108,1
2026-09-03T11:50:54+02:00,5201-0109-015__2026-09-03,0,0
2026-09-03T11:50:54+02:00,5201-0504-022__2026-09-03,108,2
2026-09-03T11:50:54+02:00,7202-4705-101__2026-09-03,86,2
2026-09-03T11:50:54+02:00,7505-0806-009__2026-09-03,0,0
2026-09-03T11:50:54+02:00,7606-1803-025__2026-09-03,0,0
2026-09-03T11:50:54+02:00,1202-1108-001__2026-09-03,889,2
2026-09-03T11:50:54+02:00,4306-4603-009__2026-09-03,0,0
2026-09-03T11:50:54+02:00,4415-0104-058__2026-09-03,1,1
2026-09-03T11:50:54+02:00,4415-0108-073__2026-09-03,127,2
2026-09-03T11:50:54+02:00,4703-1509-1805__2026-09-03,127,1
2026-09-03T11:50:54+02:00,5201-0103-049__2026-09-03,0,0
2026-09-03T11:50:54+02:00,5201-0106-017__2026-09-03,0,0
2026-09-03T11:50:54+02:00,6202-1105-1326__2026-09-03,0,0
2026-09-03T11:50:54+02:00,6202-1203-005__2026-09-03,74,1
2026-09-03T11:50:54+02:00,6202-4105-022__2026-09-03,0,0
2026-09-03T11:50:54+02:00,6404-0202-011__2026-09-03,463,3
2026-09-03T11:50:54+02:00,6404-0302-008__2026-09-03,570,3
2026-09-03T11:50:54+02:00,6404-8201-009__2026-09-03,104,1
2026-09-03T11:50:54+02:00,7101-5103-010__2026-09-03,0,2
2026-09-03T11:50:54+02:00,7101-5106-022__2026-09-03,382,2
2026-09-03T11:50:54+02:00,7505-0703-004__2026-09-03,0,0
2026-09-03T11:50:54+02:00,7404-2305-006__2026-09-03,69,1
2026-09-03T11:50:54+02:00,7808-0204-012__2026-09-03,71,1
2026-09-03T11:50:54+02:00,6303-6202-002__2026-09-03,74,1
2026-09-03T11:50:54+02:00,8303-010010071__2026-09-03,2021,2
2026-09-03T11:50:54+02:00,5201-0503-020__2026-09-03,0,0
2026-09-03T11:50:54+02:00,2118-0404-079__2026-09-03,0,0
2026-09-03T11:50:54+02:00,3622-9906-046__2026-09-03,109,2
2026-09-03T11:50:54+02:00,7707-0408-005__2026-09-03,104,2
2026-09-03T11:50:54+02:00,7202-5109-108__2026-09-03,17,1
2026-09-03T11:50:54+02:00,5102-3601-003__2026-09-03,0,0
2026-09-03T11:50:54+02:00,2118-0404-052__2026-09-03,0,0
2026-09-03T11:50:54+02:00,7707-1104-006__2026-09-03,0,0
2026-09-03T16:34:01+02:00,5201-0108-008__2026-09-03,65,2
2026-09-03T16:34:01+02:00,7202-5103-101__2026-09-03,17,2
2026-09-03T16:34:01+02:00,2118-0403-003__2026-09-03,98,3
2026-09-03T16:34:01+02:00,3622-9910-013__2026-09-03,195,3
2026-09-03T16:34:01+02:00,5201-0109-015__2026-09-03,65,2
2026-09-03T16:34:01+02:00,5201-0504-022__2026-09-03,108,5
2026-09-03T16:34:01+02:00,7202-4705-101__2026-09-03,86,2
2026-09-03T16:34:01+02:00,7505-0806-009__2026-09-03,38,1
2026-09-03T16:34:01+02:00,7606-1803-025__2026-09-03,38,1
2026-09-03T16:34:01+02:00,1202-1108-001__2026-09-03,889,4
2026-09-03T16:34:01+02:00,4306-4603-009__2026-09-03,0,0
2026-09-03T16:34:01+02:00,4415-0104-058__2026-09-03,398,1
2026-09-03T16:34:01+02:00,4415-0108-073__2026-09-03,461,5
2026-09-03T16:34:01+02:00,4703-1509-1805__2026-09-03,437,2
2026-09-03T16:34:01+02:00,5201-0103-049__2026-09-03,92,1
2026-09-03T16:34:01+02:00,5201-0106-017__2026-09-03,38,1
2026-09-03T16:34:01+02:00,6202-1105-1326__2026-09-03,587,2
2026-09-03T16:34:01+02:00,6202-1203-005__2026-09-03,74,1
2026-09-03T16:34:01+02:00,6202-4105-022__2026-09-03,90,2
2026-09-03T16:34:01+02:00,6404-0202-011__2026-09-03,463,8
2026-09-03T16:34:01+02:00,6404-0302-008__2026-09-03,570,5
2026-09-03T16:34:01+02:00,6404-8201-009__2026-09-03,313,3
2026-09-03T16:34:01+02:00,7101-5103-010__2026-09-03,361,2
2026-09-03T16:34:01+02:00,7101-5106-022__2026-09-03,382,4
2026-09-03T16:34:01+02:00,7505-0703-004__2026-09-03,0,0
2026-09-03T16:34:01+02:00,7404-2305-006__2026-09-03,69,1
2026-09-03T16:34:01+02:00,7808-0204-012__2026-09-03,71,1
2026-09-03T16:34:01+02:00,6303-6202-002__2026-09-03,74,1
2026-09-03T16:34:01+02:00,8303-010010071__2026-09-03,2021,4
2026-09-03T16:34:01+02:00,5201-0503-020__2026-09-03,100,2
2026-09-03T16:34:01+02:00,2118-0404-079__2026-09-03,99,4
2026-09-03T16:34:01+02:00,3622-9906-046__2026-09-03,469,4
2026-09-03T16:34:01+02:00,7707-0408-005__2026-09-03,117,3
2026-09-03T16:34:01+02:00,7202-5109-108__2026-09-03,17,1
2026-09-03T16:34:01+02:00,5102-3601-003__2026-09-03,89,1
2026-09-03T16:34:01+02:00,2118-0404-052__2026-09-03,99,3
2026-09-03T16:34:01+02:00,7707-1104-006__2026-09-03,38,1
2026-09-03T16:34:01+02:00,7707-0406-014__2026-09-03,50,1
2026-09-03T16:34:01+02:00,6404-0201-005__2026-09-03,0,0
2026-09-03T20:38:06+02:00,5201-0108-008__2026-09-03,65,2
2026-09-03T20:38:06+02:00,7202-5103-101__2026-09-03,17,3
2026-09-03T20:38:06+02:00,2118-0403-003__2026-09-03,98,4
2026-09-03T20:38:06+02:00,3622-9910-013__2026-09-03,389,4
2026-09-03T20:38:06+02:00,5201-0109-015__2026-09-03,65,2
2026-09-03T20:38:06+02:00,5201-0504-022__2026-09-03,413,6
2026-09-03T20:38:06+02:00,7202-4705-101__2026-09-03,86,2
2026-09-03T20:38:06+02:00,7505-0806-009__2026-09-03,38,3
2026-09-03T20:38:06+02:00,7606-1803-025__2026-09-03,38,1
2026-09-03T20:38:06+02:00,1202-1108-001__2026-09-03,889,6
2026-09-03T20:38:06+02:00,4306-4603-009__2026-09-03,33,1
2026-09-03T20:38:06+02:00,4415-0104-058__2026-09-03,917,3
2026-09-03T20:38:06+02:00,4415-0108-073__2026-09-03,461,6
2026-09-03T20:38:06+02:00,4703-1509-1805__2026-09-03,437,2
2026-09-03T20:38:06+02:00,5201-0103-049__2026-09-03,92,1
2026-09-03T20:38:06+02:00,5201-0106-017__2026-09-03,38,1
2026-09-03T20:38:06+02:00,6202-1105-1326__2026-09-03,587,2
2026-09-03T20:38:06+02:00,6202-1203-005__2026-09-03,74,1
2026-09-03T20:38:06+02:00,6202-4105-022__2026-09-03,90,2
2026-09-03T20:38:06+02:00,6404-0202-011__2026-09-03,463,8
2026-09-03T20:38:06+02:00,6404-0302-008__2026-09-03,570,5
2026-09-03T20:38:06+02:00,6404-8201-009__2026-09-03,313,3
2026-09-03T20:38:06+02:00,7101-5103-010__2026-09-03,361,2
2026-09-03T20:38:06+02:00,7101-5106-022__2026-09-03,382,4
2026-09-03T20:38:06+02:00,7505-0703-004__2026-09-03,37,2
2026-09-03T20:38:06+02:00,7404-2305-006__2026-09-03,69,1
2026-09-03T20:38:06+02:00,7808-0204-012__2026-09-03,71,1
2026-09-03T20:38:06+02:00,6303-6202-002__2026-09-03,74,1
2026-09-03T20:38:06+02:00,8303-010010071__2026-09-03,2021,4
2026-09-03T20:38:06+02:00,5201-0503-020__2026-09-03,100,3
2026-09-03T20:38:06+02:00,2118-0404-079__2026-09-03,99,5
2026-09-03T20:38:06+02:00,3622-9906-046__2026-09-03,469,7
2026-09-03T20:38:06+02:00,7707-0408-005__2026-09-03,338,4
2026-09-03T20:38:06+02:00,7202-5109-108__2026-09-03,17,2
2026-09-03T20:38:06+02:00,5102-3601-003__2026-09-03,89,1
2026-09-03T20:38:06+02:00,2118-0404-052__2026-09-03,99,3
2026-09-03T20:38:06+02:00,7707-1104-006__2026-09-03,38,1
2026-09-03T20:38:06+02:00,7707-0406-014__2026-09-03,510,2
2026-09-03T20:38:06+02:00,6404-0201-005__2026-09-03,313,2
2026-09-03T20:38:06+02:00,6202-2201-004__2026-09-03,0,0
2026-09-03T23:42:35+02:00,5201-0108-008__2026-09-03,66,3
2026-09-03T23:42:35+02:00,7202-5103-101__2026-09-03,17,3
2026-09-03T23:42:35+02:00,2118-0403-003__2026-09-03,98,5
2026-09-03T23:42:35+02:00,3622-9910-013__2026-09-03,389,5
2026-09-03T23:42:35+02:00,5201-0109-015__2026-09-03,66,3
2026-09-03T23:42:35+02:00,5201-0504-022__2026-09-03,413,6
2026-09-03T23:42:35+02:00,7202-4705-101__2026-09-03,86,2
2026-09-03T23:42:35+02:00,7505-0806-009__2026-09-03,440,5
2026-09-03T23:42:35+02:00,7606-1803-025__2026-09-03,354,3
2026-09-03T23:42:35+02:00,1202-1108-001__2026-09-03,889,7
2026-09-03T23:42:35+02:00,4306-4603-009__2026-09-03,33,1
2026-09-03T23:42:35+02:00,4415-0104-058__2026-09-03,917,3
2026-09-03T23:42:35+02:00,4415-0108-073__2026-09-03,540,6
2026-09-03T23:42:35+02:00,4703-1509-1805__2026-09-03,437,3
2026-09-03T23:42:35+02:00,5201-0103-049__2026-09-03,92,1
2026-09-03T23:42:35+02:00,5201-0106-017__2026-09-03,38,1
2026-09-03T23:42:35+02:00,6202-1105-1326__2026-09-03,587,2
2026-09-03T23:42:35+02:00,6202-1203-005__2026-09-03,77,2
2026-09-03T23:42:35+02:00,6202-4105-022__2026-09-03,90,2
2026-09-03T23:42:35+02:00,6404-0202-011__2026-09-03,463,9
2026-09-03T23:42:35+02:00,6404-0302-008__2026-09-03,570,6
2026-09-03T23:42:35+02:00,6404-8201-009__2026-09-03,406,4
2026-09-03T23:42:35+02:00,7101-5103-010__2026-09-03,361,2
2026-09-03T23:42:35+02:00,7101-5106-022__2026-09-03,901,5
2026-09-03T23:42:35+02:00,7505-0703-004__2026-09-03,440,3
2026-09-03T23:42:35+02:00,7404-2305-006__2026-09-03,69,1
2026-09-03T23:42:35+02:00,7808-0204-012__2026-09-03,71,1
2026-09-03T23:42:35+02:00,6303-6202-002__2026-09-03,77,2
2026-09-03T23:42:35+02:00,8303-010010071__2026-09-03,2021,4
2026-09-03T23:42:35+02:00,5201-0503-020__2026-09-03,100,3
2026-09-03T23:42:35+02:00,2118-0404-079__2026-09-03,99,5
2026-09-03T23:42:35+02:00,3622-9906-046__2026-09-03,469,8
2026-09-03T23:42:35+02:00,7707-0408-005__2026-09-03,392,5
2026-09-03T23:42:35+02:00,7202-5109-108__2026-09-03,17,2
2026-09-03T23:42:35+02:00,5102-3601-003__2026-09-03,89,1
2026-09-03T23:42:35+02:00,2118-0404-052__2026-09-03,354,4
2026-09-03T23:42:35+02:00,7707-1104-006__2026-09-03,354,2
2026-09-03T23:42:35+02:00,7707-0406-014__2026-09-03,510,2
2026-09-03T23:42:35+02:00,6404-0201-005__2026-09-03,406,4
2026-09-03T23:42:35+02:00,6202-2201-004__2026-09-03,77,1
2026-09-04T02:06:00+02:00,5201-0108-008__2026-09-03,67,3
2026-09-04T02:06:00+02:00,7202-5103-101__2026-09-03,18,4
2026-09-04T02:06:00+02:00,2118-0403-003__2026-09-03,99,5
2026-09-04T02:06:00+02:00,3622-9910-013__2026-09-03,390,5
2026-09-04T02:06:00+02:00,5201-0109-015__2026-09-03,67,3
2026-09-04T02:06:00+02:00,5201-0504-022__2026-09-03,414,6
2026-09-04T02:06:00+02:00,7202-4705-101__2026-09-03,87,3
2026-09-04T02:06:00+02:00,7505-0806-009__2026-09-03,441,5
2026-09-04T02:06:00+02:00,7606-1803-025__2026-09-03,355,3
2026-09-04T02:06:00+02:00,1202-1108-001__2026-09-03,890,7
2026-09-04T02:06:00+02:00,4306-4603-009__2026-09-03,34,2
2026-09-04T02:06:00+02:00,4415-0104-058__2026-09-03,918,3
2026-09-04T02:06:00+02:00,4415-0108-073__2026-09-03,541,6
2026-09-04T02:06:00+02:00,4703-1509-1805__2026-09-03,438,3
2026-09-04T02:06:00+02:00,5201-0103-049__2026-09-03,93,1
2026-09-04T02:06:00+02:00,5201-0106-017__2026-09-03,39,1
2026-09-04T02:06:00+02:00,6202-1105-1326__2026-09-03,588,3
2026-09-04T02:06:00+02:00,6202-1203-005__2026-09-03,78,2
2026-09-04T02:06:00+02:00,6202-4105-022__2026-09-03,91,2
2026-09-04T02:06:00+02:00,6404-0202-011__2026-09-03,464,9
2026-09-04T02:06:00+02:00,6404-0302-008__2026-09-03,571,6
2026-09-04T02:06:00+02:00,6404-8201-009__2026-09-03,407,4
2026-09-04T02:06:00+02:00,7101-5103-010__2026-09-03,362,2
2026-09-04T02:06:00+02:00,7101-5106-022__2026-09-03,902,5
2026-09-04T02:06:00+02:00,7505-0703-004__2026-09-03,441,3
2026-09-04T02:06:00+02:00,7404-2305-006__2026-09-03,70,1
2026-09-04T02:06:00+02:00,7808-0204-012__2026-09-03,72,2
2026-09-04T02:06:00+02:00,6303-6202-002__2026-09-03,78,2
2026-09-04T02:06:00+02:00,8303-010010071__2026-09-03,2022,5
2026-09-04T02:06:00+02:00,5201-0503-020__2026-09-03,101,3
2026-09-04T02:06:00+02:00,2118-0404-079__2026-09-03,100,5
2026-09-04T02:06:00+02:00,3622-9906-046__2026-09-03,470,8
2026-09-04T02:06:00+02:00,7707-0408-005__2026-09-03,393,5
2026-09-04T02:06:00+02:00,7202-5109-108__2026-09-03,18,3
2026-09-04T02:06:00+02:00,5102-3601-003__2026-09-03,90,1
2026-09-04T02:06:00+02:00,2118-0404-052__2026-09-03,371,5
2026-09-04T02:06:00+02:00,7707-1104-006__2026-09-03,355,2
2026-09-04T02:06:00+02:00,7707-0406-014__2026-09-03,510,2
2026-09-04T02:06:00+02:00,6404-0201-005__2026-09-03,407,4
2026-09-04T02:06:00+02:00,6202-2201-004__2026-09-03,78,1
2026-09-04T06:32:45+02:00,5201-0108-008__2026-09-03,67,3
2026-09-04T06:32:45+02:00,7202-5103-101__2026-09-03,25,5
2026-09-04T06:32:45+02:00,2118-0403-003__2026-09-03,99,5
2026-09-04T06:32:45+02:00,3622-9910-013__2026-09-03,390,5
2026-09-04T06:32:45+02:00,5201-0109-015__2026-09-03,67,3
2026-09-04T06:32:45+02:00,5201-0504-022__2026-09-03,414,6
2026-09-04T06:32:45+02:00,7202-4705-101__2026-09-03,87,3
2026-09-04T06:32:45+02:00,7505-0806-009__2026-09-03,441,6
2026-09-04T06:32:45+02:00,7606-1803-025__2026-09-03,355,3
2026-09-04T06:32:45+02:00,1202-1108-001__2026-09-03,890,7
2026-09-04T06:32:45+02:00,4306-4603-009__2026-09-03,34,3
2026-09-04T06:32:45+02:00,4415-0104-058__2026-09-03,918,3
2026-09-04T06:32:45+02:00,4415-0108-073__2026-09-03,541,6
2026-09-04T06:32:45+02:00,4703-1509-1805__2026-09-03,438,4
2026-09-04T06:32:45+02:00,5201-0103-049__2026-09-03,93,1
2026-09-04T06:32:45+02:00,5201-0106-017__2026-09-03,39,1
2026-09-04T06:32:45+02:00,6202-1105-1326__2026-09-03,588,3
2026-09-04T06:32:45+02:00,6202-1203-005__2026-09-03,78,2
2026-09-04T06:32:45+02:00,6202-4105-022__2026-09-03,91,2
2026-09-04T06:32:45+02:00,6404-0202-011__2026-09-03,464,9
2026-09-04T06:32:45+02:00,6404-0302-008__2026-09-03,571,6
2026-09-04T06:32:45+02:00,6404-8201-009__2026-09-03,407,4
2026-09-04T06:32:45+02:00,7101-5103-010__2026-09-03,362,3
2026-09-04T06:32:45+02:00,7101-5106-022__2026-09-03,902,5
2026-09-04T06:32:45+02:00,7505-0703-004__2026-09-03,441,3
2026-09-04T06:32:45+02:00,7404-2305-006__2026-09-03,70,2
2026-09-04T06:32:45+02:00,7808-0204-012__2026-09-03,72,2
2026-09-04T06:32:45+02:00,6303-6202-002__2026-09-03,78,2
2026-09-04T06:32:45+02:00,8303-010010071__2026-09-03,2022,5
2026-09-04T06:32:45+02:00,5201-0503-020__2026-09-03,101,3
2026-09-04T06:32:45+02:00,2118-0404-079__2026-09-03,100,5
2026-09-04T06:32:45+02:00,3622-9906-046__2026-09-03,470,8
2026-09-04T06:32:45+02:00,7707-0408-005__2026-09-03,393,5
2026-09-04T06:32:45+02:00,7202-5109-108__2026-09-03,18,3
2026-09-04T06:32:45+02:00,5102-3601-003__2026-09-03,90,1
2026-09-04T06:32:45+02:00,2118-0404-052__2026-09-03,371,5
2026-09-04T06:32:45+02:00,7707-1104-006__2026-09-03,355,2
2026-09-04T06:32:45+02:00,7707-0406-014__2026-09-03,510,2
2026-09-04T06:32:45+02:00,6404-0201-005__2026-09-03,407,4
2026-09-04T06:32:45+02:00,6202-2201-004__2026-09-03,78,1
2026-09-04T11:39:07+02:00,5201-0108-008__2026-09-03,67,3
2026-09-04T11:39:07+02:00,7202-5103-101__2026-09-03,25,6
2026-09-04T11:39:07+02:00,2118-0403-003__2026-09-03,99,5
2026-09-04T11:39:07+02:00,3622-9910-013__2026-09-03,390,7
2026-09-04T11:39:07+02:00,5201-0109-015__2026-09-03,67,3
2026-09-04T11:39:07+02:00,5201-0504-022__2026-09-03,414,6
2026-09-04T11:39:07+02:00,7202-4705-101__2026-09-03,18,3
2026-09-04T11:39:07+02:00,7505-0806-009__2026-09-03,441,6
2026-09-04T11:39:07+02:00,7606-1803-025__2026-09-03,355,3
2026-09-04T11:39:07+02:00,1202-1108-001__2026-09-03,890,7
2026-09-04T11:39:07+02:00,4306-4603-009__2026-09-03,34,3
2026-09-04T11:39:07+02:00,4415-0104-058__2026-09-03,918,3
2026-09-04T11:39:07+02:00,4415-0108-073__2026-09-03,541,6
2026-09-04T11:39:07+02:00,4703-1509-1805__2026-09-03,438,4
2026-09-04T11:39:07+02:00,5201-0103-049__2026-09-03,93,2
2026-09-04T11:39:07+02:00,5201-0106-017__2026-09-03,39,1
2026-09-04T11:39:07+02:00,6202-1105-1326__2026-09-03,588,3
2026-09-04T11:39:07+02:00,6202-1203-005__2026-09-03,78,2
2026-09-04T11:39:07+02:00,6202-4105-022__2026-09-03,91,2
2026-09-04T11:39:07+02:00,6404-0202-011__2026-09-03,464,10
2026-09-04T11:39:07+02:00,6404-0302-008__2026-09-03,571,6
2026-09-04T11:39:07+02:00,6404-8201-009__2026-09-03,407,4
2026-09-04T11:39:07+02:00,7101-5103-010__2026-09-03,362,3
2026-09-04T11:39:07+02:00,7101-5106-022__2026-09-03,902,6
2026-09-04T11:39:07+02:00,7505-0703-004__2026-09-03,441,3
2026-09-04T11:39:07+02:00,7404-2305-006__2026-09-03,70,2
2026-09-04T11:39:07+02:00,7808-0204-012__2026-09-03,98,3
2026-09-04T11:39:07+02:00,6303-6202-002__2026-09-03,78,2
2026-09-04T11:39:07+02:00,8303-010010071__2026-09-03,2022,5
2026-09-04T11:39:07+02:00,5201-0503-020__2026-09-03,101,3
2026-09-04T11:39:07+02:00,2118-0404-079__2026-09-03,100,4
2026-09-04T11:39:07+02:00,3622-9906-046__2026-09-03,689,10
2026-09-04T11:39:07+02:00,7707-0408-005__2026-09-03,393,5
2026-09-04T11:39:07+02:00,7202-5109-108__2026-09-03,18,3
2026-09-04T11:39:07+02:00,5102-3601-003__2026-09-03,90,1
2026-09-04T11:39:07+02:00,2118-0404-052__2026-09-03,371,4
2026-09-04T11:39:07+02:00,7707-1104-006__2026-09-03,355,2
2026-09-04T11:39:07+02:00,7707-0406-014__2026-09-03,510,2
2026-09-04T11:39:07+02:00,6404-0201-005__2026-09-03,407,5
2026-09-04T11:39:07+02:00,6202-2201-004__2026-09-03,78,1
2026-09-04T16:21:31+02:00,5201-0108-008__2026-09-03,67,3
2026-09-04T16:21:31+02:00,7202-5103-101__2026-09-03,25,5
2026-09-04T16:21:31+02:00,2118-0403-003__2026-09-03,99,5
2026-09-04T16:21:31+02:00,3622-9910-013__2026-09-03,390,7
2026-09-04T16:21:31+02:00,5201-0109-015__2026-09-03,67,3
2026-09-04T16:21:31+02:00,5201-0504-022__2026-09-03,414,6
2026-09-04T16:21:31+02:00,7202-4705-101__2026-09-03,18,3
2026-09-04T16:21:31+02:00,7505-0806-009__2026-09-03,441,6
2026-09-04T16:21:31+02:00,7606-1803-025__2026-09-03,355,3
2026-09-04T16:21:31+02:00,1202-1108-001__2026-09-03,890,7
2026-09-04T16:21:31+02:00,4306-4603-009__2026-09-03,34,3
2026-09-04T16:21:31+02:00,4415-0104-058__2026-09-03,918,3
2026-09-04T16:21:31+02:00,4415-0108-073__2026-09-03,541,7
2026-09-04T16:21:31+02:00,4703-1509-1805__2026-09-03,438,4
2026-09-04T16:21:31+02:00,5201-0103-049__2026-09-03,93,2
2026-09-04T16:21:31+02:00,5201-0106-017__2026-09-03,59,2
2026-09-04T16:21:31+02:00,6202-1105-1326__2026-09-03,588,3
2026-09-04T16:21:31+02:00,6202-1203-005__2026-09-03,78,2
2026-09-04T16:21:31+02:00,6202-4105-022__2026-09-03,91,2
2026-09-04T16:21:31+02:00,6404-0202-011__2026-09-03,464,10
2026-09-04T16:21:31+02:00,6404-0302-008__2026-09-03,1466,7
2026-09-04T16:21:31+02:00,6404-8201-009__2026-09-03,407,4
2026-09-04T16:21:31+02:00,7101-5103-010__2026-09-03,387,4
2026-09-04T16:21:31+02:00,7101-5106-022__2026-09-03,902,7
2026-09-04T16:21:31+02:00,7505-0703-004__2026-09-03,441,3
2026-09-04T16:21:31+02:00,7404-2305-006__2026-09-03,70,2
2026-09-04T16:21:31+02:00,7808-0204-012__2026-09-03,98,3
2026-09-04T16:21:31+02:00,6303-6202-002__2026-09-03,78,2
2026-09-04T16:21:31+02:00,8303-010010071__2026-09-03,2022,6
2026-09-04T16:21:31+02:00,5201-0503-020__2026-09-03,101,3
2026-09-04T16:21:31+02:00,2118-0404-079__2026-09-03,100,4
2026-09-04T16:21:31+02:00,3622-9906-046__2026-09-03,689,11
2026-09-04T16:21:31+02:00,7707-0408-005__2026-09-03,393,5
2026-09-04T16:21:31+02:00,7202-5109-108__2026-09-03,18,3
2026-09-04T16:21:31+02:00,5102-3601-003__2026-09-03,95,2
2026-09-04T16:21:31+02:00,2118-0404-052__2026-09-03,371,4
2026-09-04T16:21:31+02:00,7707-1104-006__2026-09-03,355,2
2026-09-04T16:21:31+02:00,7707-0406-014__2026-09-03,510,2
2026-09-04T16:21:31+02:00,6404-0201-005__2026-09-03,407,5
2026-09-04T16:21:31+02:00,6202-2201-004__2026-09-03,78,1
2026-09-04T20:24:02+02:00,5201-0108-008__2026-09-03,67,5
2026-09-04T20:24:02+02:00,7202-5103-101__2026-09-03,25,6
2026-09-04T20:24:02+02:00,2118-0403-003__2026-09-03,99,5
2026-09-04T20:24:02+02:00,3622-9910-013__2026-09-03,390,7
2026-09-04T20:24:02+02:00,5201-0109-015__2026-09-03,67,3
2026-09-04T20:24:02+02:00,5201-0504-022__2026-09-03,414,6
2026-09-04T20:24:02+02:00,7202-4705-101__2026-09-03,18,4
2026-09-04T20:24:02+02:00,7505-0806-009__2026-09-03,441,6
2026-09-04T20:24:02+02:00,7606-1803-025__2026-09-03,355,3
2026-09-04T20:24:02+02:00,1202-1108-001__2026-09-03,890,7
2026-09-04T20:24:02+02:00,4306-4603-009__2026-09-03,42,4
2026-09-04T20:24:02+02:00,4415-0104-058__2026-09-03,918,3
2026-09-04T20:24:02+02:00,4415-0108-073__2026-09-03,541,8
2026-09-04T20:24:02+02:00,4703-1509-1805__2026-09-03,438,4
2026-09-04T20:24:02+02:00,5201-0103-049__2026-09-03,93,2
2026-09-04T20:24:02+02:00,5201-0106-017__2026-09-03,59,2
2026-09-04T20:24:02+02:00,6202-1105-1326__2026-09-03,588,3
2026-09-04T20:24:02+02:00,6202-1203-005__2026-09-03,99,3
2026-09-04T20:24:02+02:00,6202-4105-022__2026-09-03,91,2
2026-09-04T20:24:02+02:00,6404-0202-011__2026-09-03,1040,11
2026-09-04T20:24:02+02:00,6404-0302-008__2026-09-03,1466,8
2026-09-04T20:24:02+02:00,6404-8201-009__2026-09-03,407,4
2026-09-04T20:24:02+02:00,7101-5103-010__2026-09-03,387,5
2026-09-04T20:24:02+02:00,7101-5106-022__2026-09-03,902,7
2026-09-04T20:24:02+02:00,7505-0703-004__2026-09-03,441,2
2026-09-04T20:24:02+02:00,7404-2305-006__2026-09-03,70,2
2026-09-04T20:24:02+02:00,7808-0204-012__2026-09-03,98,3
2026-09-04T20:24:02+02:00,6303-6202-002__2026-09-03,99,3
2026-09-04T20:24:02+02:00,8303-010010071__2026-09-03,2022,6
2026-09-04T20:24:02+02:00,5201-0503-020__2026-09-03,101,4
2026-09-04T20:24:02+02:00,2118-0404-079__2026-09-03,100,5
2026-09-04T20:24:02+02:00,3622-9906-046__2026-09-03,689,13
2026-09-04T20:24:02+02:00,7707-0408-005__2026-09-03,393,8
2026-09-04T20:24:02+02:00,7202-5109-108__2026-09-03,18,5
2026-09-04T20:24:02+02:00,5102-3601-003__2026-09-03,95,2
2026-09-04T20:24:02+02:00,2118-0404-052__2026-09-03,371,4
2026-09-04T20:24:02+02:00,7707-1104-006__2026-09-03,355,2
2026-09-04T20:24:02+02:00,7707-0406-014__2026-09-03,510,2
2026-09-04T20:24:02+02:00,6404-0201-005__2026-09-03,407,5
2026-09-04T20:24:02+02:00,6202-2201-004__2026-09-03,99,3
2026-09-04T23:28:38+02:00,5201-0108-008__2026-09-03,67,5
2026-09-04T23:28:38+02:00,7202-5103-101__2026-09-03,25,6
2026-09-04T23:28:38+02:00,2118-0403-003__2026-09-03,99,5
2026-09-04T23:28:38+02:00,3622-9910-013__2026-09-03,390,9
2026-09-04T23:28:38+02:00,5201-0109-015__2026-09-03,67,3
2026-09-04T23:28:38+02:00,5201-0504-022__2026-09-03,414,7
2026-09-04T23:28:38+02:00,7202-4705-101__2026-09-03,65,5
2026-09-04T23:28:38+02:00,7505-0806-009__2026-09-03,441,6
2026-09-04T23:28:38+02:00,7606-1803-025__2026-09-03,355,3
2026-09-04T23:28:38+02:00,1202-1108-001__2026-09-03,890,7
2026-09-04T23:28:38+02:00,4306-4603-009__2026-09-03,42,4
2026-09-04T23:28:38+02:00,4415-0104-058__2026-09-03,918,4
2026-09-04T23:28:38+02:00,4415-0108-073__2026-09-03,541,8
2026-09-04T23:28:38+02:00,4703-1509-1805__2026-09-03,438,4
2026-09-04T23:28:38+02:00,5201-0103-049__2026-09-03,93,2
2026-09-04T23:28:38+02:00,5201-0106-017__2026-09-03,59,2
2026-09-04T23:28:38+02:00,6202-1105-1326__2026-09-03,588,5
2026-09-04T23:28:38+02:00,6202-1203-005__2026-09-03,99,3
2026-09-04T23:28:38+02:00,6202-4105-022__2026-09-03,91,3
2026-09-04T23:28:38+02:00,6404-0202-011__2026-09-03,1040,12
2026-09-04T23:28:38+02:00,6404-0302-008__2026-09-03,1466,9
2026-09-04T23:28:38+02:00,6404-8201-009__2026-09-03,407,4
2026-09-04T23:28:38+02:00,7101-5103-010__2026-09-03,387,5
2026-09-04T23:28:38+02:00,7101-5106-022__2026-09-03,902,7
2026-09-04T23:28:38+02:00,7505-0703-004__2026-09-03,441,2
2026-09-04T23:28:38+02:00,7404-2305-006__2026-09-03,91,3
2026-09-04T23:28:38+02:00,7808-0204-012__2026-09-03,98,3
2026-09-04T23:28:38+02:00,6303-6202-002__2026-09-03,99,3
2026-09-04T23:28:38+02:00,8303-010010071__2026-09-03,2022,6
2026-09-04T23:28:38+02:00,5201-0503-020__2026-09-03,101,4
2026-09-04T23:28:38+02:00,2118-0404-079__2026-09-03,100,5
2026-09-04T23:28:38+02:00,3622-9906-046__2026-09-03,689,14
2026-09-04T23:28:38+02:00,7707-0408-005__2026-09-03,393,8
2026-09-04T23:28:38+02:00,7202-5109-108__2026-09-03,18,5
2026-09-04T23:28:38+02:00,5102-3601-003__2026-09-03,95,2
2026-09-04T23:28:38+02:00,2118-0404-052__2026-09-03,371,4
2026-09-04T23:28:38+02:00,7707-1104-006__2026-09-03,355,2
2026-09-04T23:28:38+02:00,7707-0406-014__2026-09-03,510,2
2026-09-04T23:28:38+02:00,6404-0201-005__2026-09-03,407,5
2026-09-04T23:28:38+02:00,6202-2201-004__2026-09-03,99,3
2026-09-05T02:05:52+02:00,5201-0108-008__2026-09-03,99,6
2026-09-05T02:05:52+02:00,7202-5103-101__2026-09-03,26,6
2026-09-05T02:05:52+02:00,2118-0403-003__2026-09-03,100,5
2026-09-05T02:05:52+02:00,3622-9910-013__2026-09-03,391,9
2026-09-05T02:05:52+02:00,5201-0109-015__2026-09-03,68,3
2026-09-05T02:05:52+02:00,5201-0504-022__2026-09-03,415,7
2026-09-05T02:05:52+02:00,7202-4705-101__2026-09-03,66,5
2026-09-05T02:05:52+02:00,7505-0806-009__2026-09-03,442,6
2026-09-05T02:05:52+02:00,7606-1803-025__2026-09-03,356,3
2026-09-05T02:05:52+02:00,1202-1108-001__2026-09-03,891,7
2026-09-05T02:05:52+02:00,4306-4603-009__2026-09-03,43,4
2026-09-05T02:05:52+02:00,4415-0104-058__2026-09-03,919,4
2026-09-05T02:05:52+02:00,4415-0108-073__2026-09-03,731,9
2026-09-05T02:05:52+02:00,4703-1509-1805__2026-09-03,439,4
2026-09-05T02:05:52+02:00,5201-0103-049__2026-09-03,94,2
2026-09-05T02:05:52+02:00,5201-0106-017__2026-09-03,60,3
2026-09-05T02:05:52+02:00,6202-1105-1326__2026-09-03,589,5
2026-09-05T02:05:52+02:00,6202-1203-005__2026-09-03,100,3
2026-09-05T02:05:52+02:00,6202-4105-022__2026-09-03,92,4
2026-09-05T02:05:52+02:00,6404-0202-011__2026-09-03,1041,12
2026-09-05T02:05:52+02:00,6404-0302-008__2026-09-03,1467,9
2026-09-05T02:05:52+02:00,6404-8201-009__2026-09-03,408,4
2026-09-05T02:05:52+02:00,7101-5103-010__2026-09-03,388,5
2026-09-05T02:05:52+02:00,7101-5106-022__2026-09-03,903,7
2026-09-05T02:05:52+02:00,7505-0703-004__2026-09-03,442,2
2026-09-05T02:05:52+02:00,7404-2305-006__2026-09-03,92,3
2026-09-05T02:05:52+02:00,7808-0204-012__2026-09-03,99,3
2026-09-05T02:05:52+02:00,6303-6202-002__2026-09-03,100,3
2026-09-05T02:05:52+02:00,8303-010010071__2026-09-03,2023,6
2026-09-05T02:05:52+02:00,5201-0503-020__2026-09-03,102,5
2026-09-05T02:05:52+02:00,2118-0404-079__2026-09-03,101,5
2026-09-05T02:05:52+02:00,3622-9906-046__2026-09-03,690,14
2026-09-05T02:05:52+02:00,7707-0408-005__2026-09-03,394,8
2026-09-05T02:05:52+02:00,7202-5109-108__2026-09-03,19,5
2026-09-05T02:05:52+02:00,5102-3601-003__2026-09-03,96,2
2026-09-05T02:05:52+02:00,2118-0404-052__2026-09-03,356,3
2026-09-05T02:05:52+02:00,7707-1104-006__2026-09-03,356,2
2026-09-05T02:05:52+02:00,7707-0406-014__2026-09-03,510,2
2026-09-05T02:05:52+02:00,6404-0201-005__2026-09-03,408,5
2026-09-05T02:05:52+02:00,6202-2201-004__2026-09-03,100,3
2026-09-05T06:28:18+02:00,5201-0108-008__2026-09-03,99,6
2026-09-05T06:28:18+02:00,7202-5103-101__2026-09-03,26,6
2026-09-05T06:28:18+02:00,2118-0403-003__2026-09-03,100,5
2026-09-05T06:28:18+02:00,3622-9910-013__2026-09-03,391,9
2026-09-05T06:28:18+02:00,5201-0109-015__2026-09-03,68,3
2026-09-05T06:28:18+02:00,5201-0504-022__2026-09-03,415,7
2026-09-05T06:28:18+02:00,7202-4705-101__2026-09-03,66,5
2026-09-05T06:28:18+02:00,7505-0806-009__2026-09-03,442,6
2026-09-05T06:28:18+02:00,7606-1803-025__2026-09-03,356,3
2026-09-05T06:28:18+02:00,1202-1108-001__2026-09-03,891,7
2026-09-05T06:28:18+02:00,4306-4603-009__2026-09-03,43,4
2026-09-05T06:28:18+02:00,4415-0104-058__2026-09-03,919,4
2026-09-05T06:28:18+02:00,4415-0108-073__2026-09-03,731,9
2026-09-05T06:28:18+02:00,4703-1509-1805__2026-09-03,439,4
2026-09-05T06:28:18+02:00,5201-0103-049__2026-09-03,94,2
2026-09-05T06:28:18+02:00,5201-0106-017__2026-09-03,60,3
2026-09-05T06:28:18+02:00,6202-1105-1326__2026-09-03,589,5
2026-09-05T06:28:18+02:00,6202-1203-005__2026-09-03,100,3
2026-09-05T06:28:18+02:00,6202-4105-022__2026-09-03,92,4
2026-09-05T06:28:18+02:00,6404-0202-011__2026-09-03,1041,12
2026-09-05T06:28:18+02:00,6404-0302-008__2026-09-03,1467,9
2026-09-05T06:28:18+02:00,6404-8201-009__2026-09-03,408,4
2026-09-05T06:28:18+02:00,7101-5103-010__2026-09-03,388,5
2026-09-05T06:28:18+02:00,7101-5106-022__2026-09-03,903,7
2026-09-05T06:28:18+02:00,7505-0703-004__2026-09-03,442,2
2026-09-05T06:28:18+02:00,7404-2305-006__2026-09-03,93,4
2026-09-05T06:28:18+02:00,7808-0204-012__2026-09-03,99,3
2026-09-05T06:28:18+02:00,6303-6202-002__2026-09-03,100,3
2026-09-05T06:28:18+02:00,8303-010010071__2026-09-03,2023,6
2026-09-05T06:28:18+02:00,5201-0503-020__2026-09-03,102,5
2026-09-05T06:28:18+02:00,2118-0404-079__2026-09-03,101,5
2026-09-05T06:28:18+02:00,3622-9906-046__2026-09-03,690,14
2026-09-05T06:28:18+02:00,7707-0408-005__2026-09-03,394,8
2026-09-05T06:28:18+02:00,7202-5109-108__2026-09-03,19,5
2026-09-05T06:28:18+02:00,5102-3601-003__2026-09-03,96,2
2026-09-05T06:28:18+02:00,2118-0404-052__2026-09-03,356,3
2026-09-05T06:28:18+02:00,7707-1104-006__2026-09-03,356,2
2026-09-05T06:28:18+02:00,7707-0406-014__2026-09-03,510,2
2026-09-05T06:28:18+02:00,6404-0201-005__2026-09-03,408,5
2026-09-05T06:28:18+02:00,6202-2201-004__2026-09-03,100,3
2026-09-05T11:05:00+02:00,5201-0108-008__2026-09-03,99,6
2026-09-05T11:05:00+02:00,7202-5103-101__2026-09-03,26,6
2026-09-05T11:05:00+02:00,2118-0403-003__2026-09-03,100,5
2026-09-05T11:05:00+02:00,3622-9910-013__2026-09-03,391,9
2026-09-05T11:05:00+02:00,5201-0109-015__2026-09-03,68,3
2026-09-05T11:05:00+02:00,5201-0504-022__2026-09-03,415,7
2026-09-05T11:05:00+02:00,7202-4705-101__2026-09-03,66,5
2026-09-05T11:05:00+02:00,7505-0806-009__2026-09-03,442,6
2026-09-05T11:05:00+02:00,7606-1803-025__2026-09-03,356,3
2026-09-05T11:05:00+02:00,1202-1108-001__2026-09-03,891,7
2026-09-05T11:05:00+02:00,4306-4603-009__2026-09-03,54,5
2026-09-05T11:05:00+02:00,4415-0104-058__2026-09-03,661,3
2026-09-05T11:05:00+02:00,4415-0108-073__2026-09-03,731,9
2026-09-05T11:05:00+02:00,4703-1509-1805__2026-09-03,439,4
2026-09-05T11:05:00+02:00,5201-0103-049__2026-09-03,94,2
2026-09-05T11:05:00+02:00,5201-0106-017__2026-09-03,60,3
2026-09-05T11:05:00+02:00,6202-1105-1326__2026-09-03,589,5
2026-09-05T11:05:00+02:00,6202-1203-005__2026-09-03,100,3
2026-09-05T11:05:00+02:00,6202-4105-022__2026-09-03,92,4
2026-09-05T11:05:00+02:00,6404-0202-011__2026-09-03,1041,11
2026-09-05T11:05:00+02:00,6404-0302-008__2026-09-03,1467,9
2026-09-05T11:05:00+02:00,6404-8201-009__2026-09-03,408,4
2026-09-05T11:05:00+02:00,7101-5103-010__2026-09-03,388,5
2026-09-05T11:05:00+02:00,7101-5106-022__2026-09-03,903,7
2026-09-05T11:05:00+02:00,7505-0703-004__2026-09-03,442,2
2026-09-05T11:05:00+02:00,7404-2305-006__2026-09-03,93,4
2026-09-05T11:05:00+02:00,7808-0204-012__2026-09-03,99,3
2026-09-05T11:05:00+02:00,6303-6202-002__2026-09-03,100,3
2026-09-05T11:05:00+02:00,8303-010010071__2026-09-03,2023,6
2026-09-05T11:05:00+02:00,5201-0503-020__2026-09-03,102,6
2026-09-05T11:05:00+02:00,2118-0404-079__2026-09-03,101,5
2026-09-05T11:05:00+02:00,3622-9906-046__2026-09-03,690,14
2026-09-05T11:05:00+02:00,7707-0408-005__2026-09-03,394,8
2026-09-05T11:05:00+02:00,7202-5109-108__2026-09-03,19,5
2026-09-05T11:05:00+02:00,5102-3601-003__2026-09-03,96,2
2026-09-05T11:05:00+02:00,2118-0404-052__2026-09-03,356,3
2026-09-05T11:05:00+02:00,7707-1104-006__2026-09-03,356,2
2026-09-05T11:05:00+02:00,7707-0406-014__2026-09-03,52,1
2026-09-05T11:05:00+02:00,6404-0201-005__2026-09-03,408,5
2026-09-05T11:05:00+02:00,6202-2201-004__2026-09-03,100,3
2026-09-05T14:42:33+02:00,5201-0108-008__2026-09-03,99,6
2026-09-05T14:42:33+02:00,7202-5103-101__2026-09-03,26,6
2026-09-05T14:42:33+02:00,2118-0403-003__2026-09-03,117,6
2026-09-05T14:42:33+02:00,3622-9910-013__2026-09-03,391,9
2026-09-05T14:42:33+02:00,5201-0109-015__2026-09-03,68,3
2026-09-05T14:42:33+02:00,5201-0504-022__2026-09-03,415,7
2026-09-05T14:42:33+02:00,7202-4705-101__2026-09-03,129,6
2026-09-05T14:42:33+02:00,7505-0806-009__2026-09-03,442,6
2026-09-05T14:42:33+02:00,7606-1803-025__2026-09-03,356,3
2026-09-05T14:42:33+02:00,1202-1108-001__2026-09-03,891,7
2026-09-05T14:42:33+02:00,4306-4603-009__2026-09-03,54,5
2026-09-05T14:42:33+02:00,4415-0104-058__2026-09-03,661,3
2026-09-05T14:42:33+02:00,4415-0108-073__2026-09-03,731,10
2026-09-05T14:42:33+02:00,4703-1509-1805__2026-09-03,439,4
2026-09-05T14:42:33+02:00,5201-0103-049__2026-09-03,94,2
2026-09-05T14:42:33+02:00,5201-0106-017__2026-09-03,60,3
2026-09-05T14:42:33+02:00,6202-1105-1326__2026-09-03,589,6
2026-09-05T14:42:33+02:00,6202-1203-005__2026-09-03,100,3
2026-09-05T14:42:33+02:00,6202-4105-022__2026-09-03,92,3
2026-09-05T14:42:33+02:00,6404-0202-011__2026-09-03,1041,11
2026-09-05T14:42:33+02:00,6404-0302-008__2026-09-03,1467,9
2026-09-05T14:42:33+02:00,6404-8201-009__2026-09-03,408,6
2026-09-05T14:42:33+02:00,7101-5103-010__2026-09-03,388,5
2026-09-05T14:42:33+02:00,7101-5106-022__2026-09-03,903,7
2026-09-05T14:42:33+02:00,7505-0703-004__2026-09-03,442,3
2026-09-05T14:42:33+02:00,7404-2305-006__2026-09-03,93,4
2026-09-05T14:42:33+02:00,7808-0204-012__2026-09-03,99,3
2026-09-05T14:42:33+02:00,6303-6202-002__2026-09-03,100,3
2026-09-05T14:42:33+02:00,8303-010010071__2026-09-03,2023,6
2026-09-05T14:42:33+02:00,5201-0503-020__2026-09-03,102,7
2026-09-05T14:42:33+02:00,2118-0404-079__2026-09-03,101,5
2026-09-05T14:42:33+02:00,3622-9906-046__2026-09-03,690,14
2026-09-05T14:42:33+02:00,7707-0408-005__2026-09-03,394,7
2026-09-05T14:42:33+02:00,7202-5109-108__2026-09-03,19,5
2026-09-05T14:42:33+02:00,5102-3601-003__2026-09-03,96,5
2026-09-05T14:42:33+02:00,2118-0404-052__2026-09-03,356,3
2026-09-05T14:42:33+02:00,7707-1104-006__2026-09-03,356,3
2026-09-05T14:42:33+02:00,7707-0406-014__2026-09-03,55,2
2026-09-05T14:42:33+02:00,6404-0201-005__2026-09-03,408,5
2026-09-05T14:42:33+02:00,6202-2201-004__2026-09-03,100,3
2026-09-05T18:04:04+02:00,5201-0108-008__2026-09-03,99,6
2026-09-05T18:04:04+02:00,7202-5103-101__2026-09-03,26,6
2026-09-05T18:04:04+02:00,2118-0403-003__2026-09-03,117,6
2026-09-05T18:04:04+02:00,3622-9910-013__2026-09-03,391,9
2026-09-05T18:04:04+02:00,5201-0109-015__2026-09-03,68,3
2026-09-05T18:04:04+02:00,5201-0504-022__2026-09-03,415,7
2026-09-05T18:04:04+02:00,7202-4705-101__2026-09-03,129,6
2026-09-05T18:04:04+02:00,7505-0806-009__2026-09-03,442,6
2026-09-05T18:04:04+02:00,7606-1803-025__2026-09-03,356,3
2026-09-05T18:04:04+02:00,1202-1108-001__2026-09-03,891,7
2026-09-05T18:04:04+02:00,4306-4603-009__2026-09-03,54,5
2026-09-05T18:04:04+02:00,4415-0104-058__2026-09-03,661,4
2026-09-05T18:04:04+02:00,4415-0108-073__2026-09-03,731,10
2026-09-05T18:04:04+02:00,4703-1509-1805__2026-09-03,439,4
2026-09-05T18:04:04+02:00,5201-0103-049__2026-09-03,94,2
2026-09-05T18:04:04+02:00,5201-0106-017__2026-09-03,60,3
2026-09-05T18:04:04+02:00,6202-1105-1326__2026-09-03,589,7
2026-09-05T18:04:04+02:00,6202-1203-005__2026-09-03,100,3
2026-09-05T18:04:04+02:00,6202-4105-022__2026-09-03,92,3
2026-09-05T18:04:04+02:00,6404-0202-011__2026-09-03,1041,12
2026-09-05T18:04:04+02:00,6404-0302-008__2026-09-03,1467,9
2026-09-05T18:04:04+02:00,6404-8201-009__2026-09-03,408,6
2026-09-05T18:04:04+02:00,7101-5103-010__2026-09-03,388,5
2026-09-05T18:04:04+02:00,7101-5106-022__2026-09-03,903,7
2026-09-05T18:04:04+02:00,7505-0703-004__2026-09-03,442,3
2026-09-05T18:04:04+02:00,7404-2305-006__2026-09-03,93,4
2026-09-05T18:04:04+02:00,7808-0204-012__2026-09-03,99,3
2026-09-05T18:04:04+02:00,6303-6202-002__2026-09-03,100,3
2026-09-05T18:04:04+02:00,8303-010010071__2026-09-03,2023,6
2026-09-05T18:04:04+02:00,5201-0503-020__2026-09-03,102,7
2026-09-05T18:04:04+02:00,2118-0404-079__2026-09-03,101,5
2026-09-05T18:04:04+02:00,3622-9906-046__2026-09-03,690,14
2026-09-05T18:04:04+02:00,7707-0408-005__2026-09-03,394,7
2026-09-05T18:04:04+02:00,7202-5109-108__2026-09-03,19,5
2026-09-05T18:04:04+02:00,5102-3601-003__2026-09-03,96,5
2026-09-05T18:04:04+02:00,2118-0404-052__2026-09-03,356,3
2026-09-05T18:04:04+02:00,7707-1104-006__2026-09-03,356,3
2026-09-05T18:04:04+02:00,7707-0406-014__2026-09-03,55,2
2026-09-05T18:04:04+02:00,6404-0201-005__2026-09-03,408,6
2026-09-05T18:04:04+02:00,6202-2201-004__2026-09-03,100,3
2026-09-05T20:18:04+02:00,5201-0108-008__2026-09-03,99,6
2026-09-05T20:18:04+02:00,7202-5103-101__2026-09-03,26,6
2026-09-05T20:18:04+02:00,2118-0403-003__2026-09-03,117,6
2026-09-05T20:18:04+02:00,3622-9910-013__2026-09-03,391,9
2026-09-05T20:18:04+02:00,5201-0109-015__2026-09-03,68,3
2026-09-05T20:18:04+02:00,5201-0504-022__2026-09-03,415,7
2026-09-05T20:18:04+02:00,7202-4705-101__2026-09-03,129,6
2026-09-05T20:18:04+02:00,7505-0806-009__2026-09-03,442,6
2026-09-05T20:18:04+02:00,7606-1803-025__2026-09-03,356,3
2026-09-05T20:18:04+02:00,1202-1108-001__2026-09-03,891,7
2026-09-05T20:18:04+02:00,4306-4603-009__2026-09-03,54,5
2026-09-05T20:18:04+02:00,4415-0104-058__2026-09-03,541,3
2026-09-05T20:18:04+02:00,4415-0108-073__2026-09-03,731,10
2026-09-05T20:18:04+02:00,4703-1509-1805__2026-09-03,439,4
2026-09-05T20:18:04+02:00,5201-0103-049__2026-09-03,94,2
2026-09-05T20:18:04+02:00,5201-0106-017__2026-09-03,60,3
2026-09-05T20:18:04+02:00,6202-1105-1326__2026-09-03,589,7
2026-09-05T20:18:04+02:00,6202-1203-005__2026-09-03,100,3
2026-09-05T20:18:04+02:00,6202-4105-022__2026-09-03,92,2
2026-09-05T20:18:04+02:00,6404-0202-011__2026-09-03,1041,12
2026-09-05T20:18:04+02:00,6404-0302-008__2026-09-03,1467,9
2026-09-05T20:18:04+02:00,6404-8201-009__2026-09-03,408,6
2026-09-05T20:18:04+02:00,7101-5103-010__2026-09-03,388,5
2026-09-05T20:18:04+02:00,7101-5106-022__2026-09-03,903,7
2026-09-05T20:18:04+02:00,7505-0703-004__2026-09-03,442,3
2026-09-05T20:18:04+02:00,7404-2305-006__2026-09-03,93,4
2026-09-05T20:18:04+02:00,7808-0204-012__2026-09-03,99,3
2026-09-05T20:18:04+02:00,6303-6202-002__2026-09-03,100,3
2026-09-05T20:18:04+02:00,8303-010010071__2026-09-03,2023,6
2026-09-05T20:18:04+02:00,5201-0503-020__2026-09-03,102,8
2026-09-05T20:18:04+02:00,2118-0404-079__2026-09-03,101,6
2026-09-05T20:18:04+02:00,3622-9906-046__2026-09-03,690,14
2026-09-05T20:18:04+02:00,7707-0408-005__2026-09-03,394,8
2026-09-05T20:18:04+02:00,7202-5109-108__2026-09-03,56,6
2026-09-05T20:18:04+02:00,5102-3601-003__2026-09-03,96,5
2026-09-05T20:18:04+02:00,2118-0404-052__2026-09-03,356,3
2026-09-05T20:18:04+02:00,7707-1104-006__2026-09-03,356,3
2026-09-05T20:18:04+02:00,7707-0406-014__2026-09-03,55,3
2026-09-05T20:18:04+02:00,6404-0201-005__2026-09-03,408,6
2026-09-05T20:18:04+02:00,6202-2201-004__2026-09-03,420,4
2026-09-05T23:14:24+02:00,5201-0108-008__2026-09-03,99,6
2026-09-05T23:14:24+02:00,7202-5103-101__2026-09-03,26,6
2026-09-05T23:14:24+02:00,2118-0403-003__2026-09-03,117,6
2026-09-05T23:14:24+02:00,3622-9910-013__2026-09-03,391,9
2026-09-05T23:14:24+02:00,5201-0109-015__2026-09-03,69,4
2026-09-05T23:14:24+02:00,5201-0504-022__2026-09-03,415,8
2026-09-05T23:14:24+02:00,7202-4705-101__2026-09-03,129,6
2026-09-05T23:14:24+02:00,7505-0806-009__2026-09-03,442,6
2026-09-05T23:14:24+02:00,7606-1803-025__2026-09-03,356,3
2026-09-05T23:14:24+02:00,1202-1108-001__2026-09-03,891,7
2026-09-05T23:14:24+02:00,4306-4603-009__2026-09-03,54,5
2026-09-05T23:14:24+02:00,4415-0104-058__2026-09-03,541,3
2026-09-05T23:14:24+02:00,4415-0108-073__2026-09-03,731,10
2026-09-05T23:14:24+02:00,4703-1509-1805__2026-09-03,439,4
2026-09-05T23:14:24+02:00,5201-0103-049__2026-09-03,94,2
2026-09-05T23:14:24+02:00,5201-0106-017__2026-09-03,60,3
2026-09-05T23:14:24+02:00,6202-1105-1326__2026-09-03,589,7
2026-09-05T23:14:24+02:00,6202-1203-005__2026-09-03,100,3
2026-09-05T23:14:24+02:00,6202-4105-022__2026-09-03,92,2
2026-09-05T23:14:24+02:00,6404-0202-011__2026-09-03,1041,12
2026-09-05T23:14:24+02:00,6404-0302-008__2026-09-03,1467,9
2026-09-05T23:14:24+02:00,6404-8201-009__2026-09-03,408,6
2026-09-05T23:14:24+02:00,7101-5103-010__2026-09-03,388,5
2026-09-05T23:14:24+02:00,7101-5106-022__2026-09-03,903,7
2026-09-05T23:14:24+02:00,7505-0703-004__2026-09-03,442,3
2026-09-05T23:14:24+02:00,7404-2305-006__2026-09-03,93,4
2026-09-05T23:14:24+02:00,7808-0204-012__2026-09-03,99,3
2026-09-05T23:14:24+02:00,6303-6202-002__2026-09-03,100,3
2026-09-05T23:14:24+02:00,8303-010010071__2026-09-03,2023,6
2026-09-05T23:14:24+02:00,5201-0503-020__2026-09-03,102,9
2026-09-05T23:14:24+02:00,2118-0404-079__2026-09-03,101,7
2026-09-05T23:14:24+02:00,3622-9906-046__2026-09-03,1108,15
2026-09-05T23:14:24+02:00,7707-0408-005__2026-09-03,394,8
2026-09-05T23:14:24+02:00,7202-5109-108__2026-09-03,672,7
2026-09-05T23:14:24+02:00,5102-3601-003__2026-09-03,96,5
2026-09-05T23:14:24+02:00,2118-0404-052__2026-09-03,356,3
2026-09-05T23:14:24+02:00,7707-1104-006__2026-09-03,356,3
2026-09-05T23:14:24+02:00,7707-0406-014__2026-09-03,86,4
2026-09-05T23:14:24+02:00,6404-0201-005__2026-09-03,408,6
2026-09-05T23:14:24+02:00,6202-2201-004__2026-09-03,420,4
2026-09-06T00:55:48+02:00,5201-0108-008__2026-09-03,100,8
2026-09-06T00:55:48+02:00,7202-5103-101__2026-09-03,27,6
2026-09-06T00:55:48+02:00,2118-0403-003__2026-09-03,118,7
2026-09-06T00:55:48+02:00,3622-9910-013__2026-09-03,392,9
2026-09-06T00:55:48+02:00,5201-0109-015__2026-09-03,70,4
2026-09-06T00:55:48+02:00,5201-0504-022__2026-09-03,416,8
2026-09-06T00:55:48+02:00,7202-4705-101__2026-09-03,130,6
2026-09-06T00:55:48+02:00,7505-0806-009__2026-09-03,443,6
2026-09-06T00:55:48+02:00,7606-1803-025__2026-09-03,357,3
2026-09-06T00:55:48+02:00,1202-1108-001__2026-09-03,892,7
2026-09-06T00:55:48+02:00,4306-4603-009__2026-09-03,55,5
2026-09-06T00:55:48+02:00,4415-0104-058__2026-09-03,542,3
2026-09-06T00:55:48+02:00,4415-0108-073__2026-09-03,732,10
2026-09-06T00:55:48+02:00,4703-1509-1805__2026-09-03,440,4
2026-09-06T00:55:48+02:00,5201-0103-049__2026-09-03,95,2
2026-09-06T00:55:48+02:00,5201-0106-017__2026-09-03,61,4
2026-09-06T00:55:48+02:00,6202-1105-1326__2026-09-03,590,7
2026-09-06T00:55:48+02:00,6202-1203-005__2026-09-03,101,3
2026-09-06T00:55:48+02:00,6202-4105-022__2026-09-03,93,2
2026-09-06T00:55:48+02:00,6404-0202-011__2026-09-03,1042,12
2026-09-06T00:55:48+02:00,6404-0302-008__2026-09-03,1468,9
2026-09-06T00:55:48+02:00,6404-8201-009__2026-09-03,409,6
2026-09-06T00:55:48+02:00,7101-5103-010__2026-09-03,389,5
2026-09-06T00:55:48+02:00,7101-5106-022__2026-09-03,904,7
2026-09-06T00:55:48+02:00,7505-0703-004__2026-09-03,443,3
2026-09-06T00:55:48+02:00,7404-2305-006__2026-09-03,94,4
2026-09-06T00:55:48+02:00,7808-0204-012__2026-09-03,100,3
2026-09-06T00:55:48+02:00,6303-6202-002__2026-09-03,101,3
2026-09-06T00:55:48+02:00,8303-010010071__2026-09-03,2024,6
2026-09-06T00:55:48+02:00,5201-0503-020__2026-09-03,103,9
2026-09-06T00:55:48+02:00,2118-0404-079__2026-09-03,205,9
2026-09-06T00:55:48+02:00,3622-9906-046__2026-09-03,1109,17
2026-09-06T00:55:48+02:00,7707-0408-005__2026-09-03,395,8
2026-09-06T00:55:48+02:00,7202-5109-108__2026-09-03,673,7
2026-09-06T00:55:48+02:00,5102-3601-003__2026-09-03,97,5
2026-09-06T00:55:48+02:00,2118-0404-052__2026-09-03,357,4
2026-09-06T00:55:48+02:00,7707-1104-006__2026-09-03,357,3
2026-09-06T00:55:48+02:00,7707-0406-014__2026-09-03,87,4
2026-09-06T00:55:48+02:00,6404-0201-005__2026-09-03,409,6
2026-09-06T00:55:48+02:00,6202-2201-004__2026-09-03,421,4
2026-09-06T02:57:25+02:00,5201-0108-008__2026-09-03,205,8
2026-09-06T02:57:25+02:00,7202-5103-101__2026-09-03,27,6
2026-09-06T02:57:25+02:00,2118-0403-003__2026-09-03,118,7
2026-09-06T02:57:25+02:00,3622-9910-013__2026-09-03,392,9
2026-09-06T02:57:25+02:00,5201-0109-015__2026-09-03,70,4
2026-09-06T02:57:25+02:00,5201-0504-022__2026-09-03,416,8
2026-09-06T02:57:25+02:00,7202-4705-101__2026-09-03,130,6
2026-09-06T02:57:25+02:00,7505-0806-009__2026-09-03,443,6
2026-09-06T02:57:25+02:00,7606-1803-025__2026-09-03,357,3
2026-09-06T02:57:25+02:00,1202-1108-001__2026-09-03,892,7
2026-09-06T02:57:25+02:00,4306-4603-009__2026-09-03,55,5
2026-09-06T02:57:25+02:00,4415-0104-058__2026-09-03,542,3
2026-09-06T02:57:25+02:00,4415-0108-073__2026-09-03,732,10
2026-09-06T02:57:25+02:00,4703-1509-1805__2026-09-03,440,4
2026-09-06T02:57:25+02:00,5201-0103-049__2026-09-03,95,2
2026-09-06T02:57:25+02:00,5201-0106-017__2026-09-03,61,4
2026-09-06T02:57:25+02:00,6202-1105-1326__2026-09-03,590,7
2026-09-06T02:57:25+02:00,6202-1203-005__2026-09-03,101,3
2026-09-06T02:57:25+02:00,6202-4105-022__2026-09-03,93,2
2026-09-06T02:57:25+02:00,6404-0202-011__2026-09-03,1042,12
2026-09-06T02:57:25+02:00,6404-0302-008__2026-09-03,1468,9
2026-09-06T02:57:25+02:00,6404-8201-009__2026-09-03,409,6
2026-09-06T02:57:25+02:00,7101-5103-010__2026-09-03,389,5
2026-09-06T02:57:25+02:00,7101-5106-022__2026-09-03,904,7
2026-09-06T02:57:25+02:00,7505-0703-004__2026-09-03,443,3
2026-09-06T02:57:25+02:00,7404-2305-006__2026-09-03,94,4
2026-09-06T02:57:25+02:00,7808-0204-012__2026-09-03,100,3
2026-09-06T02:57:25+02:00,6303-6202-002__2026-09-03,101,3
2026-09-06T02:57:25+02:00,8303-010010071__2026-09-03,2024,6
2026-09-06T02:57:25+02:00,5201-0503-020__2026-09-03,103,9
2026-09-06T02:57:25+02:00,2118-0404-079__2026-09-03,205,9
2026-09-06T02:57:25+02:00,3622-9906-046__2026-09-03,1109,17
2026-09-06T02:57:25+02:00,7707-0408-005__2026-09-03,395,8
2026-09-06T02:57:25+02:00,7202-5109-108__2026-09-03,673,7
2026-09-06T02:57:25+02:00,5102-3601-003__2026-09-03,97,5
2026-09-06T02:57:25+02:00,2118-0404-052__2026-09-03,357,4
2026-09-06T02:57:25+02:00,7707-1104-006__2026-09-03,357,3
2026-09-06T02:57:25+02:00,7707-0406-014__2026-09-03,87,4
2026-09-06T02:57:25+02:00,6404-0201-005__2026-09-03,409,6
2026-09-06T02:57:25+02:00,6202-2201-004__2026-09-03,421,4
2026-09-06T07:57:27+02:00,5201-0108-008__2026-09-03,205,9
2026-09-06T07:57:27+02:00,7202-5103-101__2026-09-03,27,6
2026-09-06T07:57:27+02:00,2118-0403-003__2026-09-03,118,8
2026-09-06T07:57:27+02:00,3622-9910-013__2026-09-03,392,9
2026-09-06T07:57:27+02:00,5201-0109-015__2026-09-03,70,5
2026-09-06T07:57:27+02:00,5201-0504-022__2026-09-03,416,8
2026-09-06T07:57:27+02:00,7202-4705-101__2026-09-03,130,6
2026-09-06T07:57:27+02:00,7505-0806-009__2026-09-03,443,6
2026-09-06T07:57:27+02:00,7606-1803-025__2026-09-03,357,3
2026-09-06T07:57:27+02:00,1202-1108-001__2026-09-03,892,7
2026-09-06T07:57:27+02:00,4306-4603-009__2026-09-03,55,5
2026-09-06T07:57:27+02:00,4415-0104-058__2026-09-03,542,3
2026-09-06T07:57:27+02:00,4415-0108-073__2026-09-03,732,10
2026-09-06T07:57:27+02:00,4703-1509-1805__2026-09-03,440,4
2026-09-06T07:57:27+02:00,5201-0103-049__2026-09-03,95,2
2026-09-06T07:57:27+02:00,5201-0106-017__2026-09-03,61,4
2026-09-06T07:57:27+02:00,6202-1105-1326__2026-09-03,590,7
2026-09-06T07:57:27+02:00,6202-1203-005__2026-09-03,101,3
2026-09-06T07:57:27+02:00,6202-4105-022__2026-09-03,93,2
2026-09-06T07:57:27+02:00,6404-0202-011__2026-09-03,1042,12
2026-09-06T07:57:27+02:00,6404-0302-008__2026-09-03,1468,9
2026-09-06T07:57:27+02:00,6404-8201-009__2026-09-03,409,6
2026-09-06T07:57:27+02:00,7101-5103-010__2026-09-03,389,5
2026-09-06T07:57:27+02:00,7101-5106-022__2026-09-03,904,7
2026-09-06T07:57:27+02:00,7505-0703-004__2026-09-03,443,3
2026-09-06T07:57:27+02:00,7404-2305-006__2026-09-03,94,4
2026-09-06T07:57:27+02:00,7808-0204-012__2026-09-03,100,3
2026-09-06T07:57:27+02:00,6303-6202-002__2026-09-03,101,3
2026-09-06T07:57:27+02:00,8303-010010071__2026-09-03,2024,6
2026-09-06T07:57:27+02:00,5201-0503-020__2026-09-03,103,9
2026-09-06T07:57:27+02:00,2118-0404-079__2026-09-03,205,9
2026-09-06T07:57:27+02:00,3622-9906-046__2026-09-03,1109,18
2026-09-06T07:57:27+02:00,7707-0408-005__2026-09-03,395,8
2026-09-06T07:57:27+02:00,7202-5109-108__2026-09-03,673,7
2026-09-06T07:57:27+02:00,5102-3601-003__2026-09-03,97,5
2026-09-06T07:57:27+02:00,2118-0404-052__2026-09-03,357,4
2026-09-06T07:57:27+02:00,7707-1104-006__2026-09-03,357,3
2026-09-06T07:57:27+02:00,7707-0406-014__2026-09-03,87,4
2026-09-06T07:57:27+02:00,6404-0201-005__2026-09-03,409,6
2026-09-06T07:57:27+02:00,6202-2201-004__2026-09-03,421,4
2026-09-06T12:56:18+02:00,5201-0108-008__2026-09-03,205,9
2026-09-06T12:56:18+02:00,7202-5103-101__2026-09-03,27,6
2026-09-06T12:56:18+02:00,2118-0403-003__2026-09-03,118,8
2026-09-06T12:56:18+02:00,3622-9910-013__2026-09-03,423,11
2026-09-06T12:56:18+02:00,5201-0109-015__2026-09-03,70,6
2026-09-06T12:56:18+02:00,5201-0504-022__2026-09-03,416,8
2026-09-06T12:56:18+02:00,7202-4705-101__2026-09-03,130,6
2026-09-06T12:56:18+02:00,7505-0806-009__2026-09-03,443,6
2026-09-06T12:56:18+02:00,7606-1803-025__2026-09-03,357,3
2026-09-06T12:56:18+02:00,1202-1108-001__2026-09-03,835,6
2026-09-06T12:56:18+02:00,4306-4603-009__2026-09-03,55,5
2026-09-06T12:56:18+02:00,4415-0104-058__2026-09-03,542,4
2026-09-06T12:56:18+02:00,4415-0108-073__2026-09-03,732,10
2026-09-06T12:56:18+02:00,4703-1509-1805__2026-09-03,440,4
2026-09-06T12:56:18+02:00,5201-0103-049__2026-09-03,95,2
2026-09-06T12:56:18+02:00,5201-0106-017__2026-09-03,61,4
2026-09-06T12:56:18+02:00,6202-1105-1326__2026-09-03,590,7
2026-09-06T12:56:18+02:00,6202-1203-005__2026-09-03,101,3
2026-09-06T12:56:18+02:00,6202-4105-022__2026-09-03,93,2
2026-09-06T12:56:18+02:00,6404-0202-011__2026-09-03,1042,12
2026-09-06T12:56:18+02:00,6404-0302-008__2026-09-03,1468,9
2026-09-06T12:56:18+02:00,6404-8201-009__2026-09-03,409,6
2026-09-06T12:56:18+02:00,7101-5103-010__2026-09-03,389,5
2026-09-06T12:56:18+02:00,7101-5106-022__2026-09-03,904,7
2026-09-06T12:56:18+02:00,7505-0703-004__2026-09-03,443,3
2026-09-06T12:56:18+02:00,7404-2305-006__2026-09-03,94,4
2026-09-06T12:56:18+02:00,7808-0204-012__2026-09-03,100,4
2026-09-06T12:56:18+02:00,6303-6202-002__2026-09-03,101,3
2026-09-06T12:56:18+02:00,8303-010010071__2026-09-03,2024,7
2026-09-06T12:56:18+02:00,5201-0503-020__2026-09-03,103,9
2026-09-06T12:56:18+02:00,2118-0404-079__2026-09-03,205,9
2026-09-06T12:56:18+02:00,3622-9906-046__2026-09-03,1109,20
2026-09-06T12:56:18+02:00,7707-0408-005__2026-09-03,395,9
2026-09-06T12:56:18+02:00,7202-5109-108__2026-09-03,673,7
2026-09-06T12:56:18+02:00,5102-3601-003__2026-09-03,97,6
2026-09-06T12:56:18+02:00,2118-0404-052__2026-09-03,357,4
2026-09-06T12:56:18+02:00,7707-1104-006__2026-09-03,357,3
2026-09-06T12:56:18+02:00,7707-0406-014__2026-09-03,87,4
2026-09-06T12:56:18+02:00,6404-0201-005__2026-09-03,586,7
2026-09-06T12:56:18+02:00,6202-2201-004__2026-09-03,421,4
2026-09-06T16:10:25+02:00,5201-0108-008__2026-09-03,205,9
2026-09-06T16:10:25+02:00,7202-5103-101__2026-09-03,50,7
2026-09-06T16:10:25+02:00,2118-0403-003__2026-09-03,118,9
2026-09-06T16:10:25+02:00,3622-9910-013__2026-09-03,423,12
2026-09-06T16:10:25+02:00,5201-0109-015__2026-09-03,70,6
2026-09-06T16:10:25+02:00,5201-0504-022__2026-09-03,416,8
2026-09-06T16:10:25+02:00,7202-4705-101__2026-09-03,130,6
2026-09-06T16:10:25+02:00,7505-0806-009__2026-09-03,443,6
2026-09-06T16:10:25+02:00,7606-1803-025__2026-09-03,357,3
2026-09-06T16:10:25+02:00,1202-1108-001__2026-09-03,835,6
2026-09-06T16:10:25+02:00,4306-4603-009__2026-09-03,87,6
2026-09-06T16:10:25+02:00,4415-0104-058__2026-09-03,542,4
2026-09-06T16:10:25+02:00,4415-0108-073__2026-09-03,732,10
2026-09-06T16:10:25+02:00,4703-1509-1805__2026-09-03,440,4
2026-09-06T16:10:25+02:00,5201-0103-049__2026-09-03,95,2
2026-09-06T16:10:25+02:00,5201-0106-017__2026-09-03,61,4
2026-09-06T16:10:25+02:00,6202-1105-1326__2026-09-03,590,7
2026-09-06T16:10:25+02:00,6202-1203-005__2026-09-03,101,3
2026-09-06T16:10:25+02:00,6202-4105-022__2026-09-03,93,2
2026-09-06T16:10:25+02:00,6404-0202-011__2026-09-03,1042,12
2026-09-06T16:10:25+02:00,6404-0302-008__2026-09-03,1468,9
2026-09-06T16:10:25+02:00,6404-8201-009__2026-09-03,409,6
2026-09-06T16:10:25+02:00,7101-5103-010__2026-09-03,453,6
2026-09-06T16:10:25+02:00,7101-5106-022__2026-09-03,904,7
2026-09-06T16:10:25+02:00,7505-0703-004__2026-09-03,443,3
2026-09-06T16:10:25+02:00,7404-2305-006__2026-09-03,94,4
2026-09-06T16:10:25+02:00,7808-0204-012__2026-09-03,100,4
2026-09-06T16:10:25+02:00,6303-6202-002__2026-09-03,101,3
2026-09-06T16:10:25+02:00,8303-010010071__2026-09-03,2024,7
2026-09-06T16:10:25+02:00,5201-0503-020__2026-09-03,103,10
2026-09-06T16:10:25+02:00,2118-0404-079__2026-09-03,205,8
2026-09-06T16:10:25+02:00,3622-9906-046__2026-09-03,1109,20
2026-09-06T16:10:25+02:00,7707-0408-005__2026-09-03,395,10
2026-09-06T16:10:25+02:00,7202-5109-108__2026-09-03,673,7
2026-09-06T16:10:25+02:00,5102-3601-003__2026-09-03,97,6
2026-09-06T16:10:25+02:00,2118-0404-052__2026-09-03,357,4
2026-09-06T16:10:25+02:00,7707-1104-006__2026-09-03,357,3
2026-09-06T16:10:25+02:00,7707-0406-014__2026-09-03,87,5
2026-09-06T16:10:25+02:00,6404-0201-005__2026-09-03,586,6
2026-09-06T16:10:25+02:00,6202-2201-004__2026-09-03,421,4
2026-09-06T19:02:11+02:00,5201-0108-008__2026-09-03,205,9
2026-09-06T19:02:11+02:00,7202-5103-101__2026-09-03,50,7
2026-09-06T19:02:11+02:00,2118-0403-003__2026-09-03,118,9
2026-09-06T19:02:11+02:00,3622-9910-013__2026-09-03,423,12
2026-09-06T19:02:11+02:00,5201-0109-015__2026-09-03,70,6
2026-09-06T19:02:11+02:00,5201-0504-022__2026-09-03,416,8
2026-09-06T19:02:11+02:00,7202-4705-101__2026-09-03,130,6
2026-09-06T19:02:11+02:00,7505-0806-009__2026-09-03,443,6
2026-09-06T19:02:11+02:00,7606-1803-025__2026-09-03,357,3
2026-09-06T19:02:11+02:00,1202-1108-001__2026-09-03,835,6
2026-09-06T19:02:11+02:00,4306-4603-009__2026-09-03,87,6
2026-09-06T19:02:11+02:00,4415-0104-058__2026-09-03,542,4
2026-09-06T19:02:11+02:00,4415-0108-073__2026-09-03,732,10
2026-09-06T19:02:11+02:00,4703-1509-1805__2026-09-03,440,4
2026-09-06T19:02:11+02:00,5201-0103-049__2026-09-03,95,2
2026-09-06T19:02:11+02:00,5201-0106-017__2026-09-03,67,5
2026-09-06T19:02:11+02:00,6202-1105-1326__2026-09-03,590,7
2026-09-06T19:02:11+02:00,6202-1203-005__2026-09-03,101,3
2026-09-06T19:02:11+02:00,6202-4105-022__2026-09-03,93,2
2026-09-06T19:02:11+02:00,6404-0202-011__2026-09-03,1042,12
2026-09-06T19:02:11+02:00,6404-0302-008__2026-09-03,1468,9
2026-09-06T19:02:11+02:00,6404-8201-009__2026-09-03,409,7
2026-09-06T19:02:11+02:00,7101-5103-010__2026-09-03,453,7
2026-09-06T19:02:11+02:00,7101-5106-022__2026-09-03,904,8
2026-09-06T19:02:11+02:00,7505-0703-004__2026-09-03,443,3
2026-09-06T19:02:11+02:00,7404-2305-006__2026-09-03,94,4
2026-09-06T19:02:11+02:00,7808-0204-012__2026-09-03,74,4
2026-09-06T19:02:11+02:00,6303-6202-002__2026-09-03,194,4
2026-09-06T19:02:11+02:00,8303-010010071__2026-09-03,2024,7
2026-09-06T19:02:11+02:00,5201-0503-020__2026-09-03,103,10
2026-09-06T19:02:11+02:00,2118-0404-079__2026-09-03,205,8
2026-09-06T19:02:11+02:00,3622-9906-046__2026-09-03,995,19
2026-09-06T19:02:11+02:00,7707-0408-005__2026-09-03,395,10
2026-09-06T19:02:11+02:00,7202-5109-108__2026-09-03,673,7
2026-09-06T19:02:11+02:00,5102-3601-003__2026-09-03,97,7
2026-09-06T19:02:11+02:00,2118-0404-052__2026-09-03,357,4
2026-09-06T19:02:11+02:00,7707-1104-006__2026-09-03,357,4
2026-09-06T19:02:11+02:00,7707-0406-014__2026-09-03,87,6
2026-09-06T19:02:11+02:00,6404-0201-005__2026-09-03,586,6
2026-09-06T19:02:11+02:00,6202-2201-004__2026-09-03,421,5
2026-09-06T21:10:10+02:00,5201-0108-008__2026-09-03,205,9
2026-09-06T21:10:10+02:00,7202-5103-101__2026-09-03,67,9
2026-09-06T21:10:10+02:00,2118-0403-003__2026-09-03,118,9
2026-09-06T21:10:10+02:00,3622-9910-013__2026-09-03,423,12
2026-09-06T21:10:10+02:00,5201-0109-015__2026-09-03,70,6
2026-09-06T21:10:10+02:00,5201-0504-022__2026-09-03,416,9
2026-09-06T21:10:10+02:00,7202-4705-101__2026-09-03,130,7
2026-09-06T21:10:10+02:00,7505-0806-009__2026-09-03,443,6
2026-09-06T21:10:10+02:00,7606-1803-025__2026-09-03,41,3
2026-09-06T21:10:10+02:00,1202-1108-001__2026-09-03,835,7
2026-09-06T21:10:10+02:00,4306-4603-009__2026-09-03,87,6
2026-09-06T21:10:10+02:00,4415-0104-058__2026-09-03,597,5
2026-09-06T21:10:10+02:00,4415-0108-073__2026-09-03,732,10
2026-09-06T21:10:10+02:00,4703-1509-1805__2026-09-03,440,4
2026-09-06T21:10:10+02:00,5201-0103-049__2026-09-03,95,3
2026-09-06T21:10:10+02:00,5201-0106-017__2026-09-03,67,5
2026-09-06T21:10:10+02:00,6202-1105-1326__2026-09-03,590,7
2026-09-06T21:10:10+02:00,6202-1203-005__2026-09-03,139,4
2026-09-06T21:10:10+02:00,6202-4105-022__2026-09-03,93,2
2026-09-06T21:10:10+02:00,6404-0202-011__2026-09-03,1042,12
2026-09-06T21:10:10+02:00,6404-0302-008__2026-09-03,1468,8
2026-09-06T21:10:10+02:00,6404-8201-009__2026-09-03,466,8
2026-09-06T21:10:10+02:00,7101-5103-010__2026-09-03,743,9
2026-09-06T21:10:10+02:00,7101-5106-022__2026-09-03,904,8
2026-09-06T21:10:10+02:00,7505-0703-004__2026-09-03,443,3
2026-09-06T21:10:10+02:00,7404-2305-006__2026-09-03,94,4
2026-09-06T21:10:10+02:00,7808-0204-012__2026-09-03,74,4
2026-09-06T21:10:10+02:00,6303-6202-002__2026-09-03,194,5
2026-09-06T21:10:10+02:00,8303-010010071__2026-09-03,2024,7
2026-09-06T21:10:10+02:00,5201-0503-020__2026-09-03,103,10
2026-09-06T21:10:10+02:00,2118-0404-079__2026-09-03,205,8
2026-09-06T21:10:10+02:00,3622-9906-046__2026-09-03,995,19
2026-09-06T21:10:10+02:00,7707-0408-005__2026-09-03,395,10
2026-09-06T21:10:10+02:00,7202-5109-108__2026-09-03,673,7
2026-09-06T21:10:10+02:00,5102-3601-003__2026-09-03,97,7
2026-09-06T21:10:10+02:00,2118-0404-052__2026-09-03,357,4
2026-09-06T21:10:10+02:00,7707-1104-006__2026-09-03,357,4
2026-09-06T21:10:10+02:00,7707-0406-014__2026-09-03,87,6
2026-09-06T21:10:10+02:00,6404-0201-005__2026-09-03,586,6
2026-09-06T21:10:10+02:00,6202-2201-004__2026-09-03,421,6
2026-09-06T23:20:27+02:00,5201-0108-008__2026-09-03,205,9
2026-09-06T23:20:27+02:00,7202-5103-101__2026-09-03,94,11
2026-09-06T23:20:27+02:00,2118-0403-003__2026-09-03,118,9
2026-09-06T23:20:27+02:00,3622-9910-013__2026-09-03,423,12
2026-09-06T23:20:27+02:00,5201-0109-015__2026-09-03,70,6
2026-09-06T23:20:27+02:00,5201-0504-022__2026-09-03,416,8
2026-09-06T23:20:27+02:00,7202-4705-101__2026-09-03,130,7
2026-09-06T23:20:27+02:00,7505-0806-009__2026-09-03,443,6
2026-09-06T23:20:27+02:00,7606-1803-025__2026-09-03,58,5
2026-09-06T23:20:27+02:00,1202-1108-001__2026-09-03,835,7
2026-09-06T23:20:27+02:00,4306-4603-009__2026-09-03,87,6
2026-09-06T23:20:27+02:00,4415-0104-058__2026-09-03,597,5
2026-09-06T23:20:27+02:00,4415-0108-073__2026-09-03,732,10
2026-09-06T23:20:27+02:00,4703-1509-1805__2026-09-03,329,3
2026-09-06T23:20:27+02:00,5201-0103-049__2026-09-03,95,3
2026-09-06T23:20:27+02:00,5201-0106-017__2026-09-03,67,5
2026-09-06T23:20:27+02:00,6202-1105-1326__2026-09-03,590,7
2026-09-06T23:20:27+02:00,6202-1203-005__2026-09-03,139,4
2026-09-06T23:20:27+02:00,6202-4105-022__2026-09-03,93,2
2026-09-06T23:20:27+02:00,6404-0202-011__2026-09-03,1042,13
2026-09-06T23:20:27+02:00,6404-0302-008__2026-09-03,1468,9
2026-09-06T23:20:27+02:00,6404-8201-009__2026-09-03,466,9
2026-09-06T23:20:27+02:00,7101-5103-010__2026-09-03,743,7
2026-09-06T23:20:27+02:00,7101-5106-022__2026-09-03,904,8
2026-09-06T23:20:27+02:00,7505-0703-004__2026-09-03,443,3
2026-09-06T23:20:27+02:00,7404-2305-006__2026-09-03,94,3
2026-09-06T23:20:27+02:00,7808-0204-012__2026-09-03,93,5
2026-09-06T23:20:27+02:00,6303-6202-002__2026-09-03,606,6
2026-09-06T23:20:27+02:00,8303-010010071__2026-09-03,2024,8
2026-09-06T23:20:27+02:00,5201-0503-020__2026-09-03,112,12
2026-09-06T23:20:27+02:00,2118-0404-079__2026-09-03,205,8
2026-09-06T23:20:27+02:00,3622-9906-046__2026-09-03,995,19
2026-09-06T23:20:27+02:00,7707-0408-005__2026-09-03,395,10
2026-09-06T23:20:27+02:00,7202-5109-108__2026-09-03,673,7
2026-09-06T23:20:27+02:00,5102-3601-003__2026-09-03,103,9
2026-09-06T23:20:27+02:00,2118-0404-052__2026-09-03,357,4
2026-09-06T23:20:27+02:00,7707-1104-006__2026-09-03,357,4
2026-09-06T23:20:27+02:00,7707-0406-014__2026-09-03,87,6
2026-09-06T23:20:27+02:00,6404-0201-005__2026-09-03,1009,9
2026-09-06T23:20:27+02:00,6202-2201-004__2026-09-03,421,6
2026-09-07T01:54:10+02:00,5201-0108-008__2026-09-03,205,9
2026-09-07T01:54:10+02:00,7202-5103-101__2026-09-03,95,11
2026-09-07T01:54:10+02:00,2118-0403-003__2026-09-03,119,9
2026-09-07T01:54:10+02:00,3622-9910-013__2026-09-03,424,12
2026-09-07T01:54:10+02:00,5201-0109-015__2026-09-03,71,6
2026-09-07T01:54:10+02:00,5201-0504-022__2026-09-03,417,8
2026-09-07T01:54:10+02:00,7202-4705-101__2026-09-03,131,7
2026-09-07T01:54:10+02:00,7505-0806-009__2026-09-03,444,6
2026-09-07T01:54:10+02:00,7606-1803-025__2026-09-03,59,5
2026-09-07T01:54:10+02:00,1202-1108-001__2026-09-03,836,7
2026-09-07T01:54:10+02:00,4306-4603-009__2026-09-03,88,6
2026-09-07T01:54:10+02:00,4415-0104-058__2026-09-03,598,6
2026-09-07T01:54:10+02:00,4415-0108-073__2026-09-03,733,10
2026-09-07T01:54:10+02:00,4703-1509-1805__2026-09-03,330,4
2026-09-07T01:54:10+02:00,5201-0103-049__2026-09-03,96,3
2026-09-07T01:54:10+02:00,5201-0106-017__2026-09-03,68,5
2026-09-07T01:54:10+02:00,6202-1105-1326__2026-09-03,591,7
2026-09-07T01:54:10+02:00,6202-1203-005__2026-09-03,195,5
2026-09-07T01:54:10+02:00,6202-4105-022__2026-09-03,94,2
2026-09-07T01:54:10+02:00,6404-0202-011__2026-09-03,1043,13
2026-09-07T01:54:10+02:00,6404-0302-008__2026-09-03,1469,9
2026-09-07T01:54:10+02:00,6404-8201-009__2026-09-03,467,9
2026-09-07T01:54:10+02:00,7101-5103-010__2026-09-03,744,7
2026-09-07T01:54:10+02:00,7101-5106-022__2026-09-03,905,8
2026-09-07T01:54:10+02:00,7505-0703-004__2026-09-03,444,3
2026-09-07T01:54:10+02:00,7404-2305-006__2026-09-03,95,3
2026-09-07T01:54:10+02:00,7808-0204-012__2026-09-03,95,6
2026-09-07T01:54:10+02:00,6303-6202-002__2026-09-03,607,6
2026-09-07T01:54:10+02:00,8303-010010071__2026-09-03,2025,9
2026-09-07T01:54:10+02:00,5201-0503-020__2026-09-03,113,12
2026-09-07T01:54:10+02:00,2118-0404-079__2026-09-03,205,8
2026-09-07T01:54:10+02:00,3622-9906-046__2026-09-03,996,19
2026-09-07T01:54:10+02:00,7707-0408-005__2026-09-03,396,11
2026-09-07T01:54:10+02:00,7202-5109-108__2026-09-03,674,7
2026-09-07T01:54:10+02:00,5102-3601-003__2026-09-03,104,9
2026-09-07T01:54:10+02:00,2118-0404-052__2026-09-03,358,4
2026-09-07T01:54:10+02:00,7707-1104-006__2026-09-03,358,4
2026-09-07T01:54:10+02:00,7707-0406-014__2026-09-03,88,6
2026-09-07T01:54:10+02:00,6404-0201-005__2026-09-03,1010,9
2026-09-07T01:54:10+02:00,6202-2201-004__2026-09-03,422,6
2026-09-07T06:40:46+02:00,5201-0108-008__2026-09-03,205,9
2026-09-07T06:40:46+02:00,7202-5103-101__2026-09-03,95,11
2026-09-07T06:40:46+02:00,2118-0403-003__2026-09-03,119,9
2026-09-07T06:40:46+02:00,3622-9910-013__2026-09-03,424,12
2026-09-07T06:40:46+02:00,5201-0109-015__2026-09-03,71,6
2026-09-07T06:40:46+02:00,5201-0504-022__2026-09-03,417,8
2026-09-07T06:40:46+02:00,7202-4705-101__2026-09-03,131,7
2026-09-07T06:40:46+02:00,7505-0806-009__2026-09-03,444,6
2026-09-07T06:40:46+02:00,7606-1803-025__2026-09-03,59,5
2026-09-07T06:40:46+02:00,1202-1108-001__2026-09-03,836,7
2026-09-07T06:40:46+02:00,4306-4603-009__2026-09-03,88,6
2026-09-07T06:40:46+02:00,4415-0104-058__2026-09-03,598,6
2026-09-07T06:40:46+02:00,4415-0108-073__2026-09-03,733,10
2026-09-07T06:40:46+02:00,4703-1509-1805__2026-09-03,330,4
2026-09-07T06:40:46+02:00,5201-0103-049__2026-09-03,96,3
2026-09-07T06:40:46+02:00,5201-0106-017__2026-09-03,68,5
2026-09-07T06:40:46+02:00,6202-1105-1326__2026-09-03,591,7
2026-09-07T06:40:46+02:00,6202-1203-005__2026-09-03,195,6
2026-09-07T06:40:46+02:00,6202-4105-022__2026-09-03,94,2
2026-09-07T06:40:46+02:00,6404-0202-011__2026-09-03,1043,13
2026-09-07T06:40:46+02:00,6404-0302-008__2026-09-03,1469,9
2026-09-07T06:40:46+02:00,6404-8201-009__2026-09-03,467,9
2026-09-07T06:40:46+02:00,7101-5103-010__2026-09-03,744,7
2026-09-07T06:40:46+02:00,7101-5106-022__2026-09-03,905,8
2026-09-07T06:40:46+02:00,7505-0703-004__2026-09-03,444,3
2026-09-07T06:40:46+02:00,7404-2305-006__2026-09-03,95,3
2026-09-07T06:40:46+02:00,7808-0204-012__2026-09-03,95,6
2026-09-07T06:40:46+02:00,6303-6202-002__2026-09-03,607,7
2026-09-07T06:40:46+02:00,8303-010010071__2026-09-03,2025,9
2026-09-07T06:40:46+02:00,5201-0503-020__2026-09-03,113,12
2026-09-07T06:40:46+02:00,2118-0404-079__2026-09-03,205,8
2026-09-07T06:40:46+02:00,3622-9906-046__2026-09-03,996,19
2026-09-07T06:40:46+02:00,7707-0408-005__2026-09-03,396,11
2026-09-07T06:40:46+02:00,7202-5109-108__2026-09-03,674,7
2026-09-07T06:40:46+02:00,5102-3601-003__2026-09-03,104,9
2026-09-07T06:40:46+02:00,2118-0404-052__2026-09-03,358,4
2026-09-07T06:40:46+02:00,7707-1104-006__2026-09-03,358,4
2026-09-07T06:40:46+02:00,7707-0406-014__2026-09-03,88,6
2026-09-07T06:40:46+02:00,6404-0201-005__2026-09-03,1010,9
2026-09-07T06:40:46+02:00,6202-2201-004__2026-09-03,422,7
2026-09-07T12:17:55+02:00,5201-0108-008__2026-09-03,205,9
2026-09-07T12:17:55+02:00,7202-5103-101__2026-09-03,95,11
2026-09-07T12:17:55+02:00,2118-0403-003__2026-09-03,119,10
2026-09-07T12:17:55+02:00,3622-9910-013__2026-09-03,424,12
2026-09-07T12:17:55+02:00,5201-0109-015__2026-09-03,76,7
2026-09-07T12:17:55+02:00,5201-0504-022__2026-09-03,426,9
2026-09-07T12:17:55+02:00,7202-4705-101__2026-09-03,131,7
2026-09-07T12:17:55+02:00,7505-0806-009__2026-09-03,444,5
2026-09-07T12:17:55+02:00,7606-1803-025__2026-09-03,70,9
2026-09-07T12:17:55+02:00,1202-1108-001__2026-09-03,836,7
2026-09-07T12:17:55+02:00,4306-4603-009__2026-09-03,88,6
2026-09-07T12:17:55+02:00,4415-0104-058__2026-09-03,598,6
2026-09-07T12:17:55+02:00,4415-0108-073__2026-09-03,733,10
2026-09-07T12:17:55+02:00,4703-1509-1805__2026-09-03,330,4
2026-09-07T12:17:55+02:00,5201-0103-049__2026-09-03,96,3
2026-09-07T12:17:55+02:00,5201-0106-017__2026-09-03,71,7
2026-09-07T12:17:55+02:00,6202-1105-1326__2026-09-03,591,7
2026-09-07T12:17:55+02:00,6202-1203-005__2026-09-03,195,6
2026-09-07T12:17:55+02:00,6202-4105-022__2026-09-03,94,2
2026-09-07T12:17:55+02:00,6404-0202-011__2026-09-03,1444,14
2026-09-07T12:17:55+02:00,6404-0302-008__2026-09-03,1469,9
2026-09-07T12:17:55+02:00,6404-8201-009__2026-09-03,467,9
2026-09-07T12:17:55+02:00,7101-5103-010__2026-09-03,744,9
2026-09-07T12:17:55+02:00,7101-5106-022__2026-09-03,905,9
2026-09-07T12:17:55+02:00,7505-0703-004__2026-09-03,444,3
2026-09-07T12:17:55+02:00,7404-2305-006__2026-09-03,95,3
2026-09-07T12:17:55+02:00,7808-0204-012__2026-09-03,95,6
2026-09-07T12:17:55+02:00,6303-6202-002__2026-09-03,607,7
2026-09-07T12:17:55+02:00,8303-010010071__2026-09-03,2025,10
2026-09-07T12:17:55+02:00,5201-0503-020__2026-09-03,113,12
2026-09-07T12:17:55+02:00,2118-0404-079__2026-09-03,205,8
2026-09-07T12:17:55+02:00,3622-9906-046__2026-09-03,996,19
2026-09-07T12:17:55+02:00,7707-0408-005__2026-09-03,396,11
2026-09-07T12:17:55+02:00,7202-5109-108__2026-09-03,674,7
2026-09-07T12:17:55+02:00,5102-3601-003__2026-09-03,104,9
2026-09-07T12:17:55+02:00,2118-0404-052__2026-09-03,358,5
2026-09-07T12:17:55+02:00,7707-1104-006__2026-09-03,358,4
2026-09-07T12:17:55+02:00,6202-2201-004__2026-09-03,422,7
2026-09-07T14:56:35+02:00,5201-0108-008__2026-09-03,205,9
2026-09-07T14:56:35+02:00,7202-5103-101__2026-09-03,95,11
2026-09-07T14:56:35+02:00,2118-0403-003__2026-09-03,119,10
2026-09-07T14:56:35+02:00,3622-9910-013__2026-09-03,424,12
2026-09-07T14:56:35+02:00,5201-0109-015__2026-09-03,76,7
2026-09-07T14:56:35+02:00,5201-0504-022__2026-09-03,426,11
2026-09-07T14:56:35+02:00,7202-4705-101__2026-09-03,131,7
2026-09-07T14:56:35+02:00,7505-0806-009__2026-09-03,444,5
2026-09-07T14:56:35+02:00,7606-1803-025__2026-09-03,70,9
2026-09-07T14:56:35+02:00,1202-1108-001__2026-09-03,836,8
2026-09-07T14:56:35+02:00,4306-4603-009__2026-09-03,88,6
2026-09-07T14:56:35+02:00,4415-0104-058__2026-09-03,598,6
2026-09-07T14:56:35+02:00,4415-0108-073__2026-09-03,733,10
2026-09-07T14:56:35+02:00,4703-1509-1805__2026-09-03,330,4
2026-09-07T14:56:35+02:00,5201-0103-049__2026-09-03,96,3
2026-09-07T14:56:35+02:00,5201-0106-017__2026-09-03,101,8
2026-09-07T14:56:35+02:00,6202-1105-1326__2026-09-03,591,7
2026-09-07T14:56:35+02:00,6202-1203-005__2026-09-03,257,6
2026-09-07T14:56:35+02:00,6202-4105-022__2026-09-03,94,3
2026-09-07T14:56:35+02:00,6404-0202-011__2026-09-03,1444,14
2026-09-07T14:56:35+02:00,6404-0302-008__2026-09-03,1469,10
2026-09-07T14:56:35+02:00,6404-8201-009__2026-09-03,587,10
2026-09-07T14:56:35+02:00,7101-5103-010__2026-09-03,744,9
2026-09-07T14:56:35+02:00,7101-5106-022__2026-09-03,905,10
2026-09-07T14:56:35+02:00,7505-0703-004__2026-09-03,444,3
2026-09-07T14:56:35+02:00,7404-2305-006__2026-09-03,95,3
2026-09-07T14:56:35+02:00,7808-0204-012__2026-09-03,95,6
2026-09-07T14:56:35+02:00,6303-6202-002__2026-09-03,607,6
2026-09-07T14:56:35+02:00,8303-010010071__2026-09-03,2025,11
2026-09-07T14:56:35+02:00,5201-0503-020__2026-09-03,385,14
2026-09-07T14:56:35+02:00,2118-0404-079__2026-09-03,205,8
2026-09-07T14:56:35+02:00,3622-9906-046__2026-09-03,1378,20
2026-09-07T14:56:35+02:00,7707-0408-005__2026-09-03,467,13
2026-09-07T14:56:35+02:00,7202-5109-108__2026-09-03,674,7
2026-09-07T14:56:35+02:00,5102-3601-003__2026-09-03,104,9
2026-09-07T14:56:35+02:00,2118-0404-052__2026-09-03,358,5
2026-09-07T14:56:35+02:00,7707-1104-006__2026-09-03,358,4
2026-09-07T14:56:35+02:00,6202-2201-004__2026-09-03,422,7
2026-09-07T14:58:37+02:00,5201-0108-008__2026-09-03,205,9
2026-09-07T14:58:37+02:00,7202-5103-101__2026-09-03,95,11
2026-09-07T14:58:37+02:00,2118-0403-003__2026-09-03,119,10
2026-09-07T14:58:37+02:00,3622-9910-013__2026-09-03,424,12
2026-09-07T14:58:37+02:00,5201-0109-015__2026-09-03,76,7
2026-09-07T14:58:37+02:00,5201-0504-022__2026-09-03,426,11
2026-09-07T14:58:37+02:00,7202-4705-101__2026-09-03,131,7
2026-09-07T14:58:37+02:00,7505-0806-009__2026-09-03,444,5
2026-09-07T14:58:37+02:00,7606-1803-025__2026-09-03,70,9
2026-09-07T14:58:37+02:00,1202-1108-001__2026-09-03,836,8
2026-09-07T14:58:37+02:00,4306-4603-009__2026-09-03,88,6
2026-09-07T14:58:37+02:00,4415-0104-058__2026-09-03,598,6
2026-09-07T14:58:37+02:00,4415-0108-073__2026-09-03,733,10
2026-09-07T14:58:37+02:00,4703-1509-1805__2026-09-03,330,4
2026-09-07T14:58:37+02:00,5201-0103-049__2026-09-03,96,3
2026-09-07T14:58:37+02:00,5201-0106-017__2026-09-03,101,8
2026-09-07T14:58:37+02:00,6202-1105-1326__2026-09-03,591,7
2026-09-07T14:58:37+02:00,6202-1203-005__2026-09-03,257,6
2026-09-07T14:58:37+02:00,6202-4105-022__2026-09-03,94,3
2026-09-07T14:58:37+02:00,6404-0202-011__2026-09-03,1444,14
2026-09-07T14:58:37+02:00,6404-0302-008__2026-09-03,1469,10
2026-09-07T14:58:37+02:00,6404-8201-009__2026-09-03,587,10
2026-09-07T14:58:37+02:00,7101-5103-010__2026-09-03,744,9
2026-09-07T14:58:37+02:00,7101-5106-022__2026-09-03,905,10
2026-09-07T14:58:37+02:00,7505-0703-004__2026-09-03,444,3
2026-09-07T14:58:37+02:00,7404-2305-006__2026-09-03,95,3
2026-09-07T14:58:37+02:00,7808-0204-012__2026-09-03,95,6
2026-09-07T14:58:37+02:00,6303-6202-002__2026-09-03,607,6
2026-09-07T14:58:37+02:00,8303-010010071__2026-09-03,2025,11
2026-09-07T14:58:37+02:00,5201-0503-020__2026-09-03,385,14
2026-09-07T14:58:37+02:00,2118-0404-079__2026-09-03,205,8
2026-09-07T14:58:37+02:00,3622-9906-046__2026-09-03,1378,20
2026-09-07T14:58:37+02:00,7707-0408-005__2026-09-03,467,13
2026-09-07T14:58:37+02:00,7202-5109-108__2026-09-03,674,7
2026-09-07T14:58:37+02:00,5102-3601-003__2026-09-03,104,9
2026-09-07T14:58:37+02:00,2118-0404-052__2026-09-03,358,5
2026-09-07T14:58:37+02:00,7707-1104-006__2026-09-03,358,4
2026-09-07T14:58:37+02:00,6202-2201-004__2026-09-03,422,7
2026-09-07T15:00:38+02:00,5201-0108-008__2026-09-03,205,9
2026-09-07T15:00:38+02:00,7202-5103-101__2026-09-03,95,11
2026-09-07T15:00:38+02:00,2118-0403-003__2026-09-03,119,10
2026-09-07T15:00:38+02:00,3622-9910-013__2026-09-03,424,12
2026-09-07T15:00:38+02:00,5201-0109-015__2026-09-03,76,7
2026-09-07T15:00:38+02:00,5201-0504-022__2026-09-03,473,11
2026-09-07T15:00:38+02:00,7202-4705-101__2026-09-03,131,7
2026-09-07T15:00:38+02:00,7505-0806-009__2026-09-03,444,5
2026-09-07T15:00:38+02:00,7606-1803-025__2026-09-03,70,9
2026-09-07T15:00:38+02:00,1202-1108-001__2026-09-03,836,8
2026-09-07T15:00:38+02:00,4306-4603-009__2026-09-03,88,6
2026-09-07T15:00:38+02:00,4415-0104-058__2026-09-03,598,6
2026-09-07T15:00:38+02:00,4415-0108-073__2026-09-03,733,10
2026-09-07T15:00:38+02:00,4703-1509-1805__2026-09-03,330,4
2026-09-07T15:00:38+02:00,5201-0103-049__2026-09-03,96,3
2026-09-07T15:00:38+02:00,5201-0106-017__2026-09-03,101,8
2026-09-07T15:00:38+02:00,6202-1105-1326__2026-09-03,591,7
2026-09-07T15:00:38+02:00,6202-1203-005__2026-09-03,257,6
2026-09-07T15:00:38+02:00,6202-4105-022__2026-09-03,94,3
2026-09-07T15:00:38+02:00,6404-0202-011__2026-09-03,1444,14
2026-09-07T15:00:38+02:00,6404-0302-008__2026-09-03,1469,10
2026-09-07T15:00:38+02:00,6404-8201-009__2026-09-03,587,10
2026-09-07T15:00:38+02:00,7101-5103-010__2026-09-03,744,9
2026-09-07T15:00:38+02:00,7101-5106-022__2026-09-03,905,10
2026-09-07T15:00:38+02:00,7505-0703-004__2026-09-03,444,3
2026-09-07T15:00:38+02:00,7404-2305-006__2026-09-03,95,3
2026-09-07T15:00:38+02:00,7808-0204-012__2026-09-03,95,6
2026-09-07T15:00:38+02:00,6303-6202-002__2026-09-03,607,6
2026-09-07T15:00:38+02:00,8303-010010071__2026-09-03,2025,11
2026-09-07T15:00:38+02:00,5201-0503-020__2026-09-03,385,14
2026-09-07T15:00:38+02:00,2118-0404-079__2026-09-03,205,8
2026-09-07T15:00:38+02:00,3622-9906-046__2026-09-03,1378,20
2026-09-07T15:00:38+02:00,7707-0408-005__2026-09-03,467,13
2026-09-07T15:00:38+02:00,7202-5109-108__2026-09-03,674,7
2026-09-07T15:00:38+02:00,5102-3601-003__2026-09-03,104,9
2026-09-07T15:00:38+02:00,2118-0404-052__2026-09-03,358,5
2026-09-07T15:00:38+02:00,7707-1104-006__2026-09-03,358,4
2026-09-07T15:00:38+02:00,6202-2201-004__2026-09-03,422,7
2026-09-07T15:02:39+02:00,5201-0108-008__2026-09-03,205,9
2026-09-07T15:02:39+02:00,7202-5103-101__2026-09-03,95,11
2026-09-07T15:02:39+02:00,2118-0403-003__2026-09-03,119,10
2026-09-07T15:02:39+02:00,3622-9910-013__2026-09-03,424,12
2026-09-07T15:02:39+02:00,5201-0109-015__2026-09-03,76,7
2026-09-07T15:02:39+02:00,5201-0504-022__2026-09-03,473,11
2026-09-07T15:02:39+02:00,7202-4705-101__2026-09-03,131,7
2026-09-07T15:02:39+02:00,7505-0806-009__2026-09-03,444,5
2026-09-07T15:02:39+02:00,7606-1803-025__2026-09-03,70,9
2026-09-07T15:02:39+02:00,1202-1108-001__2026-09-03,836,8
2026-09-07T15:02:39+02:00,4306-4603-009__2026-09-03,88,6
2026-09-07T15:02:39+02:00,4415-0104-058__2026-09-03,598,6
2026-09-07T15:02:39+02:00,4415-0108-073__2026-09-03,733,10
2026-09-07T15:02:39+02:00,4703-1509-1805__2026-09-03,330,4
2026-09-07T15:02:39+02:00,5201-0103-049__2026-09-03,96,3
2026-09-07T15:02:39+02:00,5201-0106-017__2026-09-03,101,8
2026-09-07T15:02:39+02:00,6202-1105-1326__2026-09-03,591,7
2026-09-07T15:02:39+02:00,6202-1203-005__2026-09-03,257,6
2026-09-07T15:02:39+02:00,6202-4105-022__2026-09-03,94,3
2026-09-07T15:02:39+02:00,6404-0202-011__2026-09-03,1444,14
2026-09-07T15:02:39+02:00,6404-0302-008__2026-09-03,1469,10
2026-09-07T15:02:39+02:00,6404-8201-009__2026-09-03,587,10
2026-09-07T15:02:39+02:00,7101-5103-010__2026-09-03,744,9
2026-09-07T15:02:39+02:00,7101-5106-022__2026-09-03,905,10
2026-09-07T15:02:39+02:00,7505-0703-004__2026-09-03,444,3
2026-09-07T15:02:39+02:00,7404-2305-006__2026-09-03,95,3
2026-09-07T15:02:39+02:00,7808-0204-012__2026-09-03,95,6
2026-09-07T15:02:39+02:00,6303-6202-002__2026-09-03,607,6
2026-09-07T15:02:39+02:00,8303-010010071__2026-09-03,2025,11
2026-09-07T15:02:39+02:00,5201-0503-020__2026-09-03,385,14
2026-09-07T15:02:39+02:00,2118-0404-079__2026-09-03,205,8
2026-09-07T15:02:39+02:00,3622-9906-046__2026-09-03,1378,20
2026-09-07T15:02:39+02:00,7707-0408-005__2026-09-03,467,13
2026-09-07T15:02:39+02:00,7202-5109-108__2026-09-03,674,7
2026-09-07T15:02:39+02:00,5102-3601-003__2026-09-03,104,9
2026-09-07T15:02:39+02:00,2118-0404-052__2026-09-03,358,5
2026-09-07T15:02:39+02:00,7707-1104-006__2026-09-03,358,4
2026-09-07T15:02:39+02:00,6202-2201-004__2026-09-03,422,7
2026-09-07T15:04:41+02:00,5201-0108-008__2026-09-03,205,9
2026-09-07T15:04:41+02:00,7202-5103-101__2026-09-03,95,11
2026-09-07T15:04:41+02:00,2118-0403-003__2026-09-03,119,10
2026-09-07T15:04:41+02:00,3622-9910-013__2026-09-03,424,12
2026-09-07T15:04:41+02:00,5201-0109-015__2026-09-03,76,7
2026-09-07T15:04:41+02:00,5201-0504-022__2026-09-03,473,11
2026-09-07T15:04:41+02:00,7202-4705-101__2026-09-03,131,7
2026-09-07T15:04:41+02:00,7505-0806-009__2026-09-03,444,5
2026-09-07T15:04:41+02:00,7606-1803-025__2026-09-03,70,9
2026-09-07T15:04:41+02:00,1202-1108-001__2026-09-03,836,8
2026-09-07T15:04:41+02:00,4306-4603-009__2026-09-03,88,6
2026-09-07T15:04:41+02:00,4415-0104-058__2026-09-03,598,6
2026-09-07T15:04:41+02:00,4415-0108-073__2026-09-03,733,10
2026-09-07T15:04:41+02:00,4703-1509-1805__2026-09-03,330,4
2026-09-07T15:04:41+02:00,5201-0103-049__2026-09-03,96,3
2026-09-07T15:04:41+02:00,5201-0106-017__2026-09-03,101,8
2026-09-07T15:04:41+02:00,6202-1105-1326__2026-09-03,591,7
2026-09-07T15:04:41+02:00,6202-1203-005__2026-09-03,257,6
2026-09-07T15:04:41+02:00,6202-4105-022__2026-09-03,94,3
2026-09-07T15:04:41+02:00,6404-0202-011__2026-09-03,1444,14
2026-09-07T15:04:41+02:00,6404-0302-008__2026-09-03,1469,10
2026-09-07T15:04:41+02:00,6404-8201-009__2026-09-03,587,10
2026-09-07T15:04:41+02:00,7101-5103-010__2026-09-03,744,9
2026-09-07T15:04:41+02:00,7101-5106-022__2026-09-03,905,10
2026-09-07T15:04:41+02:00,7505-0703-004__2026-09-03,444,3
2026-09-07T15:04:41+02:00,7404-2305-006__2026-09-03,95,3
2026-09-07T15:04:41+02:00,7808-0204-012__2026-09-03,95,6
2026-09-07T15:04:41+02:00,6303-6202-002__2026-09-03,607,6
2026-09-07T15:04:41+02:00,8303-010010071__2026-09-03,2025,11
2026-09-07T15:04:41+02:00,5201-0503-020__2026-09-03,385,14
2026-09-07T15:04:41+02:00,2118-0404-079__2026-09-03,205,8
2026-09-07T15:04:41+02:00,3622-9906-046__2026-09-03,1378,20
2026-09-07T15:04:41+02:00,7707-0408-005__2026-09-03,467,13
2026-09-07T15:04:41+02:00,7202-5109-108__2026-09-03,674,7
2026-09-07T15:04:41+02:00,5102-3601-003__2026-09-03,104,9
2026-09-07T15:04:41+02:00,2118-0404-052__2026-09-03,358,5
2026-09-07T15:04:41+02:00,7707-1104-006__2026-09-03,358,4
2026-09-07T15:04:41+02:00,6202-2201-004__2026-09-03,422,7
2026-09-07T15:06:42+02:00,5201-0108-008__2026-09-03,205,9
2026-09-07T15:06:42+02:00,7202-5103-101__2026-09-03,95,11
2026-09-07T15:06:42+02:00,2118-0403-003__2026-09-03,119,10
2026-09-07T15:06:42+02:00,3622-9910-013__2026-09-03,424,12
2026-09-07T15:06:42+02:00,5201-0109-015__2026-09-03,76,7
2026-09-07T15:06:42+02:00,5201-0504-022__2026-09-03,473,11
2026-09-07T15:06:42+02:00,7202-4705-101__2026-09-03,131,7
2026-09-07T15:06:42+02:00,7505-0806-009__2026-09-03,444,5
2026-09-07T15:06:42+02:00,7606-1803-025__2026-09-03,70,9
2026-09-07T15:06:42+02:00,1202-1108-001__2026-09-03,836,8
2026-09-07T15:06:42+02:00,4306-4603-009__2026-09-03,88,6
2026-09-07T15:06:42+02:00,4415-0104-058__2026-09-03,598,6
2026-09-07T15:06:42+02:00,4415-0108-073__2026-09-03,733,10
2026-09-07T15:06:42+02:00,4703-1509-1805__2026-09-03,330,4
2026-09-07T15:06:42+02:00,5201-0103-049__2026-09-03,96,3
2026-09-07T15:06:42+02:00,5201-0106-017__2026-09-03,101,8
2026-09-07T15:06:42+02:00,6202-1105-1326__2026-09-03,591,7
2026-09-07T15:06:42+02:00,6202-1203-005__2026-09-03,257,6
2026-09-07T15:06:42+02:00,6202-4105-022__2026-09-03,94,3
2026-09-07T15:06:42+02:00,6404-0202-011__2026-09-03,1444,14
2026-09-07T15:06:42+02:00,6404-0302-008__2026-09-03,1469,10
2026-09-07T15:06:42+02:00,6404-8201-009__2026-09-03,587,10
2026-09-07T15:06:42+02:00,7101-5103-010__2026-09-03,744,9
2026-09-07T15:06:42+02:00,7101-5106-022__2026-09-03,905,10
2026-09-07T15:06:42+02:00,7505-0703-004__2026-09-03,444,3
2026-09-07T15:06:42+02:00,7404-2305-006__2026-09-03,95,3
2026-09-07T15:06:42+02:00,7808-0204-012__2026-09-03,95,6
2026-09-07T15:06:42+02:00,6303-6202-002__2026-09-03,607,6
2026-09-07T15:06:42+02:00,8303-010010071__2026-09-03,2025,11
2026-09-07T15:06:42+02:00,5201-0503-020__2026-09-03,385,14
2026-09-07T15:06:42+02:00,2118-0404-079__2026-09-03,205,8
2026-09-07T15:06:42+02:00,3622-9906-046__2026-09-03,1378,20
2026-09-07T15:06:42+02:00,7707-0408-005__2026-09-03,467,13
2026-09-07T15:06:42+02:00,7202-5109-108__2026-09-03,674,7
2026-09-07T15:06:42+02:00,5102-3601-003__2026-09-03,104,9
2026-09-07T15:06:42+02:00,2118-0404-052__2026-09-03,358,5
2026-09-07T15:06:42+02:00,7707-1104-006__2026-09-03,358,4
2026-09-07T15:06:42+02:00,6202-2201-004__2026-09-03,422,7
2026-09-07T15:08:44+02:00,5201-0108-008__2026-09-03,205,9
2026-09-07T15:08:44+02:00,7202-5103-101__2026-09-03,95,11
2026-09-07T15:08:44+02:00,2118-0403-003__2026-09-03,119,10
2026-09-07T15:08:44+02:00,3622-9910-013__2026-09-03,424,12
2026-09-07T15:08:44+02:00,5201-0109-015__2026-09-03,76,7
2026-09-07T15:08:44+02:00,5201-0504-022__2026-09-03,473,11
2026-09-07T15:08:44+02:00,7202-4705-101__2026-09-03,131,7
2026-09-07T15:08:44+02:00,7505-0806-009__2026-09-03,444,5
2026-09-07T15:08:44+02:00,7606-1803-025__2026-09-03,70,9
2026-09-07T15:08:44+02:00,1202-1108-001__2026-09-03,836,8
2026-09-07T15:08:44+02:00,4306-4603-009__2026-09-03,88,6
2026-09-07T15:08:44+02:00,4415-0104-058__2026-09-03,598,6
2026-09-07T15:08:44+02:00,4415-0108-073__2026-09-03,733,10
2026-09-07T15:08:44+02:00,4703-1509-1805__2026-09-03,330,4
2026-09-07T15:08:44+02:00,5201-0103-049__2026-09-03,96,3
2026-09-07T15:08:44+02:00,5201-0106-017__2026-09-03,101,8
2026-09-07T15:08:44+02:00,6202-1105-1326__2026-09-03,591,7
2026-09-07T15:08:44+02:00,6202-1203-005__2026-09-03,257,6
2026-09-07T15:08:44+02:00,6202-4105-022__2026-09-03,94,3
2026-09-07T15:08:44+02:00,6404-0202-011__2026-09-03,1444,14
2026-09-07T15:08:44+02:00,6404-0302-008__2026-09-03,1469,10
2026-09-07T15:08:44+02:00,6404-8201-009__2026-09-03,587,10
2026-09-07T15:08:44+02:00,7101-5103-010__2026-09-03,744,9
2026-09-07T15:08:44+02:00,7101-5106-022__2026-09-03,905,10
2026-09-07T15:08:44+02:00,7505-0703-004__2026-09-03,444,3
2026-09-07T15:08:44+02:00,7404-2305-006__2026-09-03,95,3
2026-09-07T15:08:44+02:00,7808-0204-012__2026-09-03,95,6
2026-09-07T15:08:44+02:00,6303-6202-002__2026-09-03,607,6
2026-09-07T15:08:44+02:00,8303-010010071__2026-09-03,2025,11
2026-09-07T15:08:44+02:00,5201-0503-020__2026-09-03,385,14
2026-09-07T15:08:44+02:00,2118-0404-079__2026-09-03,205,8
2026-09-07T15:08:44+02:00,3622-9906-046__2026-09-03,1378,20
2026-09-07T15:08:44+02:00,7707-0408-005__2026-09-03,467,13
2026-09-07T15:08:44+02:00,7202-5109-108__2026-09-03,674,7
2026-09-07T15:08:44+02:00,5102-3601-003__2026-09-03,104,9
2026-09-07T15:08:44+02:00,2118-0404-052__2026-09-03,358,5
2026-09-07T15:08:44+02:00,7707-1104-006__2026-09-03,358,4
2026-09-07T15:08:44+02:00,6202-2201-004__2026-09-03,422,7
2026-09-07T15:10:46+02:00,5201-0108-008__2026-09-03,205,9
2026-09-07T15:10:46+02:00,7202-5103-101__2026-09-03,95,11
2026-09-07T15:10:46+02:00,2118-0403-003__2026-09-03,119,10
2026-09-07T15:10:46+02:00,3622-9910-013__2026-09-03,424,12
2026-09-07T15:10:46+02:00,5201-0109-015__2026-09-03,76,7
2026-09-07T15:10:46+02:00,5201-0504-022__2026-09-03,473,11
2026-09-07T15:10:46+02:00,7202-4705-101__2026-09-03,131,7
2026-09-07T15:10:46+02:00,7505-0806-009__2026-09-03,444,5
2026-09-07T15:10:46+02:00,7606-1803-025__2026-09-03,70,9
2026-09-07T15:10:46+02:00,1202-1108-001__2026-09-03,836,8
2026-09-07T15:10:46+02:00,4306-4603-009__2026-09-03,88,6
2026-09-07T15:10:46+02:00,4415-0104-058__2026-09-03,598,6
2026-09-07T15:10:46+02:00,4415-0108-073__2026-09-03,733,10
2026-09-07T15:10:46+02:00,4703-1509-1805__2026-09-03,330,4
2026-09-07T15:10:46+02:00,5201-0103-049__2026-09-03,96,3
2026-09-07T15:10:46+02:00,5201-0106-017__2026-09-03,101,8
2026-09-07T15:10:46+02:00,6202-1105-1326__2026-09-03,591,7
2026-09-07T15:10:46+02:00,6202-1203-005__2026-09-03,257,6
2026-09-07T15:10:46+02:00,6202-4105-022__2026-09-03,94,3
2026-09-07T15:10:46+02:00,6404-0202-011__2026-09-03,1444,14
2026-09-07T15:10:46+02:00,6404-0302-008__2026-09-03,1469,10
2026-09-07T15:10:46+02:00,6404-8201-009__2026-09-03,587,10
2026-09-07T15:10:46+02:00,7101-5103-010__2026-09-03,744,9
2026-09-07T15:10:46+02:00,7101-5106-022__2026-09-03,905,10
2026-09-07T15:10:46+02:00,7505-0703-004__2026-09-03,444,3
2026-09-07T15:10:46+02:00,7404-2305-006__2026-09-03,95,3
2026-09-07T15:10:46+02:00,7808-0204-012__2026-09-03,95,6
2026-09-07T15:10:46+02:00,6303-6202-002__2026-09-03,607,6
2026-09-07T15:10:46+02:00,8303-010010071__2026-09-03,2025,11
2026-09-07T15:10:46+02:00,5201-0503-020__2026-09-03,385,14
2026-09-07T15:10:46+02:00,2118-0404-079__2026-09-03,205,8
2026-09-07T15:10:46+02:00,3622-9906-046__2026-09-03,1378,20
2026-09-07T15:10:46+02:00,7707-0408-005__2026-09-03,467,13
2026-09-07T15:10:46+02:00,7202-5109-108__2026-09-03,674,7
2026-09-07T15:10:46+02:00,5102-3601-003__2026-09-03,104,9
2026-09-07T15:10:46+02:00,2118-0404-052__2026-09-03,358,5
2026-09-07T15:10:46+02:00,7707-1104-006__2026-09-03,358,4
2026-09-07T15:10:46+02:00,6202-2201-004__2026-09-03,422,7
2026-09-07T15:12:47+02:00,5201-0108-008__2026-09-03,205,9
2026-09-07T15:12:47+02:00,7202-5103-101__2026-09-03,95,11
2026-09-07T15:12:47+02:00,2118-0403-003__2026-09-03,119,10
2026-09-07T15:12:47+02:00,3622-9910-013__2026-09-03,424,12
2026-09-07T15:12:47+02:00,5201-0109-015__2026-09-03,76,7
2026-09-07T15:12:47+02:00,5201-0504-022__2026-09-03,473,11
2026-09-07T15:12:47+02:00,7202-4705-101__2026-09-03,131,7
2026-09-07T15:12:47+02:00,7505-0806-009__2026-09-03,444,5
2026-09-07T15:12:47+02:00,7606-1803-025__2026-09-03,70,9
2026-09-07T15:12:47+02:00,1202-1108-001__2026-09-03,836,8
2026-09-07T15:12:47+02:00,4306-4603-009__2026-09-03,88,6
2026-09-07T15:12:47+02:00,4415-0104-058__2026-09-03,598,6
2026-09-07T15:12:47+02:00,4415-0108-073__2026-09-03,733,10
2026-09-07T15:12:47+02:00,4703-1509-1805__2026-09-03,330,4
2026-09-07T15:12:47+02:00,5201-0103-049__2026-09-03,96,3
2026-09-07T15:12:47+02:00,5201-0106-017__2026-09-03,101,8
2026-09-07T15:12:47+02:00,6202-1105-1326__2026-09-03,591,7
2026-09-07T15:12:47+02:00,6202-1203-005__2026-09-03,257,6
2026-09-07T15:12:47+02:00,6202-4105-022__2026-09-03,94,3
2026-09-07T15:12:47+02:00,6404-0202-011__2026-09-03,1444,14
2026-09-07T15:12:47+02:00,6404-0302-008__2026-09-03,1469,10
2026-09-07T15:12:47+02:00,6404-8201-009__2026-09-03,587,10
2026-09-07T15:12:47+02:00,7101-5103-010__2026-09-03,744,9
2026-09-07T15:12:47+02:00,7101-5106-022__2026-09-03,905,10
2026-09-07T15:12:47+02:00,7505-0703-004__2026-09-03,444,3
2026-09-07T15:12:47+02:00,7404-2305-006__2026-09-03,95,3
2026-09-07T15:12:47+02:00,7808-0204-012__2026-09-03,95,6
2026-09-07T15:12:47+02:00,6303-6202-002__2026-09-03,607,6
2026-09-07T15:12:47+02:00,8303-010010071__2026-09-03,2025,10
2026-09-07T15:12:47+02:00,5201-0503-020__2026-09-03,385,14
2026-09-07T15:12:47+02:00,2118-0404-079__2026-09-03,205,8
2026-09-07T15:12:47+02:00,3622-9906-046__2026-09-03,1378,20
2026-09-07T15:12:47+02:00,7707-0408-005__2026-09-03,467,13
2026-09-07T15:12:47+02:00,7202-5109-108__2026-09-03,674,7
2026-09-07T15:12:47+02:00,5102-3601-003__2026-09-03,104,9
2026-09-07T15:12:47+02:00,2118-0404-052__2026-09-03,358,5
2026-09-07T15:12:47+02:00,7707-1104-006__2026-09-03,358,4
2026-09-07T15:12:47+02:00,6202-2201-004__2026-09-03,422,7
2026-09-07T15:14:48+02:00,5201-0108-008__2026-09-03,205,9
2026-09-07T15:14:48+02:00,7202-5103-101__2026-09-03,95,11
2026-09-07T15:14:48+02:00,2118-0403-003__2026-09-03,119,10
2026-09-07T15:14:48+02:00,3622-9910-013__2026-09-03,424,12
2026-09-07T15:14:48+02:00,5201-0109-015__2026-09-03,76,7
2026-09-07T15:14:48+02:00,5201-0504-022__2026-09-03,473,11
2026-09-07T15:14:48+02:00,7202-4705-101__2026-09-03,131,7
2026-09-07T15:14:48+02:00,7505-0806-009__2026-09-03,444,5
2026-09-07T15:14:48+02:00,7606-1803-025__2026-09-03,70,9
2026-09-07T15:14:48+02:00,1202-1108-001__2026-09-03,836,8
2026-09-07T15:14:48+02:00,4306-4603-009__2026-09-03,88,6
2026-09-07T15:14:48+02:00,4415-0104-058__2026-09-03,598,6
2026-09-07T15:14:48+02:00,4415-0108-073__2026-09-03,733,10
2026-09-07T15:14:48+02:00,4703-1509-1805__2026-09-03,330,4
2026-09-07T15:14:48+02:00,5201-0103-049__2026-09-03,96,3
2026-09-07T15:14:48+02:00,5201-0106-017__2026-09-03,101,8
2026-09-07T15:14:48+02:00,6202-1105-1326__2026-09-03,591,7
2026-09-07T15:14:48+02:00,6202-1203-005__2026-09-03,257,6
2026-09-07T15:14:48+02:00,6202-4105-022__2026-09-03,94,3
2026-09-07T15:14:48+02:00,6404-0202-011__2026-09-03,1444,14
2026-09-07T15:14:48+02:00,6404-0302-008__2026-09-03,1469,10
2026-09-07T15:14:48+02:00,6404-8201-009__2026-09-03,587,10
2026-09-07T15:14:48+02:00,7101-5103-010__2026-09-03,744,9
2026-09-07T15:14:48+02:00,7101-5106-022__2026-09-03,905,10
2026-09-07T15:14:48+02:00,7505-0703-004__2026-09-03,444,3
2026-09-07T15:14:48+02:00,7404-2305-006__2026-09-03,95,3
2026-09-07T15:14:48+02:00,7808-0204-012__2026-09-03,95,6
2026-09-07T15:14:48+02:00,6303-6202-002__2026-09-03,607,6
2026-09-07T15:14:48+02:00,8303-010010071__2026-09-03,1511,10
2026-09-07T15:14:48+02:00,5201-0503-020__2026-09-03,385,14
2026-09-07T15:14:48+02:00,2118-0404-079__2026-09-03,205,8
2026-09-07T15:14:48+02:00,3622-9906-046__2026-09-03,1378,20
2026-09-07T15:14:48+02:00,7707-0408-005__2026-09-03,467,13
2026-09-07T15:14:48+02:00,7202-5109-108__2026-09-03,674,7
2026-09-07T15:14:48+02:00,5102-3601-003__2026-09-03,104,9
2026-09-07T15:14:48+02:00,2118-0404-052__2026-09-03,358,5
2026-09-07T15:14:48+02:00,7707-1104-006__2026-09-03,358,4
2026-09-07T15:14:48+02:00,6202-2201-004__2026-09-03,422,7
2026-09-07T15:16:50+02:00,5201-0108-008__2026-09-03,205,9
2026-09-07T15:16:50+02:00,7202-5103-101__2026-09-03,95,11
2026-09-07T15:16:50+02:00,2118-0403-003__2026-09-03,119,10
2026-09-07T15:16:50+02:00,3622-9910-013__2026-09-03,424,12
2026-09-07T15:16:50+02:00,5201-0109-015__2026-09-03,76,7
2026-09-07T15:16:50+02:00,5201-0504-022__2026-09-03,473,11
2026-09-07T15:16:50+02:00,7202-4705-101__2026-09-03,131,7
2026-09-07T15:16:50+02:00,7505-0806-009__2026-09-03,444,5
2026-09-07T15:16:50+02:00,7606-1803-025__2026-09-03,70,9
2026-09-07T15:16:50+02:00,1202-1108-001__2026-09-03,836,8
2026-09-07T15:16:50+02:00,4306-4603-009__2026-09-03,88,6
2026-09-07T15:16:50+02:00,4415-0104-058__2026-09-03,598,6
2026-09-07T15:16:50+02:00,4415-0108-073__2026-09-03,733,10
2026-09-07T15:16:50+02:00,4703-1509-1805__2026-09-03,330,4
2026-09-07T15:16:50+02:00,5201-0103-049__2026-09-03,96,3
2026-09-07T15:16:50+02:00,5201-0106-017__2026-09-03,101,8
2026-09-07T15:16:50+02:00,6202-1105-1326__2026-09-03,591,7
2026-09-07T15:16:50+02:00,6202-1203-005__2026-09-03,257,6
2026-09-07T15:16:50+02:00,6202-4105-022__2026-09-03,94,3
2026-09-07T15:16:50+02:00,6404-0202-011__2026-09-03,1444,14
2026-09-07T15:16:50+02:00,6404-0302-008__2026-09-03,1469,10
2026-09-07T15:16:50+02:00,6404-8201-009__2026-09-03,587,10
2026-09-07T15:16:50+02:00,7101-5103-010__2026-09-03,744,9
2026-09-07T15:16:50+02:00,7101-5106-022__2026-09-03,905,10
2026-09-07T15:16:50+02:00,7505-0703-004__2026-09-03,444,3
2026-09-07T15:16:50+02:00,7404-2305-006__2026-09-03,95,3
2026-09-07T15:16:50+02:00,7808-0204-012__2026-09-03,95,6
2026-09-07T15:16:50+02:00,6303-6202-002__2026-09-03,607,6
2026-09-07T15:16:50+02:00,8303-010010071__2026-09-03,1511,10
2026-09-07T15:16:50+02:00,5201-0503-020__2026-09-03,385,14
2026-09-07T15:16:50+02:00,2118-0404-079__2026-09-03,205,8
2026-09-07T15:16:50+02:00,3622-9906-046__2026-09-03,1378,20
2026-09-07T15:16:50+02:00,7707-0408-005__2026-09-03,467,13
2026-09-07T15:16:50+02:00,7202-5109-108__2026-09-03,674,7
2026-09-07T15:16:50+02:00,5102-3601-003__2026-09-03,104,9
2026-09-07T15:16:50+02:00,2118-0404-052__2026-09-03,358,5
2026-09-07T15:16:50+02:00,7707-1104-006__2026-09-03,358,4
2026-09-07T15:16:50+02:00,6202-2201-004__2026-09-03,422,7
2026-09-07T15:18:51+02:00,5201-0108-008__2026-09-03,205,9
2026-09-07T15:18:51+02:00,7202-5103-101__2026-09-03,95,11
2026-09-07T15:18:51+02:00,2118-0403-003__2026-09-03,119,10
2026-09-07T15:18:51+02:00,3622-9910-013__2026-09-03,424,12
2026-09-07T15:18:51+02:00,5201-0109-015__2026-09-03,76,7
2026-09-07T15:18:51+02:00,5201-0504-022__2026-09-03,473,11
2026-09-07T15:18:51+02:00,7202-4705-101__2026-09-03,131,7
2026-09-07T15:18:51+02:00,7505-0806-009__2026-09-03,444,5
2026-09-07T15:18:51+02:00,7606-1803-025__2026-09-03,70,9
2026-09-07T15:18:51+02:00,1202-1108-001__2026-09-03,836,8
2026-09-07T15:18:51+02:00,4306-4603-009__2026-09-03,88,6
2026-09-07T15:18:51+02:00,4415-0104-058__2026-09-03,598,6
2026-09-07T15:18:51+02:00,4415-0108-073__2026-09-03,733,10
2026-09-07T15:18:51+02:00,4703-1509-1805__2026-09-03,330,4
2026-09-07T15:18:51+02:00,5201-0103-049__2026-09-03,96,3
2026-09-07T15:18:51+02:00,5201-0106-017__2026-09-03,101,8
2026-09-07T15:18:51+02:00,6202-1105-1326__2026-09-03,591,7
2026-09-07T15:18:51+02:00,6202-1203-005__2026-09-03,257,7
2026-09-07T15:18:51+02:00,6202-4105-022__2026-09-03,94,3
2026-09-07T15:18:51+02:00,6404-0202-011__2026-09-03,1444,14
2026-09-07T15:18:51+02:00,6404-0302-008__2026-09-03,1469,10
2026-09-07T15:18:51+02:00,6404-8201-009__2026-09-03,587,10
2026-09-07T15:18:51+02:00,7101-5103-010__2026-09-03,744,9
2026-09-07T15:18:51+02:00,7101-5106-022__2026-09-03,905,10
2026-09-07T15:18:51+02:00,7505-0703-004__2026-09-03,444,3
2026-09-07T15:18:51+02:00,7404-2305-006__2026-09-03,95,3
2026-09-07T15:18:51+02:00,7808-0204-012__2026-09-03,95,6
2026-09-07T15:18:51+02:00,6303-6202-002__2026-09-03,607,6
2026-09-07T15:18:51+02:00,8303-010010071__2026-09-03,1511,10
2026-09-07T15:18:51+02:00,5201-0503-020__2026-09-03,385,14
2026-09-07T15:18:51+02:00,2118-0404-079__2026-09-03,205,8
2026-09-07T15:18:51+02:00,3622-9906-046__2026-09-03,1378,20
2026-09-07T15:18:51+02:00,7707-0408-005__2026-09-03,467,13
2026-09-07T15:18:51+02:00,7202-5109-108__2026-09-03,674,7
2026-09-07T15:18:51+02:00,5102-3601-003__2026-09-03,104,9
2026-09-07T15:18:51+02:00,2118-0404-052__2026-09-03,358,5
2026-09-07T15:18:51+02:00,7707-1104-006__2026-09-03,358,4
2026-09-07T15:18:51+02:00,6202-2201-004__2026-09-03,422,7
2026-09-07T15:20:53+02:00,5201-0108-008__2026-09-03,205,9
2026-09-07T15:20:53+02:00,7202-5103-101__2026-09-03,95,11
2026-09-07T15:20:53+02:00,2118-0403-003__2026-09-03,119,10
2026-09-07T15:20:53+02:00,3622-9910-013__2026-09-03,424,12
2026-09-07T15:20:53+02:00,5201-0109-015__2026-09-03,76,7
2026-09-07T15:20:53+02:00,5201-0504-022__2026-09-03,473,11
2026-09-07T15:20:53+02:00,7202-4705-101__2026-09-03,131,7
2026-09-07T15:20:53+02:00,7505-0806-009__2026-09-03,444,5
2026-09-07T15:20:53+02:00,7606-1803-025__2026-09-03,70,9
2026-09-07T15:20:53+02:00,1202-1108-001__2026-09-03,836,8
2026-09-07T15:20:53+02:00,4306-4603-009__2026-09-03,88,6
2026-09-07T15:20:53+02:00,4415-0104-058__2026-09-03,598,6
2026-09-07T15:20:53+02:00,4415-0108-073__2026-09-03,733,10
2026-09-07T15:20:53+02:00,4703-1509-1805__2026-09-03,330,4
2026-09-07T15:20:53+02:00,5201-0103-049__2026-09-03,96,3
2026-09-07T15:20:53+02:00,5201-0106-017__2026-09-03,101,8
2026-09-07T15:20:53+02:00,6202-1105-1326__2026-09-03,591,7
2026-09-07T15:20:53+02:00,6202-1203-005__2026-09-03,257,7
2026-09-07T15:20:53+02:00,6202-4105-022__2026-09-03,94,3
2026-09-07T15:20:53+02:00,6404-0202-011__2026-09-03,1444,15
2026-09-07T15:20:53+02:00,6404-0302-008__2026-09-03,1469,11
2026-09-07T15:20:53+02:00,6404-8201-009__2026-09-03,587,10
2026-09-07T15:20:53+02:00,7101-5103-010__2026-09-03,744,9
2026-09-07T15:20:53+02:00,7101-5106-022__2026-09-03,905,10
2026-09-07T15:20:53+02:00,7505-0703-004__2026-09-03,444,3
2026-09-07T15:20:53+02:00,7404-2305-006__2026-09-03,95,3
2026-09-07T15:20:53+02:00,7808-0204-012__2026-09-03,95,6
2026-09-07T15:20:53+02:00,6303-6202-002__2026-09-03,607,6
2026-09-07T15:20:53+02:00,8303-010010071__2026-09-03,1511,10
2026-09-07T15:20:53+02:00,5201-0503-020__2026-09-03,385,14
2026-09-07T15:20:53+02:00,2118-0404-079__2026-09-03,205,8
2026-09-07T15:20:53+02:00,3622-9906-046__2026-09-03,1378,20
2026-09-07T15:20:53+02:00,7707-0408-005__2026-09-03,467,13
2026-09-07T15:20:53+02:00,7202-5109-108__2026-09-03,674,7
2026-09-07T15:20:53+02:00,5102-3601-003__2026-09-03,104,9
2026-09-07T15:20:53+02:00,2118-0404-052__2026-09-03,358,5
2026-09-07T15:20:53+02:00,7707-1104-006__2026-09-03,358,4
2026-09-07T15:20:53+02:00,6202-2201-004__2026-09-03,422,7
2026-09-07T15:22:54+02:00,5201-0108-008__2026-09-03,205,9
2026-09-07T15:22:54+02:00,7202-5103-101__2026-09-03,95,11
2026-09-07T15:22:54+02:00,2118-0403-003__2026-09-03,119,10
2026-09-07T15:22:54+02:00,3622-9910-013__2026-09-03,424,12
2026-09-07T15:22:54+02:00,5201-0109-015__2026-09-03,76,7
2026-09-07T15:22:54+02:00,5201-0504-022__2026-09-03,473,11
2026-09-07T15:22:54+02:00,7202-4705-101__2026-09-03,131,7
2026-09-07T15:22:54+02:00,7505-0806-009__2026-09-03,444,5
2026-09-07T15:22:54+02:00,7606-1803-025__2026-09-03,70,9
2026-09-07T15:22:54+02:00,1202-1108-001__2026-09-03,836,8
2026-09-07T15:22:54+02:00,4306-4603-009__2026-09-03,88,6
2026-09-07T15:22:54+02:00,4415-0104-058__2026-09-03,598,6
2026-09-07T15:22:54+02:00,4415-0108-073__2026-09-03,733,10
2026-09-07T15:22:54+02:00,4703-1509-1805__2026-09-03,330,4
2026-09-07T15:22:54+02:00,5201-0103-049__2026-09-03,96,3
2026-09-07T15:22:54+02:00,5201-0106-017__2026-09-03,101,8
2026-09-07T15:22:54+02:00,6202-1105-1326__2026-09-03,591,7
2026-09-07T15:22:54+02:00,6202-1203-005__2026-09-03,291,7
2026-09-07T15:22:54+02:00,6202-4105-022__2026-09-03,94,3
2026-09-07T15:22:54+02:00,6404-0202-011__2026-09-03,1444,15
2026-09-07T15:22:54+02:00,6404-0302-008__2026-09-03,1469,11
2026-09-07T15:22:54+02:00,6404-8201-009__2026-09-03,587,10
2026-09-07T15:22:54+02:00,7101-5103-010__2026-09-03,744,9
2026-09-07T15:22:54+02:00,7101-5106-022__2026-09-03,905,10
2026-09-07T15:22:54+02:00,7505-0703-004__2026-09-03,444,3
2026-09-07T15:22:54+02:00,7404-2305-006__2026-09-03,95,3
2026-09-07T15:22:54+02:00,7808-0204-012__2026-09-03,95,6
2026-09-07T15:22:54+02:00,6303-6202-002__2026-09-03,607,6
2026-09-07T15:22:54+02:00,8303-010010071__2026-09-03,1511,10
2026-09-07T15:22:54+02:00,5201-0503-020__2026-09-03,385,14
2026-09-07T15:22:54+02:00,2118-0404-079__2026-09-03,205,8
2026-09-07T15:22:54+02:00,3622-9906-046__2026-09-03,1378,21
2026-09-07T15:22:54+02:00,7707-0408-005__2026-09-03,467,13
2026-09-07T15:22:54+02:00,7202-5109-108__2026-09-03,674,7
2026-09-07T15:22:54+02:00,5102-3601-003__2026-09-03,104,9
2026-09-07T15:22:54+02:00,2118-0404-052__2026-09-03,358,5
2026-09-07T15:22:54+02:00,7707-1104-006__2026-09-03,358,4
2026-09-07T15:22:54+02:00,6202-2201-004__2026-09-03,422,7
2026-09-07T15:24:56+02:00,5201-0108-008__2026-09-03,205,9
2026-09-07T15:24:56+02:00,7202-5103-101__2026-09-03,95,11
2026-09-07T15:24:56+02:00,2118-0403-003__2026-09-03,119,10
2026-09-07T15:24:56+02:00,3622-9910-013__2026-09-03,424,12
2026-09-07T15:24:56+02:00,5201-0109-015__2026-09-03,76,7
2026-09-07T15:24:56+02:00,5201-0504-022__2026-09-03,473,11
2026-09-07T15:24:56+02:00,7202-4705-101__2026-09-03,131,7
2026-09-07T15:24:56+02:00,7505-0806-009__2026-09-03,444,5
2026-09-07T15:24:56+02:00,7606-1803-025__2026-09-03,70,9
2026-09-07T15:24:56+02:00,1202-1108-001__2026-09-03,836,8
2026-09-07T15:24:56+02:00,4306-4603-009__2026-09-03,88,6
2026-09-07T15:24:56+02:00,4415-0104-058__2026-09-03,598,6
2026-09-07T15:24:56+02:00,4415-0108-073__2026-09-03,733,10
2026-09-07T15:24:56+02:00,4703-1509-1805__2026-09-03,330,4
2026-09-07T15:24:56+02:00,5201-0103-049__2026-09-03,96,3
2026-09-07T15:24:56+02:00,5201-0106-017__2026-09-03,101,8
2026-09-07T15:24:56+02:00,6202-1105-1326__2026-09-03,591,7
2026-09-07T15:24:56+02:00,6202-1203-005__2026-09-03,291,7
2026-09-07T15:24:56+02:00,6202-4105-022__2026-09-03,94,3
2026-09-07T15:24:56+02:00,6404-0202-011__2026-09-03,1444,15
2026-09-07T15:24:56+02:00,6404-0302-008__2026-09-03,1469,11
2026-09-07T15:24:56+02:00,6404-8201-009__2026-09-03,587,10
2026-09-07T15:24:56+02:00,7101-5103-010__2026-09-03,744,9
2026-09-07T15:24:56+02:00,7101-5106-022__2026-09-03,905,10
2026-09-07T15:24:56+02:00,7505-0703-004__2026-09-03,444,3
2026-09-07T15:24:56+02:00,7404-2305-006__2026-09-03,95,3
2026-09-07T15:24:56+02:00,7808-0204-012__2026-09-03,95,6
2026-09-07T15:24:56+02:00,6303-6202-002__2026-09-03,607,6
2026-09-07T15:24:56+02:00,8303-010010071__2026-09-03,1511,10
2026-09-07T15:24:56+02:00,5201-0503-020__2026-09-03,385,14
2026-09-07T15:24:56+02:00,2118-0404-079__2026-09-03,205,8
2026-09-07T15:24:56+02:00,3622-9906-046__2026-09-03,1378,21
2026-09-07T15:24:56+02:00,7707-0408-005__2026-09-03,467,13
2026-09-07T15:24:56+02:00,7202-5109-108__2026-09-03,674,7
2026-09-07T15:24:56+02:00,5102-3601-003__2026-09-03,104,9
2026-09-07T15:24:56+02:00,2118-0404-052__2026-09-03,358,5
2026-09-07T15:24:56+02:00,7707-1104-006__2026-09-03,358,4
2026-09-07T15:24:56+02:00,6202-2201-004__2026-09-03,422,7
2026-09-07T15:26:57+02:00,5201-0108-008__2026-09-03,205,9
2026-09-07T15:26:57+02:00,7202-5103-101__2026-09-03,95,11
2026-09-07T15:26:57+02:00,2118-0403-003__2026-09-03,119,10
2026-09-07T15:26:57+02:00,3622-9910-013__2026-09-03,424,12
2026-09-07T15:26:57+02:00,5201-0109-015__2026-09-03,76,7
2026-09-07T15:26:57+02:00,5201-0504-022__2026-09-03,473,11
2026-09-07T15:26:57+02:00,7202-4705-101__2026-09-03,131,7
2026-09-07T15:26:57+02:00,7505-0806-009__2026-09-03,444,5
2026-09-07T15:26:57+02:00,7606-1803-025__2026-09-03,70,9
2026-09-07T15:26:57+02:00,1202-1108-001__2026-09-03,836,8
2026-09-07T15:26:57+02:00,4306-4603-009__2026-09-03,88,6
2026-09-07T15:26:57+02:00,4415-0104-058__2026-09-03,598,6
2026-09-07T15:26:57+02:00,4415-0108-073__2026-09-03,733,10
2026-09-07T15:26:57+02:00,4703-1509-1805__2026-09-03,330,4
2026-09-07T15:26:57+02:00,5201-0103-049__2026-09-03,96,3
2026-09-07T15:26:57+02:00,5201-0106-017__2026-09-03,101,8
2026-09-07T15:26:57+02:00,6202-1105-1326__2026-09-03,591,7
2026-09-07T15:26:57+02:00,6202-1203-005__2026-09-03,291,7
2026-09-07T15:26:57+02:00,6202-4105-022__2026-09-03,94,3
2026-09-07T15:26:57+02:00,6404-0202-011__2026-09-03,1444,15
2026-09-07T15:26:57+02:00,6404-0302-008__2026-09-03,1469,11
2026-09-07T15:26:57+02:00,6404-8201-009__2026-09-03,587,10
2026-09-07T15:26:57+02:00,7101-5103-010__2026-09-03,744,9
2026-09-07T15:26:57+02:00,7101-5106-022__2026-09-03,905,10
2026-09-07T15:26:57+02:00,7505-0703-004__2026-09-03,444,3
2026-09-07T15:26:57+02:00,7404-2305-006__2026-09-03,95,3
2026-09-07T15:26:57+02:00,7808-0204-012__2026-09-03,95,6
2026-09-07T15:26:57+02:00,6303-6202-002__2026-09-03,607,6
2026-09-07T15:26:57+02:00,8303-010010071__2026-09-03,1511,10
2026-09-07T15:26:57+02:00,5201-0503-020__2026-09-03,385,14
2026-09-07T15:26:57+02:00,2118-0404-079__2026-09-03,205,8
2026-09-07T15:26:57+02:00,3622-9906-046__2026-09-03,1378,21
2026-09-07T15:26:57+02:00,7707-0408-005__2026-09-03,467,13
2026-09-07T15:26:57+02:00,7202-5109-108__2026-09-03,674,7
2026-09-07T15:26:57+02:00,5102-3601-003__2026-09-03,104,9
2026-09-07T15:26:57+02:00,2118-0404-052__2026-09-03,358,5
2026-09-07T15:26:57+02:00,7707-1104-006__2026-09-03,358,4
2026-09-07T15:26:57+02:00,6202-2201-004__2026-09-03,422,7
2026-09-07T15:28:59+02:00,5201-0108-008__2026-09-03,205,9
2026-09-07T15:28:59+02:00,7202-5103-101__2026-09-03,95,11
2026-09-07T15:28:59+02:00,2118-0403-003__2026-09-03,119,10
2026-09-07T15:28:59+02:00,3622-9910-013__2026-09-03,424,12
2026-09-07T15:28:59+02:00,5201-0109-015__2026-09-03,76,7
2026-09-07T15:28:59+02:00,5201-0504-022__2026-09-03,473,11
2026-09-07T15:28:59+02:00,7202-4705-101__2026-09-03,131,7
2026-09-07T15:28:59+02:00,7505-0806-009__2026-09-03,444,5
2026-09-07T15:28:59+02:00,7606-1803-025__2026-09-03,70,9
2026-09-07T15:28:59+02:00,1202-1108-001__2026-09-03,836,8
2026-09-07T15:28:59+02:00,4306-4603-009__2026-09-03,88,6
2026-09-07T15:28:59+02:00,4415-0104-058__2026-09-03,598,6
2026-09-07T15:28:59+02:00,4415-0108-073__2026-09-03,733,10
2026-09-07T15:28:59+02:00,4703-1509-1805__2026-09-03,330,4
2026-09-07T15:28:59+02:00,5201-0103-049__2026-09-03,96,3
2026-09-07T15:28:59+02:00,5201-0106-017__2026-09-03,101,8
2026-09-07T15:28:59+02:00,6202-1105-1326__2026-09-03,591,7
2026-09-07T15:28:59+02:00,6202-1203-005__2026-09-03,291,7
2026-09-07T15:28:59+02:00,6202-4105-022__2026-09-03,94,3
2026-09-07T15:28:59+02:00,6404-0202-011__2026-09-03,1444,15
2026-09-07T15:28:59+02:00,6404-0302-008__2026-09-03,1469,11
2026-09-07T15:28:59+02:00,6404-8201-009__2026-09-03,587,10
2026-09-07T15:28:59+02:00,7101-5103-010__2026-09-03,744,9
2026-09-07T15:28:59+02:00,7101-5106-022__2026-09-03,905,10
2026-09-07T15:28:59+02:00,7505-0703-004__2026-09-03,444,3
2026-09-07T15:28:59+02:00,7404-2305-006__2026-09-03,95,3
2026-09-07T15:28:59+02:00,7808-0204-012__2026-09-03,95,6
2026-09-07T15:28:59+02:00,6303-6202-002__2026-09-03,607,6
2026-09-07T15:28:59+02:00,8303-010010071__2026-09-03,1511,10
2026-09-07T15:28:59+02:00,5201-0503-020__2026-09-03,385,14
2026-09-07T15:28:59+02:00,2118-0404-079__2026-09-03,205,9
2026-09-07T15:28:59+02:00,3622-9906-046__2026-09-03,1378,21
2026-09-07T15:28:59+02:00,7707-0408-005__2026-09-03,467,13
2026-09-07T15:28:59+02:00,7202-5109-108__2026-09-03,674,7
2026-09-07T15:28:59+02:00,5102-3601-003__2026-09-03,104,9
2026-09-07T15:28:59+02:00,2118-0404-052__2026-09-03,358,5
2026-09-07T15:28:59+02:00,7707-1104-006__2026-09-03,358,4
2026-09-07T15:28:59+02:00,6202-2201-004__2026-09-03,422,7
2026-09-07T15:31:00+02:00,5201-0108-008__2026-09-03,205,9
2026-09-07T15:31:00+02:00,7202-5103-101__2026-09-03,95,10
2026-09-07T15:31:00+02:00,2118-0403-003__2026-09-03,119,10
2026-09-07T15:31:00+02:00,3622-9910-013__2026-09-03,424,12
2026-09-07T15:31:00+02:00,5201-0109-015__2026-09-03,76,7
2026-09-07T15:31:00+02:00,5201-0504-022__2026-09-03,473,11
2026-09-07T15:31:00+02:00,7202-4705-101__2026-09-03,131,7
2026-09-07T15:31:00+02:00,7505-0806-009__2026-09-03,444,5
2026-09-07T15:31:00+02:00,7606-1803-025__2026-09-03,70,9
2026-09-07T15:31:00+02:00,1202-1108-001__2026-09-03,836,8
2026-09-07T15:31:00+02:00,4306-4603-009__2026-09-03,88,6
2026-09-07T15:31:00+02:00,4415-0104-058__2026-09-03,598,6
2026-09-07T15:31:00+02:00,4415-0108-073__2026-09-03,733,10
2026-09-07T15:31:00+02:00,4703-1509-1805__2026-09-03,330,4
2026-09-07T15:31:00+02:00,5201-0103-049__2026-09-03,96,3
2026-09-07T15:31:00+02:00,5201-0106-017__2026-09-03,101,8
2026-09-07T15:31:00+02:00,6202-1105-1326__2026-09-03,591,7
2026-09-07T15:31:00+02:00,6202-1203-005__2026-09-03,291,7
2026-09-07T15:31:00+02:00,6202-4105-022__2026-09-03,94,3
2026-09-07T15:31:00+02:00,6404-0202-011__2026-09-03,1444,15
2026-09-07T15:31:00+02:00,6404-0302-008__2026-09-03,1469,11
2026-09-07T15:31:00+02:00,6404-8201-009__2026-09-03,587,10
2026-09-07T15:31:00+02:00,7101-5103-010__2026-09-03,744,9
2026-09-07T15:31:00+02:00,7101-5106-022__2026-09-03,905,10
2026-09-07T15:31:00+02:00,7505-0703-004__2026-09-03,444,3
2026-09-07T15:31:00+02:00,7404-2305-006__2026-09-03,95,3
2026-09-07T15:31:00+02:00,7808-0204-012__2026-09-03,95,6
2026-09-07T15:31:00+02:00,6303-6202-002__2026-09-03,607,6
2026-09-07T15:31:00+02:00,8303-010010071__2026-09-03,1511,10
2026-09-07T15:31:00+02:00,5201-0503-020__2026-09-03,385,14
2026-09-07T15:31:00+02:00,2118-0404-079__2026-09-03,205,9
2026-09-07T15:31:00+02:00,3622-9906-046__2026-09-03,1378,21
2026-09-07T15:31:00+02:00,7707-0408-005__2026-09-03,467,13
2026-09-07T15:31:00+02:00,7202-5109-108__2026-09-03,674,7
2026-09-07T15:31:00+02:00,5102-3601-003__2026-09-03,104,9
2026-09-07T15:31:00+02:00,2118-0404-052__2026-09-03,358,5
2026-09-07T15:31:00+02:00,7707-1104-006__2026-09-03,358,4
2026-09-07T15:31:00+02:00,6202-2201-004__2026-09-03,422,7
2026-09-07T15:33:02+02:00,5201-0108-008__2026-09-03,205,9
2026-09-07T15:33:02+02:00,7202-5103-101__2026-09-03,95,10
2026-09-07T15:33:02+02:00,2118-0403-003__2026-09-03,119,10
2026-09-07T15:33:02+02:00,3622-9910-013__2026-09-03,424,12
2026-09-07T15:33:02+02:00,5201-0109-015__2026-09-03,76,7
2026-09-07T15:33:02+02:00,5201-0504-022__2026-09-03,473,11
2026-09-07T15:33:02+02:00,7202-4705-101__2026-09-03,131,7
2026-09-07T15:33:02+02:00,7505-0806-009__2026-09-03,444,5
2026-09-07T15:33:02+02:00,7606-1803-025__2026-09-03,70,9
2026-09-07T15:33:02+02:00,1202-1108-001__2026-09-03,836,8
2026-09-07T15:33:02+02:00,4306-4603-009__2026-09-03,88,6
2026-09-07T15:33:02+02:00,4415-0104-058__2026-09-03,598,6
2026-09-07T15:33:02+02:00,4415-0108-073__2026-09-03,733,10
2026-09-07T15:33:02+02:00,4703-1509-1805__2026-09-03,330,4
2026-09-07T15:33:02+02:00,5201-0103-049__2026-09-03,96,3
2026-09-07T15:33:02+02:00,5201-0106-017__2026-09-03,101,8
2026-09-07T15:33:02+02:00,6202-1105-1326__2026-09-03,591,7
2026-09-07T15:33:02+02:00,6202-1203-005__2026-09-03,291,7
2026-09-07T15:33:02+02:00,6202-4105-022__2026-09-03,94,3
2026-09-07T15:33:02+02:00,6404-0202-011__2026-09-03,1444,15
2026-09-07T15:33:02+02:00,6404-0302-008__2026-09-03,1469,11
2026-09-07T15:33:02+02:00,6404-8201-009__2026-09-03,587,10
2026-09-07T15:33:02+02:00,7101-5103-010__2026-09-03,744,9
2026-09-07T15:33:02+02:00,7101-5106-022__2026-09-03,905,10
2026-09-07T15:33:02+02:00,7505-0703-004__2026-09-03,444,3
2026-09-07T15:33:02+02:00,7404-2305-006__2026-09-03,95,3
2026-09-07T15:33:02+02:00,7808-0204-012__2026-09-03,95,6
2026-09-07T15:33:02+02:00,6303-6202-002__2026-09-03,607,6
2026-09-07T15:33:02+02:00,8303-010010071__2026-09-03,1511,10
2026-09-07T15:33:02+02:00,5201-0503-020__2026-09-03,385,14
2026-09-07T15:33:02+02:00,2118-0404-079__2026-09-03,205,9
2026-09-07T15:33:02+02:00,3622-9906-046__2026-09-03,1378,21
2026-09-07T15:33:02+02:00,7707-0408-005__2026-09-03,467,13
2026-09-07T15:33:02+02:00,7202-5109-108__2026-09-03,674,7
2026-09-07T15:33:02+02:00,5102-3601-003__2026-09-03,104,9
2026-09-07T15:33:02+02:00,2118-0404-052__2026-09-03,358,5
2026-09-07T15:33:02+02:00,7707-1104-006__2026-09-03,358,4
2026-09-07T15:33:02+02:00,6202-2201-004__2026-09-03,422,7
2026-09-07T15:35:03+02:00,5201-0108-008__2026-09-03,205,9
2026-09-07T15:35:03+02:00,7202-5103-101__2026-09-03,95,10
2026-09-07T15:35:03+02:00,2118-0403-003__2026-09-03,119,10
2026-09-07T15:35:03+02:00,3622-9910-013__2026-09-03,424,12
2026-09-07T15:35:03+02:00,5201-0109-015__2026-09-03,76,7
2026-09-07T15:35:03+02:00,5201-0504-022__2026-09-03,473,11
2026-09-07T15:35:03+02:00,7202-4705-101__2026-09-03,131,7
2026-09-07T15:35:03+02:00,7505-0806-009__2026-09-03,444,5
2026-09-07T15:35:03+02:00,7606-1803-025__2026-09-03,70,9
2026-09-07T15:35:03+02:00,1202-1108-001__2026-09-03,836,8
2026-09-07T15:35:03+02:00,4306-4603-009__2026-09-03,88,6
2026-09-07T15:35:03+02:00,4415-0104-058__2026-09-03,598,6
2026-09-07T15:35:03+02:00,4415-0108-073__2026-09-03,733,10
2026-09-07T15:35:03+02:00,4703-1509-1805__2026-09-03,330,4
2026-09-07T15:35:03+02:00,5201-0103-049__2026-09-03,96,3
2026-09-07T15:35:03+02:00,5201-0106-017__2026-09-03,101,8
2026-09-07T15:35:03+02:00,6202-1105-1326__2026-09-03,591,7
2026-09-07T15:35:03+02:00,6202-1203-005__2026-09-03,291,7
2026-09-07T15:35:03+02:00,6202-4105-022__2026-09-03,94,3
2026-09-07T15:35:03+02:00,6404-0202-011__2026-09-03,1444,15
2026-09-07T15:35:03+02:00,6404-0302-008__2026-09-03,1469,11
2026-09-07T15:35:03+02:00,6404-8201-009__2026-09-03,587,10
2026-09-07T15:35:03+02:00,7101-5103-010__2026-09-03,744,9
2026-09-07T15:35:03+02:00,7101-5106-022__2026-09-03,905,10
2026-09-07T15:35:03+02:00,7505-0703-004__2026-09-03,444,3
2026-09-07T15:35:03+02:00,7404-2305-006__2026-09-03,95,3
2026-09-07T15:35:03+02:00,7808-0204-012__2026-09-03,95,6
2026-09-07T15:35:03+02:00,6303-6202-002__2026-09-03,607,6
2026-09-07T15:35:03+02:00,8303-010010071__2026-09-03,1511,10
2026-09-07T15:35:03+02:00,5201-0503-020__2026-09-03,385,14
2026-09-07T15:35:03+02:00,2118-0404-079__2026-09-03,205,9
2026-09-07T15:35:03+02:00,3622-9906-046__2026-09-03,1378,21
2026-09-07T15:35:03+02:00,7707-0408-005__2026-09-03,467,13
2026-09-07T15:35:03+02:00,7202-5109-108__2026-09-03,674,7
2026-09-07T15:35:03+02:00,5102-3601-003__2026-09-03,104,9
2026-09-07T15:35:03+02:00,2118-0404-052__2026-09-03,358,5
2026-09-07T15:35:03+02:00,7707-1104-006__2026-09-03,358,4
2026-09-07T15:35:03+02:00,6202-2201-004__2026-09-03,422,7
2026-09-07T15:37:05+02:00,5201-0108-008__2026-09-03,205,9
2026-09-07T15:37:05+02:00,7202-5103-101__2026-09-03,95,10
2026-09-07T15:37:05+02:00,2118-0403-003__2026-09-03,119,10
2026-09-07T15:37:05+02:00,3622-9910-013__2026-09-03,424,12
2026-09-07T15:37:05+02:00,5201-0109-015__2026-09-03,76,7
2026-09-07T15:37:05+02:00,5201-0504-022__2026-09-03,473,11
2026-09-07T15:37:05+02:00,7202-4705-101__2026-09-03,131,7
2026-09-07T15:37:05+02:00,7505-0806-009__2026-09-03,444,5
2026-09-07T15:37:05+02:00,7606-1803-025__2026-09-03,70,9
2026-09-07T15:37:05+02:00,1202-1108-001__2026-09-03,836,8
2026-09-07T15:37:05+02:00,4306-4603-009__2026-09-03,88,6
2026-09-07T15:37:05+02:00,4415-0104-058__2026-09-03,598,6
2026-09-07T15:37:05+02:00,4415-0108-073__2026-09-03,733,10
2026-09-07T15:37:05+02:00,4703-1509-1805__2026-09-03,330,4
2026-09-07T15:37:05+02:00,5201-0103-049__2026-09-03,96,3
2026-09-07T15:37:05+02:00,5201-0106-017__2026-09-03,101,8
2026-09-07T15:37:05+02:00,6202-1105-1326__2026-09-03,591,7
2026-09-07T15:37:05+02:00,6202-1203-005__2026-09-03,291,7
2026-09-07T15:37:05+02:00,6202-4105-022__2026-09-03,94,3
2026-09-07T15:37:05+02:00,6404-0202-011__2026-09-03,1444,16
2026-09-07T15:37:05+02:00,6404-0302-008__2026-09-03,1469,12
2026-09-07T15:37:05+02:00,6404-8201-009__2026-09-03,587,10
2026-09-07T15:37:05+02:00,7101-5103-010__2026-09-03,744,9
2026-09-07T15:37:05+02:00,7101-5106-022__2026-09-03,905,10
2026-09-07T15:37:05+02:00,7505-0703-004__2026-09-03,444,3
2026-09-07T15:37:05+02:00,7404-2305-006__2026-09-03,95,3
2026-09-07T15:37:05+02:00,7808-0204-012__2026-09-03,95,6
2026-09-07T15:37:05+02:00,6303-6202-002__2026-09-03,607,6
2026-09-07T15:37:05+02:00,8303-010010071__2026-09-03,1511,10
2026-09-07T15:37:05+02:00,5201-0503-020__2026-09-03,385,14
2026-09-07T15:37:05+02:00,2118-0404-079__2026-09-03,205,9
2026-09-07T15:37:05+02:00,3622-9906-046__2026-09-03,1378,21
2026-09-07T15:37:05+02:00,7707-0408-005__2026-09-03,467,13
2026-09-07T15:37:05+02:00,7202-5109-108__2026-09-03,674,7
2026-09-07T15:37:05+02:00,5102-3601-003__2026-09-03,104,9
2026-09-07T15:37:05+02:00,2118-0404-052__2026-09-03,358,5
2026-09-07T15:37:05+02:00,7707-1104-006__2026-09-03,358,4
2026-09-07T15:37:05+02:00,6202-2201-004__2026-09-03,422,7
2026-09-07T15:39:09+02:00,5201-0108-008__2026-09-03,205,9
2026-09-07T15:39:09+02:00,7202-5103-101__2026-09-03,95,11
2026-09-07T15:39:09+02:00,2118-0403-003__2026-09-03,119,10
2026-09-07T15:39:09+02:00,3622-9910-013__2026-09-03,424,12
2026-09-07T15:39:09+02:00,5201-0109-015__2026-09-03,76,7
2026-09-07T15:39:09+02:00,5201-0504-022__2026-09-03,473,11
2026-09-07T15:39:09+02:00,7202-4705-101__2026-09-03,131,7
2026-09-07T15:39:09+02:00,7505-0806-009__2026-09-03,444,5
2026-09-07T15:39:09+02:00,7606-1803-025__2026-09-03,70,9
2026-09-07T15:39:09+02:00,1202-1108-001__2026-09-03,836,8
2026-09-07T15:39:09+02:00,4306-4603-009__2026-09-03,88,6
2026-09-07T15:39:09+02:00,4415-0104-058__2026-09-03,598,6
2026-09-07T15:39:09+02:00,4415-0108-073__2026-09-03,733,10
2026-09-07T15:39:09+02:00,4703-1509-1805__2026-09-03,330,4
2026-09-07T15:39:09+02:00,5201-0103-049__2026-09-03,96,3
2026-09-07T15:39:09+02:00,5201-0106-017__2026-09-03,101,8
2026-09-07T15:39:09+02:00,6202-1105-1326__2026-09-03,591,7
2026-09-07T15:39:09+02:00,6202-1203-005__2026-09-03,291,7
2026-09-07T15:39:09+02:00,6202-4105-022__2026-09-03,94,3
2026-09-07T15:39:09+02:00,6404-0202-011__2026-09-03,1444,16
2026-09-07T15:39:09+02:00,6404-0302-008__2026-09-03,1469,12
2026-09-07T15:39:09+02:00,6404-8201-009__2026-09-03,587,10
2026-09-07T15:39:09+02:00,7101-5103-010__2026-09-03,744,9
2026-09-07T15:39:09+02:00,7101-5106-022__2026-09-03,905,10
2026-09-07T15:39:09+02:00,7505-0703-004__2026-09-03,444,3
2026-09-07T15:39:09+02:00,7404-2305-006__2026-09-03,95,3
2026-09-07T15:39:09+02:00,7808-0204-012__2026-09-03,95,6
2026-09-07T15:39:09+02:00,6303-6202-002__2026-09-03,607,6
2026-09-07T15:39:09+02:00,8303-010010071__2026-09-03,1511,10
2026-09-07T15:39:09+02:00,5201-0503-020__2026-09-03,385,14
2026-09-07T15:39:09+02:00,2118-0404-079__2026-09-03,205,9
2026-09-07T15:39:09+02:00,3622-9906-046__2026-09-03,1378,21
2026-09-07T15:39:09+02:00,7707-0408-005__2026-09-03,467,13
2026-09-07T15:39:09+02:00,7202-5109-108__2026-09-03,674,7
2026-09-07T15:39:09+02:00,5102-3601-003__2026-09-03,104,9
2026-09-07T15:39:09+02:00,2118-0404-052__2026-09-03,358,5
2026-09-07T15:39:09+02:00,7707-1104-006__2026-09-03,358,4
2026-09-07T15:39:09+02:00,6202-2201-004__2026-09-03,422,7
2026-09-07T15:41:10+02:00,5201-0108-008__2026-09-03,205,9
2026-09-07T15:41:10+02:00,7202-5103-101__2026-09-03,95,11
2026-09-07T15:41:10+02:00,2118-0403-003__2026-09-03,119,10
2026-09-07T15:41:10+02:00,3622-9910-013__2026-09-03,424,12
2026-09-07T15:41:10+02:00,5201-0109-015__2026-09-03,76,7
2026-09-07T15:41:10+02:00,5201-0504-022__2026-09-03,473,11
2026-09-07T15:41:10+02:00,7202-4705-101__2026-09-03,131,7
2026-09-07T15:41:10+02:00,7505-0806-009__2026-09-03,444,5
2026-09-07T15:41:10+02:00,7606-1803-025__2026-09-03,70,9
2026-09-07T15:41:10+02:00,1202-1108-001__2026-09-03,836,8
2026-09-07T15:41:10+02:00,4306-4603-009__2026-09-03,88,6
2026-09-07T15:41:10+02:00,4415-0104-058__2026-09-03,598,6
2026-09-07T15:41:10+02:00,4415-0108-073__2026-09-03,733,10
2026-09-07T15:41:10+02:00,4703-1509-1805__2026-09-03,330,4
2026-09-07T15:41:10+02:00,5201-0103-049__2026-09-03,96,3
2026-09-07T15:41:10+02:00,5201-0106-017__2026-09-03,101,8
2026-09-07T15:41:10+02:00,6202-1105-1326__2026-09-03,591,7
2026-09-07T15:41:10+02:00,6202-1203-005__2026-09-03,291,7
2026-09-07T15:41:10+02:00,6202-4105-022__2026-09-03,94,3
2026-09-07T15:41:10+02:00,6404-0202-011__2026-09-03,1444,16
2026-09-07T15:41:10+02:00,6404-0302-008__2026-09-03,1469,12
2026-09-07T15:41:10+02:00,6404-8201-009__2026-09-03,587,10
2026-09-07T15:41:10+02:00,7101-5103-010__2026-09-03,744,9
2026-09-07T15:41:10+02:00,7101-5106-022__2026-09-03,905,10
2026-09-07T15:41:10+02:00,7505-0703-004__2026-09-03,444,3
2026-09-07T15:41:10+02:00,7404-2305-006__2026-09-03,95,3
2026-09-07T15:41:10+02:00,7808-0204-012__2026-09-03,95,6
2026-09-07T15:41:10+02:00,6303-6202-002__2026-09-03,607,6
2026-09-07T15:41:10+02:00,8303-010010071__2026-09-03,1511,10
2026-09-07T15:41:10+02:00,5201-0503-020__2026-09-03,385,14
2026-09-07T15:41:10+02:00,2118-0404-079__2026-09-03,205,9
2026-09-07T15:41:10+02:00,3622-9906-046__2026-09-03,1378,21
2026-09-07T15:41:10+02:00,7707-0408-005__2026-09-03,467,13
2026-09-07T15:41:10+02:00,7202-5109-108__2026-09-03,674,7
2026-09-07T15:41:10+02:00,5102-3601-003__2026-09-03,104,9
2026-09-07T15:41:10+02:00,2118-0404-052__2026-09-03,358,5
2026-09-07T15:41:10+02:00,7707-1104-006__2026-09-03,358,4
2026-09-07T15:41:10+02:00,6202-2201-004__2026-09-03,422,7
2026-09-07T15:43:11+02:00,5201-0108-008__2026-09-03,205,9
2026-09-07T15:43:11+02:00,7202-5103-101__2026-09-03,95,11
2026-09-07T15:43:11+02:00,2118-0403-003__2026-09-03,119,10
2026-09-07T15:43:11+02:00,3622-9910-013__2026-09-03,424,12
2026-09-07T15:43:11+02:00,5201-0109-015__2026-09-03,76,7
2026-09-07T15:43:11+02:00,5201-0504-022__2026-09-03,473,11
2026-09-07T15:43:11+02:00,7202-4705-101__2026-09-03,131,7
2026-09-07T15:43:11+02:00,7505-0806-009__2026-09-03,444,5
2026-09-07T15:43:11+02:00,7606-1803-025__2026-09-03,70,9
2026-09-07T15:43:11+02:00,1202-1108-001__2026-09-03,836,8
2026-09-07T15:43:11+02:00,4306-4603-009__2026-09-03,88,6
2026-09-07T15:43:11+02:00,4415-0104-058__2026-09-03,598,6
2026-09-07T15:43:11+02:00,4415-0108-073__2026-09-03,733,10
2026-09-07T15:43:11+02:00,4703-1509-1805__2026-09-03,330,4
2026-09-07T15:43:11+02:00,5201-0103-049__2026-09-03,96,3
2026-09-07T15:43:11+02:00,5201-0106-017__2026-09-03,101,8
2026-09-07T15:43:11+02:00,6202-1105-1326__2026-09-03,591,7
2026-09-07T15:43:11+02:00,6202-1203-005__2026-09-03,291,7
2026-09-07T15:43:11+02:00,6202-4105-022__2026-09-03,94,3
2026-09-07T15:43:11+02:00,6404-0202-011__2026-09-03,1444,16
2026-09-07T15:43:11+02:00,6404-0302-008__2026-09-03,1469,12
2026-09-07T15:43:11+02:00,6404-8201-009__2026-09-03,587,10
2026-09-07T15:43:11+02:00,7101-5103-010__2026-09-03,744,9
2026-09-07T15:43:11+02:00,7101-5106-022__2026-09-03,905,10
2026-09-07T15:43:11+02:00,7505-0703-004__2026-09-03,444,3
2026-09-07T15:43:11+02:00,7404-2305-006__2026-09-03,95,3
2026-09-07T15:43:11+02:00,7808-0204-012__2026-09-03,95,6
2026-09-07T15:43:11+02:00,6303-6202-002__2026-09-03,607,6
2026-09-07T15:43:11+02:00,8303-010010071__2026-09-03,1511,10
2026-09-07T15:43:11+02:00,5201-0503-020__2026-09-03,385,14
2026-09-07T15:43:11+02:00,2118-0404-079__2026-09-03,205,9
2026-09-07T15:43:11+02:00,3622-9906-046__2026-09-03,1378,21
2026-09-07T15:43:11+02:00,7707-0408-005__2026-09-03,467,13
2026-09-07T15:43:11+02:00,7202-5109-108__2026-09-03,674,7
2026-09-07T15:43:11+02:00,5102-3601-003__2026-09-03,104,9
2026-09-07T15:43:11+02:00,2118-0404-052__2026-09-03,358,5
2026-09-07T15:43:11+02:00,7707-1104-006__2026-09-03,358,4
2026-09-07T15:43:11+02:00,6202-2201-004__2026-09-03,422,7
2026-09-07T15:45:13+02:00,5201-0108-008__2026-09-03,205,9
2026-09-07T15:45:13+02:00,7202-5103-101__2026-09-03,95,11
2026-09-07T15:45:13+02:00,2118-0403-003__2026-09-03,119,10
2026-09-07T15:45:13+02:00,3622-9910-013__2026-09-03,424,12
2026-09-07T15:45:13+02:00,5201-0109-015__2026-09-03,76,7
2026-09-07T15:45:13+02:00,5201-0504-022__2026-09-03,473,11
2026-09-07T15:45:13+02:00,7202-4705-101__2026-09-03,131,7
2026-09-07T15:45:13+02:00,7505-0806-009__2026-09-03,444,5
2026-09-07T15:45:13+02:00,7606-1803-025__2026-09-03,70,9
2026-09-07T15:45:13+02:00,1202-1108-001__2026-09-03,836,8
2026-09-07T15:45:13+02:00,4306-4603-009__2026-09-03,88,6
2026-09-07T15:45:13+02:00,4415-0104-058__2026-09-03,598,6
2026-09-07T15:45:13+02:00,4415-0108-073__2026-09-03,733,10
2026-09-07T15:45:13+02:00,4703-1509-1805__2026-09-03,330,4
2026-09-07T15:45:13+02:00,5201-0103-049__2026-09-03,96,3
2026-09-07T15:45:13+02:00,5201-0106-017__2026-09-03,101,8
2026-09-07T15:45:13+02:00,6202-1105-1326__2026-09-03,591,7
2026-09-07T15:45:13+02:00,6202-1203-005__2026-09-03,291,7
2026-09-07T15:45:13+02:00,6202-4105-022__2026-09-03,94,3
2026-09-07T15:45:13+02:00,6404-0202-011__2026-09-03,1444,16
2026-09-07T15:45:13+02:00,6404-0302-008__2026-09-03,1469,12
2026-09-07T15:45:13+02:00,6404-8201-009__2026-09-03,587,10
2026-09-07T15:45:13+02:00,7101-5103-010__2026-09-03,744,9
2026-09-07T15:45:13+02:00,7101-5106-022__2026-09-03,905,10
2026-09-07T15:45:13+02:00,7505-0703-004__2026-09-03,444,3
2026-09-07T15:45:13+02:00,7404-2305-006__2026-09-03,95,3
2026-09-07T15:45:13+02:00,7808-0204-012__2026-09-03,95,6
2026-09-07T15:45:13+02:00,6303-6202-002__2026-09-03,607,6
2026-09-07T15:45:13+02:00,8303-010010071__2026-09-03,1511,10
2026-09-07T15:45:13+02:00,5201-0503-020__2026-09-03,385,15
2026-09-07T15:45:13+02:00,2118-0404-079__2026-09-03,205,9
2026-09-07T15:45:13+02:00,3622-9906-046__2026-09-03,1378,21
2026-09-07T15:45:13+02:00,7707-0408-005__2026-09-03,467,12
2026-09-07T15:45:13+02:00,7202-5109-108__2026-09-03,674,7
2026-09-07T15:45:13+02:00,5102-3601-003__2026-09-03,104,9
2026-09-07T15:45:13+02:00,2118-0404-052__2026-09-03,358,5
2026-09-07T15:45:13+02:00,7707-1104-006__2026-09-03,358,4
2026-09-07T15:45:13+02:00,6202-2201-004__2026-09-03,422,7
2026-09-07T15:47:14+02:00,5201-0108-008__2026-09-03,205,9
2026-09-07T15:47:14+02:00,7202-5103-101__2026-09-03,95,11
2026-09-07T15:47:14+02:00,2118-0403-003__2026-09-03,119,10
2026-09-07T15:47:14+02:00,3622-9910-013__2026-09-03,424,12
2026-09-07T15:47:14+02:00,5201-0109-015__2026-09-03,76,7
2026-09-07T15:47:14+02:00,5201-0504-022__2026-09-03,473,11
2026-09-07T15:47:14+02:00,7202-4705-101__2026-09-03,131,7
2026-09-07T15:47:14+02:00,7505-0806-009__2026-09-03,444,5
2026-09-07T15:47:14+02:00,7606-1803-025__2026-09-03,70,9
2026-09-07T15:47:14+02:00,1202-1108-001__2026-09-03,836,8
2026-09-07T15:47:14+02:00,4306-4603-009__2026-09-03,88,6
2026-09-07T15:47:14+02:00,4415-0104-058__2026-09-03,598,6
2026-09-07T15:47:14+02:00,4415-0108-073__2026-09-03,733,10
2026-09-07T15:47:14+02:00,4703-1509-1805__2026-09-03,330,4
2026-09-07T15:47:14+02:00,5201-0103-049__2026-09-03,96,3
2026-09-07T15:47:14+02:00,5201-0106-017__2026-09-03,101,8
2026-09-07T15:47:14+02:00,6202-1105-1326__2026-09-03,591,7
2026-09-07T15:47:14+02:00,6202-1203-005__2026-09-03,291,7
2026-09-07T15:47:14+02:00,6202-4105-022__2026-09-03,94,3
2026-09-07T15:47:14+02:00,6404-0202-011__2026-09-03,1444,16
2026-09-07T15:47:14+02:00,6404-0302-008__2026-09-03,1469,12
2026-09-07T15:47:14+02:00,6404-8201-009__2026-09-03,587,10
2026-09-07T15:47:14+02:00,7101-5103-010__2026-09-03,744,9
2026-09-07T15:47:14+02:00,7101-5106-022__2026-09-03,905,10
2026-09-07T15:47:14+02:00,7505-0703-004__2026-09-03,444,3
2026-09-07T15:47:14+02:00,7404-2305-006__2026-09-03,95,3
2026-09-07T15:47:14+02:00,7808-0204-012__2026-09-03,95,6
2026-09-07T15:47:14+02:00,6303-6202-002__2026-09-03,607,6
2026-09-07T15:47:14+02:00,8303-010010071__2026-09-03,1511,10
2026-09-07T15:47:14+02:00,5201-0503-020__2026-09-03,385,15
2026-09-07T15:47:14+02:00,2118-0404-079__2026-09-03,205,9
2026-09-07T15:47:14+02:00,3622-9906-046__2026-09-03,1378,21
2026-09-07T15:47:14+02:00,7707-0408-005__2026-09-03,396,12
2026-09-07T15:47:14+02:00,7202-5109-108__2026-09-03,674,7
2026-09-07T15:47:14+02:00,5102-3601-003__2026-09-03,104,9
2026-09-07T15:47:14+02:00,2118-0404-052__2026-09-03,358,5
2026-09-07T15:47:14+02:00,7707-1104-006__2026-09-03,358,4
2026-09-07T15:47:14+02:00,6202-2201-004__2026-09-03,422,7
2026-09-07T15:49:16+02:00,5201-0108-008__2026-09-03,205,9
2026-09-07T15:49:16+02:00,7202-5103-101__2026-09-03,95,11
2026-09-07T15:49:16+02:00,2118-0403-003__2026-09-03,119,10
2026-09-07T15:49:16+02:00,3622-9910-013__2026-09-03,424,12
2026-09-07T15:49:16+02:00,5201-0109-015__2026-09-03,76,7
2026-09-07T15:49:16+02:00,5201-0504-022__2026-09-03,473,11
2026-09-07T15:49:16+02:00,7202-4705-101__2026-09-03,131,7
2026-09-07T15:49:16+02:00,7505-0806-009__2026-09-03,444,5
2026-09-07T15:49:16+02:00,7606-1803-025__2026-09-03,70,9
2026-09-07T15:49:16+02:00,1202-1108-001__2026-09-03,836,8
2026-09-07T15:49:16+02:00,4306-4603-009__2026-09-03,88,6
2026-09-07T15:49:16+02:00,4415-0104-058__2026-09-03,598,6
2026-09-07T15:49:16+02:00,4415-0108-073__2026-09-03,733,10
2026-09-07T15:49:16+02:00,4703-1509-1805__2026-09-03,330,4
2026-09-07T15:49:16+02:00,5201-0103-049__2026-09-03,96,3
2026-09-07T15:49:16+02:00,5201-0106-017__2026-09-03,101,8
2026-09-07T15:49:16+02:00,6202-1105-1326__2026-09-03,591,7
2026-09-07T15:49:16+02:00,6202-1203-005__2026-09-03,291,7
2026-09-07T15:49:16+02:00,6202-4105-022__2026-09-03,94,3
2026-09-07T15:49:16+02:00,6404-0202-011__2026-09-03,1444,16
2026-09-07T15:49:16+02:00,6404-0302-008__2026-09-03,1469,12
2026-09-07T15:49:16+02:00,6404-8201-009__2026-09-03,587,10
2026-09-07T15:49:16+02:00,7101-5103-010__2026-09-03,744,9
2026-09-07T15:49:16+02:00,7101-5106-022__2026-09-03,905,10
2026-09-07T15:49:16+02:00,7505-0703-004__2026-09-03,444,3
2026-09-07T15:49:16+02:00,7404-2305-006__2026-09-03,95,3
2026-09-07T15:49:16+02:00,7808-0204-012__2026-09-03,95,6
2026-09-07T15:49:16+02:00,6303-6202-002__2026-09-03,607,6
2026-09-07T15:49:16+02:00,8303-010010071__2026-09-03,1511,10
2026-09-07T15:49:16+02:00,5201-0503-020__2026-09-03,393,15
2026-09-07T15:49:16+02:00,2118-0404-079__2026-09-03,205,9
2026-09-07T15:49:16+02:00,3622-9906-046__2026-09-03,1378,21
2026-09-07T15:49:16+02:00,7707-0408-005__2026-09-03,396,12
2026-09-07T15:49:16+02:00,7202-5109-108__2026-09-03,674,7
2026-09-07T15:49:16+02:00,5102-3601-003__2026-09-03,104,9
2026-09-07T15:49:16+02:00,2118-0404-052__2026-09-03,358,5
2026-09-07T15:49:16+02:00,7707-1104-006__2026-09-03,358,4
2026-09-07T15:49:16+02:00,6202-2201-004__2026-09-03,422,7
2026-09-07T15:51:18+02:00,5201-0108-008__2026-09-03,205,9
2026-09-07T15:51:18+02:00,7202-5103-101__2026-09-03,95,12
2026-09-07T15:51:18+02:00,2118-0403-003__2026-09-03,119,10
2026-09-07T15:51:18+02:00,3622-9910-013__2026-09-03,424,12
2026-09-07T15:51:18+02:00,5201-0109-015__2026-09-03,76,7
2026-09-07T15:51:18+02:00,5201-0504-022__2026-09-03,473,11
2026-09-07T15:51:18+02:00,7202-4705-101__2026-09-03,131,7
2026-09-07T15:51:18+02:00,7505-0806-009__2026-09-03,444,5
2026-09-07T15:51:18+02:00,7606-1803-025__2026-09-03,70,9
2026-09-07T15:51:18+02:00,1202-1108-001__2026-09-03,836,8
2026-09-07T15:51:18+02:00,4306-4603-009__2026-09-03,88,6
2026-09-07T15:51:18+02:00,4415-0104-058__2026-09-03,598,6
2026-09-07T15:51:18+02:00,4415-0108-073__2026-09-03,733,10
2026-09-07T15:51:18+02:00,4703-1509-1805__2026-09-03,330,4
2026-09-07T15:51:18+02:00,5201-0103-049__2026-09-03,96,3
2026-09-07T15:51:18+02:00,5201-0106-017__2026-09-03,101,8
2026-09-07T15:51:18+02:00,6202-1105-1326__2026-09-03,591,7
2026-09-07T15:51:18+02:00,6202-1203-005__2026-09-03,291,7
2026-09-07T15:51:18+02:00,6202-4105-022__2026-09-03,94,3
2026-09-07T15:51:18+02:00,6404-0202-011__2026-09-03,1444,16
2026-09-07T15:51:18+02:00,6404-0302-008__2026-09-03,1469,12
2026-09-07T15:51:18+02:00,6404-8201-009__2026-09-03,587,10
2026-09-07T15:51:18+02:00,7101-5103-010__2026-09-03,744,9
2026-09-07T15:51:18+02:00,7101-5106-022__2026-09-03,905,10
2026-09-07T15:51:18+02:00,7505-0703-004__2026-09-03,444,3
2026-09-07T15:51:18+02:00,7404-2305-006__2026-09-03,95,3
2026-09-07T15:51:18+02:00,7808-0204-012__2026-09-03,95,6
2026-09-07T15:51:18+02:00,6303-6202-002__2026-09-03,607,6
2026-09-07T15:51:18+02:00,8303-010010071__2026-09-03,1511,10
2026-09-07T15:51:18+02:00,5201-0503-020__2026-09-03,393,15
2026-09-07T15:51:18+02:00,2118-0404-079__2026-09-03,205,9
2026-09-07T15:51:18+02:00,3622-9906-046__2026-09-03,1378,21
2026-09-07T15:51:18+02:00,7707-0408-005__2026-09-03,396,12
2026-09-07T15:51:18+02:00,7202-5109-108__2026-09-03,674,7
2026-09-07T15:51:18+02:00,5102-3601-003__2026-09-03,104,9
2026-09-07T15:51:18+02:00,2118-0404-052__2026-09-03,358,5
2026-09-07T15:51:18+02:00,7707-1104-006__2026-09-03,358,4
2026-09-07T15:51:18+02:00,6202-2201-004__2026-09-03,422,7
2026-09-07T15:53:19+02:00,5201-0108-008__2026-09-03,205,9
2026-09-07T15:53:19+02:00,7202-5103-101__2026-09-03,95,12
2026-09-07T15:53:19+02:00,2118-0403-003__2026-09-03,119,10
2026-09-07T15:53:19+02:00,3622-9910-013__2026-09-03,424,13
2026-09-07T15:53:19+02:00,5201-0109-015__2026-09-03,76,7
2026-09-07T15:53:19+02:00,5201-0504-022__2026-09-03,473,11
2026-09-07T15:53:19+02:00,7202-4705-101__2026-09-03,131,7
2026-09-07T15:53:19+02:00,7505-0806-009__2026-09-03,444,5
2026-09-07T15:53:19+02:00,7606-1803-025__2026-09-03,70,9
2026-09-07T15:53:19+02:00,1202-1108-001__2026-09-03,836,8
2026-09-07T15:53:19+02:00,4306-4603-009__2026-09-03,88,6
2026-09-07T15:53:19+02:00,4415-0104-058__2026-09-03,598,6
2026-09-07T15:53:19+02:00,4415-0108-073__2026-09-03,733,10
2026-09-07T15:53:19+02:00,4703-1509-1805__2026-09-03,330,4
2026-09-07T15:53:19+02:00,5201-0103-049__2026-09-03,96,3
2026-09-07T15:53:19+02:00,5201-0106-017__2026-09-03,101,8
2026-09-07T15:53:19+02:00,6202-1105-1326__2026-09-03,591,6
2026-09-07T15:53:19+02:00,6202-1203-005__2026-09-03,291,7
2026-09-07T15:53:19+02:00,6202-4105-022__2026-09-03,94,3
2026-09-07T15:53:19+02:00,6404-0202-011__2026-09-03,1444,16
2026-09-07T15:53:19+02:00,6404-0302-008__2026-09-03,1469,12
2026-09-07T15:53:19+02:00,6404-8201-009__2026-09-03,587,10
2026-09-07T15:53:19+02:00,7101-5103-010__2026-09-03,744,9
2026-09-07T15:53:19+02:00,7101-5106-022__2026-09-03,905,10
2026-09-07T15:53:19+02:00,7505-0703-004__2026-09-03,444,3
2026-09-07T15:53:19+02:00,7404-2305-006__2026-09-03,95,3
2026-09-07T15:53:19+02:00,7808-0204-012__2026-09-03,95,6
2026-09-07T15:53:19+02:00,6303-6202-002__2026-09-03,607,6
2026-09-07T15:53:19+02:00,8303-010010071__2026-09-03,1511,10
2026-09-07T15:53:19+02:00,5201-0503-020__2026-09-03,393,15
2026-09-07T15:53:19+02:00,2118-0404-079__2026-09-03,205,9
2026-09-07T15:53:19+02:00,3622-9906-046__2026-09-03,1378,21
2026-09-07T15:53:19+02:00,7707-0408-005__2026-09-03,396,12
2026-09-07T15:53:19+02:00,7202-5109-108__2026-09-03,674,7
2026-09-07T15:53:19+02:00,5102-3601-003__2026-09-03,104,9
2026-09-07T15:53:19+02:00,2118-0404-052__2026-09-03,358,5
2026-09-07T15:53:19+02:00,7707-1104-006__2026-09-03,358,4
2026-09-07T15:53:19+02:00,6202-2201-004__2026-09-03,422,7
2026-09-07T15:55:20+02:00,5201-0108-008__2026-09-03,205,9
2026-09-07T15:55:20+02:00,7202-5103-101__2026-09-03,95,12
2026-09-07T15:55:20+02:00,2118-0403-003__2026-09-03,119,10
2026-09-07T15:55:20+02:00,3622-9910-013__2026-09-03,778,13
2026-09-07T15:55:20+02:00,5201-0109-015__2026-09-03,76,7
2026-09-07T15:55:20+02:00,5201-0504-022__2026-09-03,473,11
2026-09-07T15:55:20+02:00,7202-4705-101__2026-09-03,131,7
2026-09-07T15:55:20+02:00,7505-0806-009__2026-09-03,444,5
2026-09-07T15:55:20+02:00,7606-1803-025__2026-09-03,70,9
2026-09-07T15:55:20+02:00,1202-1108-001__2026-09-03,836,8
2026-09-07T15:55:20+02:00,4306-4603-009__2026-09-03,88,6
2026-09-07T15:55:20+02:00,4415-0104-058__2026-09-03,598,6
2026-09-07T15:55:20+02:00,4415-0108-073__2026-09-03,733,10
2026-09-07T15:55:20+02:00,4703-1509-1805__2026-09-03,330,4
2026-09-07T15:55:20+02:00,5201-0103-049__2026-09-03,96,3
2026-09-07T15:55:20+02:00,5201-0106-017__2026-09-03,101,8
2026-09-07T15:55:20+02:00,6202-1105-1326__2026-09-03,591,6
2026-09-07T15:55:20+02:00,6202-1203-005__2026-09-03,291,7
2026-09-07T15:55:20+02:00,6202-4105-022__2026-09-03,94,3
2026-09-07T15:55:20+02:00,6404-0202-011__2026-09-03,1444,16
2026-09-07T15:55:20+02:00,6404-0302-008__2026-09-03,1469,12
2026-09-07T15:55:20+02:00,6404-8201-009__2026-09-03,587,10
2026-09-07T15:55:20+02:00,7101-5103-010__2026-09-03,744,9
2026-09-07T15:55:20+02:00,7101-5106-022__2026-09-03,905,10
2026-09-07T15:55:20+02:00,7505-0703-004__2026-09-03,444,3
2026-09-07T15:55:20+02:00,7404-2305-006__2026-09-03,95,3
2026-09-07T15:55:20+02:00,7808-0204-012__2026-09-03,95,6
2026-09-07T15:55:20+02:00,6303-6202-002__2026-09-03,607,6
2026-09-07T15:55:20+02:00,8303-010010071__2026-09-03,1511,10
2026-09-07T15:55:20+02:00,5201-0503-020__2026-09-03,393,15
2026-09-07T15:55:20+02:00,2118-0404-079__2026-09-03,205,9
2026-09-07T15:55:20+02:00,3622-9906-046__2026-09-03,1378,21
2026-09-07T15:55:20+02:00,7707-0408-005__2026-09-03,396,12
2026-09-07T15:55:20+02:00,7202-5109-108__2026-09-03,674,7
2026-09-07T15:55:20+02:00,5102-3601-003__2026-09-03,104,9
2026-09-07T15:55:20+02:00,2118-0404-052__2026-09-03,358,5
2026-09-07T15:55:20+02:00,7707-1104-006__2026-09-03,358,4
2026-09-07T15:55:20+02:00,6202-2201-004__2026-09-03,422,7
2026-09-07T15:57:22+02:00,5201-0108-008__2026-09-03,205,9
2026-09-07T15:57:22+02:00,7202-5103-101__2026-09-03,95,12
2026-09-07T15:57:22+02:00,2118-0403-003__2026-09-03,119,10
2026-09-07T15:57:22+02:00,3622-9910-013__2026-09-03,778,13
2026-09-07T15:57:22+02:00,5201-0109-015__2026-09-03,76,7
2026-09-07T15:57:22+02:00,5201-0504-022__2026-09-03,473,11
2026-09-07T15:57:22+02:00,7202-4705-101__2026-09-03,131,7
2026-09-07T15:57:22+02:00,7505-0806-009__2026-09-03,444,5
2026-09-07T15:57:22+02:00,7606-1803-025__2026-09-03,70,9
2026-09-07T15:57:22+02:00,1202-1108-001__2026-09-03,836,8
2026-09-07T15:57:22+02:00,4306-4603-009__2026-09-03,88,6
2026-09-07T15:57:22+02:00,4415-0104-058__2026-09-03,598,6
2026-09-07T15:57:22+02:00,4415-0108-073__2026-09-03,733,10
2026-09-07T15:57:22+02:00,4703-1509-1805__2026-09-03,330,4
2026-09-07T15:57:22+02:00,5201-0103-049__2026-09-03,96,3
2026-09-07T15:57:22+02:00,5201-0106-017__2026-09-03,101,8
2026-09-07T15:57:22+02:00,6202-1105-1326__2026-09-03,591,6
2026-09-07T15:57:22+02:00,6202-1203-005__2026-09-03,291,7
2026-09-07T15:57:22+02:00,6202-4105-022__2026-09-03,94,3
2026-09-07T15:57:22+02:00,6404-0202-011__2026-09-03,1444,16
2026-09-07T15:57:22+02:00,6404-0302-008__2026-09-03,1469,12
2026-09-07T15:57:22+02:00,6404-8201-009__2026-09-03,587,10
2026-09-07T15:57:22+02:00,7101-5103-010__2026-09-03,744,9
2026-09-07T15:57:22+02:00,7101-5106-022__2026-09-03,905,10
2026-09-07T15:57:22+02:00,7505-0703-004__2026-09-03,444,3
2026-09-07T15:57:22+02:00,7404-2305-006__2026-09-03,95,3
2026-09-07T15:57:22+02:00,7808-0204-012__2026-09-03,95,6
2026-09-07T15:57:22+02:00,6303-6202-002__2026-09-03,607,6
2026-09-07T15:57:22+02:00,8303-010010071__2026-09-03,1511,10
2026-09-07T15:57:22+02:00,5201-0503-020__2026-09-03,393,15
2026-09-07T15:57:22+02:00,2118-0404-079__2026-09-03,205,9
2026-09-07T15:57:22+02:00,3622-9906-046__2026-09-03,1378,21
2026-09-07T15:57:22+02:00,7707-0408-005__2026-09-03,396,12
2026-09-07T15:57:22+02:00,7202-5109-108__2026-09-03,674,7
2026-09-07T15:57:22+02:00,5102-3601-003__2026-09-03,104,9
2026-09-07T15:57:22+02:00,2118-0404-052__2026-09-03,358,5
2026-09-07T15:57:22+02:00,7707-1104-006__2026-09-03,358,4
2026-09-07T15:57:22+02:00,6202-2201-004__2026-09-03,422,7
2026-09-07T15:59:23+02:00,5201-0108-008__2026-09-03,205,9
2026-09-07T15:59:23+02:00,7202-5103-101__2026-09-03,290,12
2026-09-07T15:59:23+02:00,2118-0403-003__2026-09-03,119,10
2026-09-07T15:59:23+02:00,3622-9910-013__2026-09-03,778,13
2026-09-07T15:59:23+02:00,5201-0109-015__2026-09-03,105,8
2026-09-07T15:59:23+02:00,5201-0504-022__2026-09-03,473,11
2026-09-07T15:59:23+02:00,7202-4705-101__2026-09-03,131,7
2026-09-07T15:59:23+02:00,7505-0806-009__2026-09-03,444,5
2026-09-07T15:59:23+02:00,7606-1803-025__2026-09-03,70,9
2026-09-07T15:59:23+02:00,1202-1108-001__2026-09-03,836,8
2026-09-07T15:59:23+02:00,4306-4603-009__2026-09-03,88,6
2026-09-07T15:59:23+02:00,4415-0104-058__2026-09-03,598,6
2026-09-07T15:59:23+02:00,4415-0108-073__2026-09-03,733,10
2026-09-07T15:59:23+02:00,4703-1509-1805__2026-09-03,330,4
2026-09-07T15:59:23+02:00,5201-0103-049__2026-09-03,96,3
2026-09-07T15:59:23+02:00,5201-0106-017__2026-09-03,101,8
2026-09-07T15:59:23+02:00,6202-1105-1326__2026-09-03,591,6
2026-09-07T15:59:23+02:00,6202-1203-005__2026-09-03,291,7
2026-09-07T15:59:23+02:00,6202-4105-022__2026-09-03,94,3
2026-09-07T15:59:23+02:00,6404-0202-011__2026-09-03,1444,16
2026-09-07T15:59:23+02:00,6404-0302-008__2026-09-03,1469,12
2026-09-07T15:59:23+02:00,6404-8201-009__2026-09-03,587,10
2026-09-07T15:59:23+02:00,7101-5103-010__2026-09-03,744,9
2026-09-07T15:59:23+02:00,7101-5106-022__2026-09-03,905,10
2026-09-07T15:59:23+02:00,7505-0703-004__2026-09-03,444,3
2026-09-07T15:59:23+02:00,7404-2305-006__2026-09-03,95,3
2026-09-07T15:59:23+02:00,7808-0204-012__2026-09-03,95,6
2026-09-07T15:59:23+02:00,6303-6202-002__2026-09-03,607,6
2026-09-07T15:59:23+02:00,8303-010010071__2026-09-03,1511,10
2026-09-07T15:59:23+02:00,5201-0503-020__2026-09-03,393,15
2026-09-07T15:59:23+02:00,2118-0404-079__2026-09-03,205,9
2026-09-07T15:59:23+02:00,3622-9906-046__2026-09-03,1378,21
2026-09-07T15:59:23+02:00,7707-0408-005__2026-09-03,396,12
2026-09-07T15:59:23+02:00,7202-5109-108__2026-09-03,674,7
2026-09-07T15:59:23+02:00,5102-3601-003__2026-09-03,104,9
2026-09-07T15:59:23+02:00,2118-0404-052__2026-09-03,358,5
2026-09-07T15:59:23+02:00,7707-1104-006__2026-09-03,358,4
2026-09-07T15:59:23+02:00,6202-2201-004__2026-09-03,422,7
2026-09-07T16:01:01+02:00,7505-1403-003__2026-09-07,0,0
2026-09-07T16:01:01+02:00,5201-0502-002__2026-09-07,0,0
2026-09-07T16:01:01+02:00,5201-0504-021__2026-09-07,0,0
2026-09-07T16:01:01+02:00,6202-1105-1323__2026-09-07,0,0
2026-09-07T16:01:01+02:00,7303-2604-003__2026-09-07,0,0
2026-09-07T16:01:01+02:00,7303-2904-001__2026-09-07,0,0
2026-09-07T16:01:01+02:00,7707-1201-005__2026-09-07,0,0
2026-09-07T16:01:01+02:00,1106-2107-009__2026-09-07,0,0
2026-09-07T16:01:01+02:00,1106-2306-006__2026-09-07,0,0
2026-09-07T16:01:01+02:00,1106-2505-009__2026-09-07,0,0
2026-09-07T16:01:01+02:00,1407-6603-008__2026-09-07,0,0
2026-09-07T16:01:01+02:00,2118-0405-003__2026-09-07,0,0
2026-09-07T16:01:01+02:00,4306-4603-011__2026-09-07,0,0
2026-09-07T16:01:01+02:00,4415-0105-064__2026-09-07,0,0
2026-09-07T16:01:01+02:00,4703-1505-1409__2026-09-07,0,0
2026-09-07T16:01:01+02:00,5201-0102-006__2026-09-07,0,0
2026-09-07T16:01:01+02:00,5201-0104-053__2026-09-07,0,0
2026-09-07T16:01:01+02:00,5201-0504-020__2026-09-07,0,0
2026-09-07T16:01:01+02:00,6202-4105-015__2026-09-07,0,0
2026-09-07T16:01:01+02:00,6202-4702-008__2026-09-07,0,0
2026-09-07T16:01:01+02:00,6404-0303-004__2026-09-07,0,0
2026-09-07T16:01:01+02:00,7101-5105-037__2026-09-07,0,0
2026-09-07T16:01:01+02:00,7202-5706-101__2026-09-07,0,0
2026-09-07T16:01:01+02:00,7202-6504-107__2026-09-07,0,0
2026-09-07T16:01:01+02:00,7404-2202-002__2026-09-07,0,0
2026-09-07T16:01:01+02:00,7505-0903-008__2026-09-07,0,0
2026-09-07T16:01:01+02:00,7404-2402-021__2026-09-07,0,0
2026-09-07T16:01:01+02:00,7808-0205-020__2026-09-07,0,0
2026-09-07T16:01:01+02:00,7202-4904-107__2026-09-07,0,0
2026-09-07T16:01:01+02:00,5102-3508-014__2026-09-07,0,0
2026-09-07T16:01:01+02:00,7202-4710-106__2026-09-07,0,0
2026-09-07T16:01:01+02:00,3622-9105-202__2026-09-07,0,0
2026-09-07T16:01:01+02:00,3419-2103-004__2026-09-07,0,0
2026-09-07T18:28:15+02:00,7505-1403-003__2026-09-07,76,1
2026-09-07T18:28:15+02:00,5201-0502-002__2026-09-07,113,1
2026-09-07T18:28:15+02:00,5201-0504-021__2026-09-07,92,2
2026-09-07T18:28:15+02:00,6202-1105-1323__2026-09-07,108,2
2026-09-07T18:28:15+02:00,7303-2604-003__2026-09-07,2025,5
2026-09-07T18:28:15+02:00,7303-2904-001__2026-09-07,2025,3
2026-09-07T18:28:15+02:00,7707-1201-005__2026-09-07,42,1
2026-09-07T18:28:15+02:00,1106-2107-009__2026-09-07,76,2
2026-09-07T18:28:15+02:00,1106-2306-006__2026-09-07,42,1
2026-09-07T18:28:15+02:00,1106-2505-009__2026-09-07,76,1
2026-09-07T18:28:15+02:00,1407-6603-008__2026-09-07,0,0
2026-09-07T18:28:15+02:00,2118-0405-003__2026-09-07,275,1
2026-09-07T18:28:15+02:00,4306-4603-011__2026-09-07,0,0
2026-09-07T18:28:15+02:00,4415-0105-064__2026-09-07,59,2
2026-09-07T18:28:15+02:00,4703-1505-1409__2026-09-07,0,0
2026-09-07T18:28:15+02:00,5201-0102-006__2026-09-07,69,1
2026-09-07T18:28:15+02:00,5201-0104-053__2026-09-07,69,1
2026-09-07T18:28:15+02:00,5201-0504-020__2026-09-07,108,2
2026-09-07T18:28:15+02:00,6202-4105-015__2026-09-07,69,1
2026-09-07T18:28:15+02:00,6202-4702-008__2026-09-07,762,2
2026-09-07T18:28:15+02:00,6404-0303-004__2026-09-07,1396,2
2026-09-07T18:28:15+02:00,7101-5105-037__2026-09-07,42,1
2026-09-07T18:28:15+02:00,7202-5706-101__2026-09-07,62,1
2026-09-07T18:28:15+02:00,7202-6504-107__2026-09-07,62,1
2026-09-07T18:28:15+02:00,7404-2202-002__2026-09-07,0,0
2026-09-07T18:28:15+02:00,7505-0903-008__2026-09-07,0,0
2026-09-07T18:28:15+02:00,7404-2402-021__2026-09-07,0,0
2026-09-07T18:28:15+02:00,7808-0205-020__2026-09-07,0,0
2026-09-07T18:28:15+02:00,7202-4904-107__2026-09-07,62,1
2026-09-07T18:28:15+02:00,5102-3508-014__2026-09-07,59,1
2026-09-07T18:28:15+02:00,7202-4710-106__2026-09-07,58,1
2026-09-07T18:28:15+02:00,3622-9105-202__2026-09-07,66,3
2026-09-07T18:28:15+02:00,3419-2103-004__2026-09-07,758,3
2026-09-07T22:33:45+02:00,7505-1403-003__2026-09-07,76,1
2026-09-07T22:33:45+02:00,5201-0502-002__2026-09-07,223,2
2026-09-07T22:33:45+02:00,5201-0504-021__2026-09-07,92,2
2026-09-07T22:33:45+02:00,6202-1105-1323__2026-09-07,108,2
2026-09-07T22:33:45+02:00,7303-2604-003__2026-09-07,2025,10
2026-09-07T22:33:45+02:00,7303-2904-001__2026-09-07,2025,6
2026-09-07T22:33:45+02:00,7707-1201-005__2026-09-07,42,1
2026-09-07T22:33:45+02:00,1106-2107-009__2026-09-07,76,3
2026-09-07T22:33:45+02:00,1106-2306-006__2026-09-07,71,2
2026-09-07T22:33:45+02:00,1106-2505-009__2026-09-07,76,1
2026-09-07T22:33:45+02:00,1407-6603-008__2026-09-07,71,1
2026-09-07T22:33:45+02:00,2118-0405-003__2026-09-07,275,3
2026-09-07T22:33:45+02:00,4306-4603-011__2026-09-07,12,1
2026-09-07T22:33:45+02:00,4415-0105-064__2026-09-07,544,5
2026-09-07T22:33:45+02:00,4703-1505-1409__2026-09-07,68,1
2026-09-07T22:33:45+02:00,5201-0102-006__2026-09-07,102,2
2026-09-07T22:33:45+02:00,5201-0104-053__2026-09-07,71,2
2026-09-07T22:33:45+02:00,5201-0504-020__2026-09-07,233,3
2026-09-07T22:33:45+02:00,6202-4105-015__2026-09-07,69,1
2026-09-07T22:33:45+02:00,6202-4702-008__2026-09-07,762,3
2026-09-07T22:33:45+02:00,6404-0303-004__2026-09-07,1396,3
2026-09-07T22:33:45+02:00,7101-5105-037__2026-09-07,61,2
2026-09-07T22:33:45+02:00,7202-5706-101__2026-09-07,62,1
2026-09-07T22:33:45+02:00,7202-6504-107__2026-09-07,68,2
2026-09-07T22:33:45+02:00,7404-2202-002__2026-09-07,50,1
2026-09-07T22:33:45+02:00,7505-0903-008__2026-09-07,73,3
2026-09-07T22:33:45+02:00,7404-2402-021__2026-09-07,12,1
2026-09-07T22:33:45+02:00,7808-0205-020__2026-09-07,73,2
2026-09-07T22:33:45+02:00,7202-4904-107__2026-09-07,68,2
2026-09-07T22:33:45+02:00,5102-3508-014__2026-09-07,59,1
2026-09-07T22:33:45+02:00,7202-4710-106__2026-09-07,98,2
2026-09-07T22:33:45+02:00,3622-9105-202__2026-09-07,447,8
2026-09-07T22:33:45+02:00,3419-2103-004__2026-09-07,758,5
2026-09-08T01:29:39+02:00,7505-1403-003__2026-09-07,77,3
2026-09-08T01:29:39+02:00,5201-0502-002__2026-09-07,224,2
2026-09-08T01:29:39+02:00,5201-0504-021__2026-09-07,93,2
2026-09-08T01:29:39+02:00,6202-1105-1323__2026-09-07,109,2
2026-09-08T01:29:39+02:00,7303-2604-003__2026-09-07,2026,10
2026-09-08T01:29:39+02:00,7303-2904-001__2026-09-07,2026,6
2026-09-08T01:29:39+02:00,7707-1201-005__2026-09-07,55,2
2026-09-08T01:29:39+02:00,1106-2107-009__2026-09-07,77,3
2026-09-08T01:29:39+02:00,1106-2306-006__2026-09-07,72,3
2026-09-08T01:29:39+02:00,1106-2505-009__2026-09-07,77,1
2026-09-08T01:29:39+02:00,1407-6603-008__2026-09-07,72,1
2026-09-08T01:29:39+02:00,2118-0405-003__2026-09-07,375,5
2026-09-08T01:29:39+02:00,4306-4603-011__2026-09-07,13,1
2026-09-08T01:29:39+02:00,4415-0105-064__2026-09-07,545,5
2026-09-08T01:29:39+02:00,4703-1505-1409__2026-09-07,69,1
2026-09-08T01:29:39+02:00,5201-0102-006__2026-09-07,103,2
2026-09-08T01:29:39+02:00,5201-0104-053__2026-09-07,72,2
2026-09-08T01:29:39+02:00,5201-0504-020__2026-09-07,666,4
2026-09-08T01:29:39+02:00,6202-4105-015__2026-09-07,70,1
2026-09-08T01:29:39+02:00,6202-4702-008__2026-09-07,1044,4
2026-09-08T01:29:39+02:00,6404-0303-004__2026-09-07,1397,4
2026-09-08T01:29:39+02:00,7101-5105-037__2026-09-07,62,2
2026-09-08T01:29:39+02:00,7202-5706-101__2026-09-07,63,1
2026-09-08T01:29:39+02:00,7202-6504-107__2026-09-07,69,2
2026-09-08T01:29:39+02:00,7404-2202-002__2026-09-07,55,2
2026-09-08T01:29:39+02:00,7505-0903-008__2026-09-07,74,3
2026-09-08T01:29:39+02:00,7404-2402-021__2026-09-07,42,2
2026-09-08T01:29:39+02:00,7808-0205-020__2026-09-07,76,3
2026-09-08T01:29:39+02:00,7202-4904-107__2026-09-07,93,3
2026-09-08T01:29:39+02:00,5102-3508-014__2026-09-07,91,2
2026-09-08T01:29:39+02:00,7202-4710-106__2026-09-07,99,2
2026-09-08T01:29:39+02:00,3622-9105-202__2026-09-07,448,8
2026-09-08T01:29:39+02:00,3419-2103-004__2026-09-07,790,6
2026-09-08T06:35:11+02:00,7505-1403-003__2026-09-07,77,3
2026-09-08T06:35:11+02:00,5201-0502-002__2026-09-07,224,2
2026-09-08T06:35:11+02:00,5201-0504-021__2026-09-07,93,2
2026-09-08T06:35:11+02:00,6202-1105-1323__2026-09-07,109,2
2026-09-08T06:35:11+02:00,7303-2604-003__2026-09-07,2026,10
2026-09-08T06:35:11+02:00,7303-2904-001__2026-09-07,2026,6
2026-09-08T06:35:11+02:00,7707-1201-005__2026-09-07,55,2
2026-09-08T06:35:11+02:00,1106-2107-009__2026-09-07,77,3
2026-09-08T06:35:11+02:00,1106-2306-006__2026-09-07,72,3
2026-09-08T06:35:11+02:00,1106-2505-009__2026-09-07,77,1
2026-09-08T06:35:11+02:00,1407-6603-008__2026-09-07,72,1
2026-09-08T06:35:11+02:00,2118-0405-003__2026-09-07,375,6
2026-09-08T06:35:11+02:00,4306-4603-011__2026-09-07,13,1
2026-09-08T06:35:11+02:00,4415-0105-064__2026-09-07,545,5
2026-09-08T06:35:11+02:00,4703-1505-1409__2026-09-07,69,1
2026-09-08T06:35:11+02:00,5201-0102-006__2026-09-07,103,2
2026-09-08T06:35:11+02:00,5201-0104-053__2026-09-07,72,2
2026-09-08T06:35:11+02:00,5201-0504-020__2026-09-07,666,4
2026-09-08T06:35:11+02:00,6202-4105-015__2026-09-07,70,2
2026-09-08T06:35:11+02:00,6202-4702-008__2026-09-07,1044,4
2026-09-08T06:35:11+02:00,6404-0303-004__2026-09-07,1397,4
2026-09-08T06:35:11+02:00,7101-5105-037__2026-09-07,62,2
2026-09-08T06:35:11+02:00,7202-5706-101__2026-09-07,63,1
2026-09-08T06:35:11+02:00,7202-6504-107__2026-09-07,69,2
2026-09-08T06:35:11+02:00,7404-2202-002__2026-09-07,55,2
2026-09-08T06:35:11+02:00,7505-0903-008__2026-09-07,74,4
2026-09-08T06:35:11+02:00,7404-2402-021__2026-09-07,42,2
2026-09-08T06:35:11+02:00,7808-0205-020__2026-09-07,76,4
2026-09-08T06:35:11+02:00,7202-4904-107__2026-09-07,93,3
2026-09-08T06:35:11+02:00,5102-3508-014__2026-09-07,91,2
2026-09-08T06:35:11+02:00,7202-4710-106__2026-09-07,99,2
2026-09-08T06:35:11+02:00,3622-9105-202__2026-09-07,448,9
2026-09-08T06:35:11+02:00,3419-2103-004__2026-09-07,790,6
2026-09-08T11:40:30+02:00,6202-2104-1204__2026-09-08,0,0
2026-09-08T11:40:30+02:00,5201-0102-010__2026-09-08,0,0
2026-09-08T11:40:30+02:00,7505-1403-003__2026-09-07,77,5
2026-09-08T11:40:30+02:00,5201-0502-002__2026-09-07,224,2
2026-09-08T11:40:30+02:00,5201-0504-021__2026-09-07,93,2
2026-09-08T11:40:30+02:00,6202-1105-1323__2026-09-07,109,2
2026-09-08T11:40:30+02:00,7303-2604-003__2026-09-07,2026,11
2026-09-08T11:40:30+02:00,7303-2904-001__2026-09-07,2026,7
2026-09-08T11:40:30+02:00,7707-1201-005__2026-09-07,55,4
2026-09-08T11:40:30+02:00,1106-2107-009__2026-09-07,77,3
2026-09-08T11:40:30+02:00,1106-2306-006__2026-09-07,89,4
2026-09-08T11:40:30+02:00,1106-2505-009__2026-09-07,77,1
2026-09-08T11:40:30+02:00,1407-6603-008__2026-09-07,72,1
2026-09-08T11:40:30+02:00,2118-0405-003__2026-09-07,375,6
2026-09-08T11:40:30+02:00,4306-4603-011__2026-09-07,13,1
2026-09-08T11:40:30+02:00,4415-0105-064__2026-09-07,545,4
2026-09-08T11:40:30+02:00,4703-1505-1409__2026-09-07,69,1
2026-09-08T11:40:30+02:00,5201-0102-006__2026-09-07,103,2
2026-09-08T11:40:30+02:00,5201-0104-053__2026-09-07,90,3
2026-09-08T11:40:30+02:00,5201-0504-020__2026-09-07,666,4
2026-09-08T11:40:30+02:00,6202-4105-015__2026-09-07,70,2
2026-09-08T11:40:30+02:00,6202-4702-008__2026-09-07,1044,5
2026-09-08T11:40:30+02:00,6404-0303-004__2026-09-07,1397,4
2026-09-08T11:40:30+02:00,7101-5105-037__2026-09-07,62,2
2026-09-08T11:40:30+02:00,7202-5706-101__2026-09-07,63,1
2026-09-08T11:40:30+02:00,7202-6504-107__2026-09-07,69,2
2026-09-08T11:40:30+02:00,7404-2202-002__2026-09-07,55,3
2026-09-08T11:40:30+02:00,7505-0903-008__2026-09-07,74,4
2026-09-08T11:40:30+02:00,7404-2402-021__2026-09-07,42,2
2026-09-08T11:40:30+02:00,7808-0205-020__2026-09-07,76,5
2026-09-08T11:40:30+02:00,7202-4904-107__2026-09-07,93,3
2026-09-08T11:40:30+02:00,5102-3508-014__2026-09-07,91,1
2026-09-08T11:40:30+02:00,7202-4710-106__2026-09-07,99,2
2026-09-08T11:40:30+02:00,3622-9105-202__2026-09-07,465,11
2026-09-08T11:40:30+02:00,3419-2103-004__2026-09-07,1159,7
2026-09-08T16:31:51+02:00,6202-2104-1204__2026-09-08,83,2
2026-09-08T16:31:51+02:00,5201-0102-010__2026-09-08,77,3
2026-09-08T16:31:51+02:00,6202-2501-005__2026-09-08,0,0
2026-09-08T16:31:51+02:00,5201-0109-048__2026-09-08,0,0
2026-09-08T16:31:51+02:00,7505-1403-003__2026-09-07,77,5
2026-09-08T16:31:51+02:00,5201-0502-002__2026-09-07,224,4
2026-09-08T16:31:51+02:00,5201-0504-021__2026-09-07,93,2
2026-09-08T16:31:51+02:00,6202-1105-1323__2026-09-07,109,3
2026-09-08T16:31:51+02:00,7303-2604-003__2026-09-07,2026,13
2026-09-08T16:31:51+02:00,7303-2904-001__2026-09-07,2026,8
2026-09-08T16:31:51+02:00,7707-1201-005__2026-09-07,55,5
2026-09-08T16:31:51+02:00,1106-2107-009__2026-09-07,77,3
2026-09-08T16:31:51+02:00,1106-2306-006__2026-09-07,89,3
2026-09-08T16:31:51+02:00,1106-2505-009__2026-09-07,77,2
2026-09-08T16:31:51+02:00,1407-6603-008__2026-09-07,72,2
2026-09-08T16:31:51+02:00,2118-0405-003__2026-09-07,375,5
2026-09-08T16:31:51+02:00,4306-4603-011__2026-09-07,43,2
2026-09-08T16:31:51+02:00,4415-0105-064__2026-09-07,545,6
2026-09-08T16:31:51+02:00,4703-1505-1409__2026-09-07,69,1
2026-09-08T16:31:51+02:00,5201-0102-006__2026-09-07,103,2
2026-09-08T16:31:51+02:00,5201-0104-053__2026-09-07,90,3
2026-09-08T16:31:51+02:00,5201-0504-020__2026-09-07,666,5
2026-09-08T16:31:51+02:00,6202-4105-015__2026-09-07,70,2
2026-09-08T16:31:51+02:00,6202-4702-008__2026-09-07,1044,5
2026-09-08T16:31:51+02:00,6404-0303-004__2026-09-07,1397,5
2026-09-08T16:31:51+02:00,7101-5105-037__2026-09-07,62,2
2026-09-08T16:31:51+02:00,7202-5706-101__2026-09-07,63,2
2026-09-08T16:31:51+02:00,7202-6504-107__2026-09-07,69,2
2026-09-08T16:31:51+02:00,7404-2202-002__2026-09-07,55,3
2026-09-08T16:31:51+02:00,7505-0903-008__2026-09-07,74,4
2026-09-08T16:31:51+02:00,7404-2402-021__2026-09-07,43,3
2026-09-08T16:31:51+02:00,7808-0205-020__2026-09-07,76,5
2026-09-08T16:31:51+02:00,7202-4904-107__2026-09-07,93,3
2026-09-08T16:31:51+02:00,5102-3508-014__2026-09-07,398,3
2026-09-08T16:31:51+02:00,7202-4710-106__2026-09-07,99,2
2026-09-08T16:31:51+02:00,3622-9105-202__2026-09-07,465,11
2026-09-08T16:31:51+02:00,3419-2103-004__2026-09-07,1159,9
2026-09-08T20:40:03+02:00,6202-2104-1204__2026-09-08,83,2
2026-09-08T20:40:03+02:00,5201-0102-010__2026-09-08,77,4
2026-09-08T20:40:03+02:00,6202-2501-005__2026-09-08,100,1
2026-09-08T20:40:03+02:00,5201-0109-048__2026-09-08,0,1
2026-09-08T20:40:03+02:00,3419-3603-010__2026-09-08,103,3
2026-09-08T20:40:03+02:00,7505-1403-003__2026-09-07,77,5
2026-09-08T20:40:03+02:00,5201-0502-002__2026-09-07,224,4
2026-09-08T20:40:03+02:00,5201-0504-021__2026-09-07,664,4
2026-09-08T20:40:03+02:00,6202-1105-1323__2026-09-07,109,3
2026-09-08T20:40:03+02:00,7303-2604-003__2026-09-07,2026,15
2026-09-08T20:40:03+02:00,7303-2904-001__2026-09-07,2026,8
2026-09-08T20:40:03+02:00,7707-1201-005__2026-09-07,55,5
2026-09-08T20:40:03+02:00,1106-2107-009__2026-09-07,77,2
2026-09-08T20:40:03+02:00,1106-2306-006__2026-09-07,89,3
2026-09-08T20:40:03+02:00,1106-2505-009__2026-09-07,89,3
2026-09-08T20:40:03+02:00,1407-6603-008__2026-09-07,72,2
2026-09-08T20:40:03+02:00,2118-0405-003__2026-09-07,375,6
2026-09-08T20:40:03+02:00,4306-4603-011__2026-09-07,43,2
2026-09-08T20:40:03+02:00,4415-0105-064__2026-09-07,545,6
2026-09-08T20:40:03+02:00,4703-1505-1409__2026-09-07,69,2
2026-09-08T20:40:03+02:00,5201-0102-006__2026-09-07,103,2
2026-09-08T20:40:03+02:00,5201-0104-053__2026-09-07,90,4
2026-09-08T20:40:03+02:00,5201-0504-020__2026-09-07,666,4
2026-09-08T20:40:03+02:00,6202-4105-015__2026-09-07,70,2
2026-09-08T20:40:03+02:00,6202-4702-008__2026-09-07,1044,7
2026-09-08T20:40:03+02:00,6404-0303-004__2026-09-07,1397,8
2026-09-08T20:40:03+02:00,7101-5105-037__2026-09-07,231,4
2026-09-08T20:40:03+02:00,7202-5706-101__2026-09-07,63,3
2026-09-08T20:40:03+02:00,7202-6504-107__2026-09-07,69,2
2026-09-08T20:40:03+02:00,7404-2202-002__2026-09-07,55,3
2026-09-08T20:40:03+02:00,7505-0903-008__2026-09-07,234,6
2026-09-08T20:40:03+02:00,7404-2402-021__2026-09-07,43,3
2026-09-08T20:40:03+02:00,7808-0205-020__2026-09-07,234,5
2026-09-08T20:40:03+02:00,7202-4904-107__2026-09-07,93,2
2026-09-08T20:40:03+02:00,5102-3508-014__2026-09-07,398,3
2026-09-08T20:40:03+02:00,7202-4710-106__2026-09-07,99,2
2026-09-08T20:40:03+02:00,3622-9105-202__2026-09-07,465,12
2026-09-08T20:40:03+02:00,3419-2103-004__2026-09-07,1159,9
2026-09-08T23:51:04+02:00,6202-2104-1204__2026-09-08,83,3
2026-09-08T23:51:04+02:00,5201-0102-010__2026-09-08,77,6
2026-09-08T23:51:04+02:00,6202-2501-005__2026-09-08,792,3
2026-09-08T23:51:04+02:00,5201-0109-048__2026-09-08,77,6
2026-09-08T23:51:04+02:00,3419-3603-010__2026-09-08,103,3
2026-09-08T23:51:04+02:00,7505-1403-003__2026-09-07,77,5
2026-09-08T23:51:04+02:00,5201-0502-002__2026-09-07,224,5
2026-09-08T23:51:04+02:00,5201-0504-021__2026-09-07,664,6
2026-09-08T23:51:04+02:00,6202-1105-1323__2026-09-07,109,4
2026-09-08T23:51:04+02:00,7303-2604-003__2026-09-07,2026,18
2026-09-08T23:51:04+02:00,7303-2904-001__2026-09-07,2026,10
2026-09-08T23:51:04+02:00,7707-1201-005__2026-09-07,47,4
2026-09-08T23:51:04+02:00,1106-2107-009__2026-09-07,77,2
2026-09-08T23:51:04+02:00,1106-2306-006__2026-09-07,89,3
2026-09-08T23:51:04+02:00,1106-2505-009__2026-09-07,89,3
2026-09-08T23:51:04+02:00,1407-6603-008__2026-09-07,72,2
2026-09-08T23:51:04+02:00,2118-0405-003__2026-09-07,375,7
2026-09-08T23:51:04+02:00,4306-4603-011__2026-09-07,43,2
2026-09-08T23:51:04+02:00,4415-0105-064__2026-09-07,545,6
2026-09-08T23:51:04+02:00,4703-1505-1409__2026-09-07,69,2
2026-09-08T23:51:04+02:00,5201-0102-006__2026-09-07,103,2
2026-09-08T23:51:04+02:00,5201-0104-053__2026-09-07,72,4
2026-09-08T23:51:04+02:00,5201-0504-020__2026-09-07,666,4
2026-09-08T23:51:04+02:00,6202-4105-015__2026-09-07,70,2
2026-09-08T23:51:04+02:00,6202-4702-008__2026-09-07,1044,7
2026-09-08T23:51:04+02:00,6404-0303-004__2026-09-07,1397,8
2026-09-08T23:51:04+02:00,7101-5105-037__2026-09-07,400,5
2026-09-08T23:51:04+02:00,7202-5706-101__2026-09-07,63,4
2026-09-08T23:51:04+02:00,7202-6504-107__2026-09-07,69,3
2026-09-08T23:51:04+02:00,7404-2202-002__2026-09-07,55,4
2026-09-08T23:51:04+02:00,7505-0903-008__2026-09-07,234,6
2026-09-08T23:51:04+02:00,7404-2402-021__2026-09-07,43,4
2026-09-08T23:51:04+02:00,7808-0205-020__2026-09-07,234,6
2026-09-08T23:51:04+02:00,7202-4904-107__2026-09-07,93,2
2026-09-08T23:51:04+02:00,5102-3508-014__2026-09-07,398,3
2026-09-08T23:51:04+02:00,7202-4710-106__2026-09-07,99,2
2026-09-08T23:51:04+02:00,3622-9105-202__2026-09-07,465,13
2026-09-08T23:51:04+02:00,3419-2103-004__2026-09-07,1159,10
2026-09-09T02:14:16+02:00,6202-2104-1204__2026-09-08,83,3
2026-09-09T02:14:16+02:00,5201-0102-010__2026-09-08,78,6
2026-09-09T02:14:16+02:00,6202-2501-005__2026-09-08,793,3
2026-09-09T02:14:16+02:00,5201-0109-048__2026-09-08,105,7
2026-09-09T02:14:16+02:00,3419-3603-010__2026-09-08,104,3
2026-09-09T02:14:16+02:00,7505-1403-003__2026-09-07,78,5
2026-09-09T02:14:16+02:00,5201-0502-002__2026-09-07,225,5
2026-09-09T02:14:16+02:00,5201-0504-021__2026-09-07,665,6
2026-09-09T02:14:16+02:00,6202-1105-1323__2026-09-07,40,4
2026-09-09T02:14:16+02:00,7303-2604-003__2026-09-07,2027,18
2026-09-09T02:14:16+02:00,7303-2904-001__2026-09-07,2027,10
2026-09-09T02:14:16+02:00,7707-1201-005__2026-09-07,48,4
2026-09-09T02:14:16+02:00,1106-2107-009__2026-09-07,78,2
2026-09-09T02:14:16+02:00,1106-2306-006__2026-09-07,90,3
2026-09-09T02:14:16+02:00,1106-2505-009__2026-09-07,90,3
2026-09-09T02:14:16+02:00,1407-6603-008__2026-09-07,73,2
2026-09-09T02:14:16+02:00,2118-0405-003__2026-09-07,376,7
2026-09-09T02:14:16+02:00,4306-4603-011__2026-09-07,44,2
2026-09-09T02:14:16+02:00,4415-0105-064__2026-09-07,546,6
2026-09-09T02:14:16+02:00,4703-1505-1409__2026-09-07,70,2
2026-09-09T02:14:16+02:00,5201-0102-006__2026-09-07,104,2
2026-09-09T02:14:16+02:00,5201-0104-053__2026-09-07,91,4
2026-09-09T02:14:16+02:00,5201-0504-020__2026-09-07,667,4
2026-09-09T02:14:16+02:00,6202-4105-015__2026-09-07,71,2
2026-09-09T02:14:16+02:00,6202-4702-008__2026-09-07,1045,7
2026-09-09T02:14:16+02:00,6404-0303-004__2026-09-07,1398,8
2026-09-09T02:14:16+02:00,7101-5105-037__2026-09-07,401,5
2026-09-09T02:14:16+02:00,7202-5706-101__2026-09-07,64,4
2026-09-09T02:14:16+02:00,7202-6504-107__2026-09-07,70,3
2026-09-09T02:14:16+02:00,7404-2202-002__2026-09-07,56,4
2026-09-09T02:14:16+02:00,7505-0903-008__2026-09-07,235,7
2026-09-09T02:14:16+02:00,7404-2402-021__2026-09-07,44,4
2026-09-09T02:14:16+02:00,7808-0205-020__2026-09-07,388,6
2026-09-09T02:14:16+02:00,7202-4904-107__2026-09-07,94,2
2026-09-09T02:14:16+02:00,5102-3508-014__2026-09-07,399,3
2026-09-09T02:14:16+02:00,7202-4710-106__2026-09-07,100,2
2026-09-09T02:14:16+02:00,3622-9105-202__2026-09-07,466,14
2026-09-09T02:14:16+02:00,3419-2103-004__2026-09-07,1159,10
2026-09-09T06:45:26+02:00,6202-2104-1204__2026-09-08,83,3
2026-09-09T06:45:26+02:00,5201-0102-010__2026-09-08,78,6
2026-09-09T06:45:26+02:00,6202-2501-005__2026-09-08,793,3
2026-09-09T06:45:26+02:00,5201-0109-048__2026-09-08,105,7
2026-09-09T06:45:26+02:00,3419-3603-010__2026-09-08,104,3
2026-09-09T06:45:26+02:00,7505-1403-003__2026-09-07,78,5
2026-09-09T06:45:26+02:00,5201-0502-002__2026-09-07,225,5
2026-09-09T06:45:26+02:00,5201-0504-021__2026-09-07,665,6
2026-09-09T06:45:26+02:00,6202-1105-1323__2026-09-07,40,4
2026-09-09T06:45:26+02:00,7303-2604-003__2026-09-07,2027,18
2026-09-09T06:45:26+02:00,7303-2904-001__2026-09-07,2027,10
2026-09-09T06:45:26+02:00,7707-1201-005__2026-09-07,48,4
2026-09-09T06:45:26+02:00,1106-2107-009__2026-09-07,78,2
2026-09-09T06:45:26+02:00,1106-2306-006__2026-09-07,90,3
2026-09-09T06:45:26+02:00,1106-2505-009__2026-09-07,90,3
2026-09-09T06:45:26+02:00,1407-6603-008__2026-09-07,73,2
2026-09-09T06:45:26+02:00,2118-0405-003__2026-09-07,376,7
2026-09-09T06:45:26+02:00,4306-4603-011__2026-09-07,44,2
2026-09-09T06:45:26+02:00,4415-0105-064__2026-09-07,546,6
2026-09-09T06:45:26+02:00,4703-1505-1409__2026-09-07,70,2
2026-09-09T06:45:26+02:00,5201-0102-006__2026-09-07,104,2
2026-09-09T06:45:26+02:00,5201-0104-053__2026-09-07,91,4
2026-09-09T06:45:26+02:00,5201-0504-020__2026-09-07,667,4
2026-09-09T06:45:26+02:00,6202-4105-015__2026-09-07,71,2
2026-09-09T06:45:26+02:00,6202-4702-008__2026-09-07,1045,7
2026-09-09T06:45:26+02:00,6404-0303-004__2026-09-07,1398,8
2026-09-09T06:45:26+02:00,7101-5105-037__2026-09-07,401,5
2026-09-09T06:45:26+02:00,7202-5706-101__2026-09-07,64,4
2026-09-09T06:45:26+02:00,7202-6504-107__2026-09-07,70,3
2026-09-09T06:45:26+02:00,7404-2202-002__2026-09-07,56,4
2026-09-09T06:45:26+02:00,7505-0903-008__2026-09-07,235,7
2026-09-09T06:45:26+02:00,7404-2402-021__2026-09-07,44,4
2026-09-09T06:45:26+02:00,7808-0205-020__2026-09-07,388,6
2026-09-09T06:45:26+02:00,7202-4904-107__2026-09-07,94,2
2026-09-09T06:45:26+02:00,5102-3508-014__2026-09-07,399,3
2026-09-09T06:45:26+02:00,7202-4710-106__2026-09-07,100,2
2026-09-09T06:45:26+02:00,3622-9105-202__2026-09-07,466,14
2026-09-09T06:45:26+02:00,3419-2103-004__2026-09-07,1159,10
2026-09-09T11:45:18+02:00,6202-2104-1204__2026-09-08,83,3
2026-09-09T11:45:18+02:00,6202-2501-005__2026-09-08,793,3
2026-09-09T11:45:18+02:00,5201-0109-048__2026-09-08,105,6
2026-09-09T11:45:18+02:00,3419-3603-010__2026-09-08,104,3
2026-09-09T11:45:18+02:00,7505-1403-003__2026-09-07,56,4
2026-09-09T11:45:18+02:00,5201-0502-002__2026-09-07,225,5
2026-09-09T11:45:18+02:00,5201-0504-021__2026-09-07,665,6
2026-09-09T11:45:18+02:00,6202-1105-1323__2026-09-07,437,5
2026-09-09T11:45:18+02:00,7303-2604-003__2026-09-07,2027,19
2026-09-09T11:45:18+02:00,7303-2904-001__2026-09-07,2027,10
2026-09-09T11:45:18+02:00,7707-1201-005__2026-09-07,48,4
2026-09-09T11:45:18+02:00,1106-2107-009__2026-09-07,78,2
2026-09-09T11:45:18+02:00,1106-2306-006__2026-09-07,90,3
2026-09-09T11:45:18+02:00,1106-2505-009__2026-09-07,90,3
2026-09-09T11:45:18+02:00,1407-6603-008__2026-09-07,73,2
2026-09-09T11:45:18+02:00,2118-0405-003__2026-09-07,376,7
2026-09-09T11:45:18+02:00,4306-4603-011__2026-09-07,44,2
2026-09-09T11:45:18+02:00,4415-0105-064__2026-09-07,546,6
2026-09-09T11:45:18+02:00,4703-1505-1409__2026-09-07,70,2
2026-09-09T11:45:18+02:00,5201-0102-006__2026-09-07,104,2
2026-09-09T11:45:18+02:00,5201-0104-053__2026-09-07,91,4
2026-09-09T11:45:18+02:00,5201-0504-020__2026-09-07,667,5
2026-09-09T11:45:18+02:00,6202-4105-015__2026-09-07,71,2
2026-09-09T11:45:18+02:00,6202-4702-008__2026-09-07,1045,8
2026-09-09T11:45:18+02:00,6404-0303-004__2026-09-07,1398,8
2026-09-09T11:45:18+02:00,7101-5105-037__2026-09-07,401,5
2026-09-09T11:45:18+02:00,7202-5706-101__2026-09-07,64,4
2026-09-09T11:45:18+02:00,7202-6504-107__2026-09-07,70,3
2026-09-09T11:45:18+02:00,7404-2202-002__2026-09-07,56,4
2026-09-09T11:45:18+02:00,7505-0903-008__2026-09-07,235,6
2026-09-09T11:45:18+02:00,7404-2402-021__2026-09-07,44,5
2026-09-09T11:45:18+02:00,7808-0205-020__2026-09-07,388,5
2026-09-09T11:45:18+02:00,7202-4904-107__2026-09-07,94,2
2026-09-09T11:45:18+02:00,5102-3508-014__2026-09-07,399,3
2026-09-09T11:45:18+02:00,7202-4710-106__2026-09-07,100,2
2026-09-09T11:45:18+02:00,3622-9105-202__2026-09-07,466,14
2026-09-09T11:45:18+02:00,3419-2103-004__2026-09-07,1488,11
2026-09-09T16:35:58+02:00,5102-3203-021__2026-09-09,83,1
2026-09-09T16:35:58+02:00,5102-3203-022__2026-09-09,44,1
2026-09-09T16:35:58+02:00,5102-3203-023__2026-09-09,44,1
2026-09-09T16:35:58+02:00,5102-3203-024__2026-09-09,0,1
2026-09-09T16:35:58+02:00,5102-3203-025__2026-09-09,0,0
2026-09-09T16:35:58+02:00,5102-3203-026__2026-09-09,0,0
2026-09-09T16:35:58+02:00,5102-3203-030__2026-09-09,0,0
2026-09-09T16:35:58+02:00,5102-3209-027__2026-09-09,14,1
2026-09-09T16:35:58+02:00,5102-3210-028__2026-09-09,83,3
2026-09-09T16:35:58+02:00,6202-2104-1204__2026-09-08,83,4
2026-09-09T16:35:58+02:00,6202-2501-005__2026-09-08,793,4
2026-09-09T16:35:58+02:00,5201-0109-048__2026-09-08,105,6
2026-09-09T16:35:58+02:00,3419-3603-010__2026-09-08,104,3
2026-09-09T16:35:58+02:00,7505-1403-003__2026-09-07,56,5
2026-09-09T16:35:58+02:00,5201-0502-002__2026-09-07,225,7
2026-09-09T16:35:58+02:00,5201-0504-021__2026-09-07,1534,7
2026-09-09T16:35:58+02:00,6202-1105-1323__2026-09-07,437,5
2026-09-09T16:35:58+02:00,7303-2604-003__2026-09-07,2027,21
2026-09-09T16:35:58+02:00,7303-2904-001__2026-09-07,2027,12
2026-09-09T16:35:58+02:00,7707-1201-005__2026-09-07,58,4
2026-09-09T16:35:58+02:00,1106-2107-009__2026-09-07,78,2
2026-09-09T16:35:58+02:00,1106-2306-006__2026-09-07,90,3
2026-09-09T16:35:58+02:00,1106-2505-009__2026-09-07,90,3
2026-09-09T16:35:58+02:00,1407-6603-008__2026-09-07,73,2
2026-09-09T16:35:58+02:00,2118-0405-003__2026-09-07,299,6
2026-09-09T16:35:58+02:00,4306-4603-011__2026-09-07,58,3
2026-09-09T16:35:58+02:00,4415-0105-064__2026-09-07,546,6
2026-09-09T16:35:58+02:00,4703-1505-1409__2026-09-07,70,2
2026-09-09T16:35:58+02:00,5201-0102-006__2026-09-07,104,2
2026-09-09T16:35:58+02:00,5201-0104-053__2026-09-07,91,4
2026-09-09T16:35:58+02:00,5201-0504-020__2026-09-07,667,7
2026-09-09T16:35:58+02:00,6202-4105-015__2026-09-07,71,2
2026-09-09T16:35:58+02:00,6202-4702-008__2026-09-07,1045,9
2026-09-09T16:35:58+02:00,6404-0303-004__2026-09-07,1398,9
2026-09-09T16:35:58+02:00,7101-5105-037__2026-09-07,1195,6
2026-09-09T16:35:58+02:00,7202-5706-101__2026-09-07,64,4
2026-09-09T16:35:58+02:00,7202-6504-107__2026-09-07,70,3
2026-09-09T16:35:58+02:00,7404-2202-002__2026-09-07,70,5
2026-09-09T16:35:58+02:00,7505-0903-008__2026-09-07,235,6
2026-09-09T16:35:58+02:00,7404-2402-021__2026-09-07,70,5
2026-09-09T16:35:58+02:00,7808-0205-020__2026-09-07,388,5
2026-09-09T16:35:58+02:00,7202-4904-107__2026-09-07,94,2
2026-09-09T16:35:58+02:00,5102-3508-014__2026-09-07,399,4
2026-09-09T16:35:58+02:00,7202-4710-106__2026-09-07,100,2
2026-09-09T16:35:58+02:00,3622-9105-202__2026-09-07,466,15
2026-09-09T16:35:58+02:00,3419-2103-004__2026-09-07,1488,11
2026-09-09T20:36:18+02:00,5102-3203-021__2026-09-09,83,1
2026-09-09T20:36:18+02:00,5102-3203-022__2026-09-09,44,1
2026-09-09T20:36:18+02:00,5102-3203-023__2026-09-09,44,1
2026-09-09T20:36:18+02:00,5102-3203-024__2026-09-09,73,2
2026-09-09T20:36:18+02:00,5102-3203-025__2026-09-09,15,2
2026-09-09T20:36:18+02:00,5102-3203-026__2026-09-09,14,1
2026-09-09T20:36:18+02:00,5102-3203-030__2026-09-09,34,3
2026-09-09T20:36:18+02:00,5102-3209-027__2026-09-09,39,1
2026-09-09T20:36:18+02:00,5102-3210-028__2026-09-09,83,3
2026-09-09T20:36:18+02:00,6202-2104-1204__2026-09-08,83,5
2026-09-09T20:36:18+02:00,6202-2501-005__2026-09-08,793,4
2026-09-09T20:36:18+02:00,5201-0109-048__2026-09-08,105,5
2026-09-09T20:36:18+02:00,3419-3603-010__2026-09-08,104,3
2026-09-09T20:36:18+02:00,7505-1403-003__2026-09-07,59,6
2026-09-09T20:36:18+02:00,5201-0502-002__2026-09-07,225,8
2026-09-09T20:36:18+02:00,5201-0504-021__2026-09-07,1534,7
2026-09-09T20:36:18+02:00,6202-1105-1323__2026-09-07,437,5
2026-09-09T20:36:18+02:00,7303-2604-003__2026-09-07,2027,22
2026-09-09T20:36:18+02:00,7303-2904-001__2026-09-07,2027,12
2026-09-09T20:36:18+02:00,7707-1201-005__2026-09-07,58,4
2026-09-09T20:36:18+02:00,1106-2107-009__2026-09-07,78,2
2026-09-09T20:36:18+02:00,1106-2306-006__2026-09-07,90,2
2026-09-09T20:36:18+02:00,1106-2505-009__2026-09-07,90,3
2026-09-09T20:36:18+02:00,1407-6603-008__2026-09-07,73,2
2026-09-09T20:36:18+02:00,2118-0405-003__2026-09-07,453,7
2026-09-09T20:36:18+02:00,4306-4603-011__2026-09-07,58,2
2026-09-09T20:36:18+02:00,4415-0105-064__2026-09-07,546,6
2026-09-09T20:36:18+02:00,4703-1505-1409__2026-09-07,70,2
2026-09-09T20:36:18+02:00,5201-0102-006__2026-09-07,104,2
2026-09-09T20:36:18+02:00,5201-0104-053__2026-09-07,91,3
2026-09-09T20:36:18+02:00,5201-0504-020__2026-09-07,667,9
2026-09-09T20:36:18+02:00,6202-4105-015__2026-09-07,71,2
2026-09-09T20:36:18+02:00,6202-4702-008__2026-09-07,1045,10
2026-09-09T20:36:18+02:00,6404-0303-004__2026-09-07,1398,11
2026-09-09T20:36:18+02:00,7101-5105-037__2026-09-07,1195,6
2026-09-09T20:36:18+02:00,7202-5706-101__2026-09-07,64,4
2026-09-09T20:36:18+02:00,7202-6504-107__2026-09-07,70,2
2026-09-09T20:36:18+02:00,7404-2202-002__2026-09-07,70,5
2026-09-09T20:36:18+02:00,7505-0903-008__2026-09-07,235,6
2026-09-09T20:36:18+02:00,7404-2402-021__2026-09-07,70,4
2026-09-09T20:36:18+02:00,7808-0205-020__2026-09-07,388,5
2026-09-09T20:36:18+02:00,7202-4904-107__2026-09-07,94,2
2026-09-09T20:36:18+02:00,5102-3508-014__2026-09-07,399,5
2026-09-09T20:36:18+02:00,7202-4710-106__2026-09-07,100,3
2026-09-09T20:36:18+02:00,3622-9105-202__2026-09-07,1765,17
2026-09-09T20:36:18+02:00,3419-2103-004__2026-09-07,2586,12
2026-09-09T23:41:48+02:00,5102-3203-021__2026-09-09,83,1
2026-09-09T23:41:48+02:00,5102-3203-022__2026-09-09,59,2
2026-09-09T23:41:48+02:00,5102-3203-023__2026-09-09,59,2
2026-09-09T23:41:48+02:00,5102-3203-024__2026-09-09,73,2
2026-09-09T23:41:48+02:00,5102-3203-025__2026-09-09,15,2
2026-09-09T23:41:48+02:00,5102-3203-026__2026-09-09,15,2
2026-09-09T23:41:48+02:00,5102-3203-030__2026-09-09,34,3
2026-09-09T23:41:48+02:00,5102-3209-027__2026-09-09,39,1
2026-09-09T23:41:48+02:00,5102-3210-028__2026-09-09,83,3
2026-09-09T23:41:48+02:00,6202-2104-1204__2026-09-08,86,6
2026-09-09T23:41:48+02:00,6202-2501-005__2026-09-08,793,4
2026-09-09T23:41:48+02:00,5201-0109-048__2026-09-08,105,5
2026-09-09T23:41:48+02:00,3419-3603-010__2026-09-08,1513,4
2026-09-09T23:41:48+02:00,7505-1403-003__2026-09-07,59,7
2026-09-09T23:41:48+02:00,5201-0502-002__2026-09-07,225,9
2026-09-09T23:41:48+02:00,5201-0504-021__2026-09-07,1534,7
2026-09-09T23:41:48+02:00,6202-1105-1323__2026-09-07,437,5
2026-09-09T23:41:48+02:00,7303-2604-003__2026-09-07,2027,22
2026-09-09T23:41:48+02:00,7303-2904-001__2026-09-07,2027,12
2026-09-09T23:41:48+02:00,7707-1201-005__2026-09-07,86,6
2026-09-09T23:41:48+02:00,1106-2107-009__2026-09-07,78,2
2026-09-09T23:41:48+02:00,1106-2306-006__2026-09-07,90,2
2026-09-09T23:41:48+02:00,1106-2505-009__2026-09-07,90,3
2026-09-09T23:41:48+02:00,1407-6603-008__2026-09-07,73,2
2026-09-09T23:41:48+02:00,2118-0405-003__2026-09-07,453,7
2026-09-09T23:41:48+02:00,4306-4603-011__2026-09-07,58,3
2026-09-09T23:41:48+02:00,4415-0105-064__2026-09-07,546,7
2026-09-09T23:41:48+02:00,4703-1505-1409__2026-09-07,70,3
2026-09-09T23:41:48+02:00,5201-0102-006__2026-09-07,104,2
2026-09-09T23:41:48+02:00,5201-0104-053__2026-09-07,91,3
2026-09-09T23:41:48+02:00,5201-0504-020__2026-09-07,667,9
2026-09-09T23:41:48+02:00,6202-4105-015__2026-09-07,71,2
2026-09-09T23:41:48+02:00,6202-4702-008__2026-09-07,1045,10
2026-09-09T23:41:48+02:00,6404-0303-004__2026-09-07,1398,11
2026-09-09T23:41:48+02:00,7101-5105-037__2026-09-07,1195,6
2026-09-09T23:41:48+02:00,7202-5706-101__2026-09-07,64,6
2026-09-09T23:41:48+02:00,7202-6504-107__2026-09-07,70,4
2026-09-09T23:41:48+02:00,7404-2202-002__2026-09-07,73,6
2026-09-09T23:41:48+02:00,7505-0903-008__2026-09-07,235,6
2026-09-09T23:41:48+02:00,7404-2402-021__2026-09-07,70,4
2026-09-09T23:41:48+02:00,7808-0205-020__2026-09-07,388,5
2026-09-09T23:41:48+02:00,7202-4904-107__2026-09-07,94,4
2026-09-09T23:41:48+02:00,5102-3508-014__2026-09-07,399,6
2026-09-09T23:41:48+02:00,7202-4710-106__2026-09-07,100,3
2026-09-09T23:41:48+02:00,3622-9105-202__2026-09-07,1765,17
2026-09-09T23:41:48+02:00,3419-2103-004__2026-09-07,2586,12
2026-09-10T02:14:42+02:00,5102-3203-021__2026-09-09,83,1
2026-09-10T02:14:42+02:00,5102-3203-022__2026-09-09,60,2
2026-09-10T02:14:42+02:00,5102-3203-023__2026-09-09,60,2
2026-09-10T02:14:42+02:00,5102-3203-024__2026-09-09,74,2
2026-09-10T02:14:42+02:00,5102-3203-025__2026-09-09,60,4
2026-09-10T02:14:42+02:00,5102-3203-026__2026-09-09,60,3
2026-09-10T02:14:42+02:00,5102-3203-030__2026-09-09,60,5
2026-09-10T02:14:42+02:00,5102-3209-027__2026-09-09,40,1
2026-09-10T02:14:42+02:00,5102-3210-028__2026-09-09,83,3
2026-09-10T02:14:42+02:00,6202-2104-1204__2026-09-08,87,6
2026-09-10T02:14:42+02:00,6202-2501-005__2026-09-08,794,4
2026-09-10T02:14:42+02:00,5201-0109-048__2026-09-08,106,5
2026-09-10T02:14:42+02:00,3419-3603-010__2026-09-08,1514,5
2026-09-10T02:14:42+02:00,7505-1403-003__2026-09-07,60,7
2026-09-10T02:14:42+02:00,5201-0502-002__2026-09-07,226,9
2026-09-10T02:14:42+02:00,5201-0504-021__2026-09-07,1535,7
2026-09-10T02:14:42+02:00,6202-1105-1323__2026-09-07,438,5
2026-09-10T02:14:42+02:00,7303-2604-003__2026-09-07,2028,22
2026-09-10T02:14:42+02:00,7303-2904-001__2026-09-07,2028,12
2026-09-10T02:14:42+02:00,7707-1201-005__2026-09-07,87,6
2026-09-10T02:14:42+02:00,1106-2107-009__2026-09-07,79,2
2026-09-10T02:14:42+02:00,1106-2306-006__2026-09-07,91,2
2026-09-10T02:14:42+02:00,1106-2505-009__2026-09-07,91,3
2026-09-10T02:14:42+02:00,1407-6603-008__2026-09-07,74,2
2026-09-10T02:14:42+02:00,2118-0405-003__2026-09-07,454,7
2026-09-10T02:14:42+02:00,4306-4603-011__2026-09-07,59,3
2026-09-10T02:14:42+02:00,4415-0105-064__2026-09-07,547,7
2026-09-10T02:14:42+02:00,4703-1505-1409__2026-09-07,71,3
2026-09-10T02:14:42+02:00,5201-0102-006__2026-09-07,105,2
2026-09-10T02:14:42+02:00,5201-0104-053__2026-09-07,92,3
2026-09-10T02:14:42+02:00,5201-0504-020__2026-09-07,668,9
2026-09-10T02:14:42+02:00,6202-4105-015__2026-09-07,72,2
2026-09-10T02:14:42+02:00,6202-4702-008__2026-09-07,1046,9
2026-09-10T02:14:42+02:00,6404-0303-004__2026-09-07,1399,11
2026-09-10T02:14:42+02:00,7101-5105-037__2026-09-07,1196,6
2026-09-10T02:14:42+02:00,7202-5706-101__2026-09-07,65,6
2026-09-10T02:14:42+02:00,7202-6504-107__2026-09-07,71,4
2026-09-10T02:14:42+02:00,7404-2202-002__2026-09-07,74,6
2026-09-10T02:14:42+02:00,7505-0903-008__2026-09-07,236,6
2026-09-10T02:14:42+02:00,7404-2402-021__2026-09-07,71,4
2026-09-10T02:14:42+02:00,7808-0205-020__2026-09-07,389,5
2026-09-10T02:14:42+02:00,7202-4904-107__2026-09-07,95,4
2026-09-10T02:14:42+02:00,5102-3508-014__2026-09-07,400,6
2026-09-10T02:14:42+02:00,7202-4710-106__2026-09-07,101,3
2026-09-10T02:14:42+02:00,3622-9105-202__2026-09-07,1766,18
2026-09-10T02:14:42+02:00,3419-2103-004__2026-09-07,2587,12
2026-09-10T06:46:27+02:00,5102-3203-021__2026-09-09,83,1
2026-09-10T06:46:27+02:00,5102-3203-022__2026-09-09,60,2
2026-09-10T06:46:27+02:00,5102-3203-023__2026-09-09,60,2
2026-09-10T06:46:27+02:00,5102-3203-024__2026-09-09,74,2
2026-09-10T06:46:27+02:00,5102-3203-025__2026-09-09,60,4
2026-09-10T06:46:27+02:00,5102-3203-026__2026-09-09,60,3
2026-09-10T06:46:27+02:00,5102-3203-030__2026-09-09,60,5
2026-09-10T06:46:27+02:00,5102-3209-027__2026-09-09,40,1
2026-09-10T06:46:27+02:00,5102-3210-028__2026-09-09,83,3
2026-09-10T06:46:27+02:00,6202-2104-1204__2026-09-08,87,6
2026-09-10T06:46:27+02:00,6202-2501-005__2026-09-08,794,4
2026-09-10T06:46:27+02:00,5201-0109-048__2026-09-08,106,5
2026-09-10T06:46:27+02:00,3419-3603-010__2026-09-08,1514,5
2026-09-10T06:46:27+02:00,7505-1403-003__2026-09-07,60,7
2026-09-10T06:46:27+02:00,5201-0502-002__2026-09-07,226,9
2026-09-10T06:46:27+02:00,5201-0504-021__2026-09-07,1535,7
2026-09-10T06:46:27+02:00,6202-1105-1323__2026-09-07,438,5
2026-09-10T06:46:27+02:00,7303-2604-003__2026-09-07,2028,22
2026-09-10T06:46:27+02:00,7303-2904-001__2026-09-07,2028,12
2026-09-10T06:46:27+02:00,7707-1201-005__2026-09-07,87,6
2026-09-10T06:46:27+02:00,1106-2107-009__2026-09-07,79,2
2026-09-10T06:46:27+02:00,1106-2306-006__2026-09-07,91,2
2026-09-10T06:46:27+02:00,1106-2505-009__2026-09-07,91,3
2026-09-10T06:46:27+02:00,1407-6603-008__2026-09-07,74,2
2026-09-10T06:46:27+02:00,2118-0405-003__2026-09-07,454,7
2026-09-10T06:46:27+02:00,4306-4603-011__2026-09-07,59,3
2026-09-10T06:46:27+02:00,4415-0105-064__2026-09-07,547,7
2026-09-10T06:46:27+02:00,4703-1505-1409__2026-09-07,71,3
2026-09-10T06:46:27+02:00,5201-0102-006__2026-09-07,105,2
2026-09-10T06:46:27+02:00,5201-0104-053__2026-09-07,92,3
2026-09-10T06:46:27+02:00,5201-0504-020__2026-09-07,668,9
2026-09-10T06:46:27+02:00,6202-4105-015__2026-09-07,72,2
2026-09-10T06:46:27+02:00,6202-4702-008__2026-09-07,1046,9
2026-09-10T06:46:27+02:00,6404-0303-004__2026-09-07,1399,11
2026-09-10T06:46:27+02:00,7101-5105-037__2026-09-07,1196,6
2026-09-10T06:46:27+02:00,7202-5706-101__2026-09-07,65,6
2026-09-10T06:46:27+02:00,7202-6504-107__2026-09-07,71,4
2026-09-10T06:46:27+02:00,7404-2202-002__2026-09-07,74,6
2026-09-10T06:46:27+02:00,7505-0903-008__2026-09-07,236,6
2026-09-10T06:46:27+02:00,7404-2402-021__2026-09-07,71,4
2026-09-10T06:46:27+02:00,7808-0205-020__2026-09-07,389,5
2026-09-10T06:46:27+02:00,7202-4904-107__2026-09-07,95,4
2026-09-10T06:46:27+02:00,5102-3508-014__2026-09-07,400,6
2026-09-10T06:46:27+02:00,7202-4710-106__2026-09-07,101,3
2026-09-10T06:46:27+02:00,3622-9105-202__2026-09-07,1766,18
2026-09-10T06:46:27+02:00,3419-2103-004__2026-09-07,2587,12
2026-09-10T11:43:53+02:00,1106-2505-013__2026-09-10,3,1
2026-09-10T11:43:53+02:00,2118-0404-017__2026-09-10,1,1
2026-09-10T11:43:53+02:00,4415-0106-069__2026-09-10,283,8
2026-09-10T11:43:53+02:00,5201-0103-049__2026-09-10,3,2
2026-09-10T11:43:53+02:00,5201-0105-011__2026-09-10,74,2
2026-09-10T11:43:53+02:00,5201-0109-006__2026-09-10,0,0
2026-09-10T11:43:53+02:00,6202-4804-011__2026-09-10,765,5
2026-09-10T11:43:53+02:00,6404-0302-001__2026-09-10,765,3
2026-09-10T11:43:53+02:00,6404-0304-004__2026-09-10,577,5
2026-09-10T11:43:53+02:00,6404-8204-002__2026-09-10,475,2
2026-09-10T11:43:53+02:00,7101-5106-001__2026-09-10,521,4
2026-09-10T11:43:53+02:00,7202-6106-102__2026-09-10,65,1
2026-09-10T11:43:53+02:00,7404-2202-027__2026-09-10,0,0
2026-09-10T11:43:53+02:00,7404-2302-007__2026-09-10,388,4
2026-09-10T11:43:53+02:00,7505-1402-011__2026-09-10,1,1
2026-09-10T11:43:53+02:00,7505-1904-006__2026-09-10,0,0
2026-09-10T11:43:53+02:00,7505-2004-030__2026-09-10,0,0
2026-09-10T11:43:53+02:00,7707-0507-001__2026-09-10,388,3
2026-09-10T11:43:53+02:00,7808-0202-007__2026-09-10,0,0
2026-09-10T11:43:53+02:00,4703-1502-1109__2026-09-10,65,1
2026-09-10T11:43:53+02:00,5201-0109-037__2026-09-10,103,1
2026-09-10T11:43:53+02:00,6303-7602-001__2026-09-10,885,3
2026-09-10T11:43:53+02:00,6404-0302-022__2026-09-10,577,4
2026-09-10T11:43:53+02:00,7404-2303-017__2026-09-10,0,0
2026-09-10T11:43:53+02:00,7404-2405-007__2026-09-10,0,0
2026-09-10T11:43:53+02:00,7505-1305-026__2026-09-10,0,0
2026-09-10T11:43:53+02:00,7505-2102-006__2026-09-10,0,0
2026-09-10T11:43:53+02:00,7505-2103-007__2026-09-10,0,0
2026-09-10T11:43:53+02:00,7505-2104-011__2026-09-10,365,1
2026-09-10T11:43:53+02:00,3622-9909-007__2026-09-10,450,5
2026-09-10T11:43:53+02:00,5604-0407-003__2026-09-10,420,4
2026-09-10T11:43:53+02:00,7303-2503-004__2026-09-10,794,3
2026-09-10T11:43:53+02:00,6202-2201-004__2026-09-10,794,1
2026-09-10T11:43:53+02:00,8303-010010071__2026-09-10,896,4
2026-09-10T16:25:56+02:00,1106-2505-013__2026-09-10,24,2
2026-09-10T16:25:56+02:00,2118-0404-017__2026-09-10,24,2
2026-09-10T16:25:56+02:00,4415-0106-069__2026-09-10,546,11
2026-09-10T16:25:56+02:00,5201-0103-049__2026-09-10,3,1
2026-09-10T16:25:56+02:00,5201-0105-011__2026-09-10,74,1
2026-09-10T16:25:56+02:00,5201-0109-006__2026-09-10,80,1
2026-09-10T16:25:56+02:00,6202-4804-011__2026-09-10,765,5
2026-09-10T16:25:56+02:00,6404-0302-001__2026-09-10,765,3
2026-09-10T16:25:56+02:00,6404-0304-004__2026-09-10,747,6
2026-09-10T16:25:56+02:00,6404-8204-002__2026-09-10,584,7
2026-09-10T16:25:56+02:00,7101-5106-001__2026-09-10,695,9
2026-09-10T16:25:56+02:00,7202-6106-102__2026-09-10,65,2
2026-09-10T16:25:56+02:00,7404-2202-027__2026-09-10,44,1
2026-09-10T16:25:56+02:00,7404-2302-007__2026-09-10,470,5
2026-09-10T16:25:56+02:00,7505-1402-011__2026-09-10,1,1
2026-09-10T16:25:56+02:00,7505-1904-006__2026-09-10,44,1
2026-09-10T16:25:56+02:00,7505-2004-030__2026-09-10,44,1
2026-09-10T16:25:56+02:00,7707-0507-001__2026-09-10,388,5
2026-09-10T16:25:56+02:00,7808-0202-007__2026-09-10,78,1
2026-09-10T16:25:56+02:00,4703-1502-1109__2026-09-10,0,0
2026-09-10T16:25:56+02:00,5201-0109-037__2026-09-10,103,1
2026-09-10T16:25:56+02:00,6303-7602-001__2026-09-10,885,8
2026-09-10T16:25:56+02:00,6404-0302-022__2026-09-10,577,4
2026-09-10T16:25:56+02:00,7404-2303-017__2026-09-10,24,1
2026-09-10T16:25:56+02:00,7404-2405-007__2026-09-10,0,0
2026-09-10T16:25:56+02:00,7505-1305-026__2026-09-10,0,0
2026-09-10T16:25:56+02:00,7505-2102-006__2026-09-10,0,0
2026-09-10T16:25:56+02:00,7505-2103-007__2026-09-10,0,0
2026-09-10T16:25:56+02:00,7505-2104-011__2026-09-10,365,1
2026-09-10T16:25:56+02:00,3622-9909-007__2026-09-10,758,10
2026-09-10T16:25:56+02:00,5604-0407-003__2026-09-10,596,6
2026-09-10T16:25:56+02:00,7303-2503-004__2026-09-10,794,6
2026-09-10T16:25:56+02:00,6202-2201-004__2026-09-10,102,2
2026-09-10T16:25:56+02:00,8303-010010071__2026-09-10,896,6
