ts,listing_key,kodagar,antal_sokande
2026-07-01T00:39:39+02:00,7202-6503-102__2026-06-29,89,3
2026-07-01T00:39:39+02:00,6303-5102-1003__2026-06-29,89,1
2026-07-01T00:39:39+02:00,6303-5103-1106__2026-06-29,89,2
2026-07-01T00:39:39+02:00,6303-5104-1212__2026-06-29,89,2
2026-07-01T00:39:39+02:00,6303-5105-1317__2026-06-29,89,4
2026-07-01T00:39:39+02:00,6303-5102-1006__2026-06-29,49,2
2026-07-01T00:39:39+02:00,6303-5103-1112__2026-06-29,73,1
2026-07-01T00:39:39+02:00,6303-5104-1204__2026-06-29,73,1
2026-07-01T00:39:39+02:00,6303-5105-1318__2026-06-29,71,1
2026-07-01T00:39:39+02:00,7202-6505-107__2026-06-29,89,1
2026-07-01T00:39:39+02:00,6202-2102-1010__2026-06-29,49,2
2026-07-01T00:39:39+02:00,6202-2103-1112__2026-06-29,33,3
2026-07-01T00:39:39+02:00,7202-4703-106__2026-06-29,20,2
2026-07-01T00:39:39+02:00,7202-5304-102__2026-06-29,32,1
2026-07-01T00:39:39+02:00,7202-6102-104__2026-06-29,89,1
2026-07-01T00:39:39+02:00,4210-0103-037__2026-06-29,2,1
2026-07-01T00:39:39+02:00,4210-0104-014__2026-06-29,314,5
2026-07-01T00:39:39+02:00,4210-0117-008__2026-06-29,314,6
2026-07-01T00:39:39+02:00,4210-0115-003__2026-06-29,391,5
2026-07-01T00:39:39+02:00,5102-3604-007__2026-06-29,41,2
2026-07-01T00:39:39+02:00,7202-5301-106__2026-06-29,1,1
2026-07-01T00:39:39+02:00,7202-6103-110__2026-06-29,277,1
2026-07-01T00:39:39+02:00,7202-6105-111__2026-06-29,0,0
2026-07-01T00:39:39+02:00,3622-9910-047__2026-06-29,315,5
2026-07-01T00:39:39+02:00,4210-0113-001__2026-06-29,108,2
2026-07-01T00:39:39+02:00,4415-0104-001__2026-06-29,468,4
2026-07-01T00:39:39+02:00,4602-2001-1005__2026-06-29,36,1
2026-07-01T00:39:39+02:00,5201-0509-002__2026-06-29,717,3
2026-07-01T00:39:39+02:00,7202-5706-106__2026-06-29,277,1
2026-07-01T00:39:39+02:00,7202-5302-105__2026-06-29,33,1
2026-07-01T00:39:39+02:00,6202-2104-1202__2026-06-29,49,2
2026-07-01T00:39:39+02:00,7202-6106-107__2026-06-29,277,1
2026-07-01T00:39:39+02:00,1106-2103-011__2026-06-29,90,5
2026-07-01T00:39:39+02:00,1106-2105-012__2026-06-29,90,4
2026-07-01T00:39:39+02:00,1106-2106-009__2026-06-29,90,4
2026-07-01T00:39:39+02:00,1106-2107-016__2026-06-29,90,4
2026-07-01T00:39:39+02:00,1106-2108-013__2026-06-29,90,3
2026-07-01T00:39:39+02:00,1106-2302-007__2026-06-29,90,5
2026-07-01T00:39:39+02:00,1106-2303-010__2026-06-29,90,3
2026-07-01T00:39:39+02:00,1106-2304-011__2026-06-29,90,3
2026-07-01T00:39:39+02:00,1106-2305-013__2026-06-29,90,4
2026-07-01T00:39:39+02:00,1106-2307-013__2026-06-29,90,3
2026-07-01T00:39:39+02:00,1106-2505-008__2026-06-29,90,3
2026-07-01T00:39:39+02:00,1106-2506-005__2026-06-29,90,3
2026-07-01T00:39:39+02:00,1106-2507-009__2026-06-29,90,3
2026-07-01T00:39:39+02:00,1106-2509-007__2026-06-29,90,4
2026-07-01T00:39:39+02:00,1202-0902-003__2026-06-29,89,3
2026-07-01T00:39:39+02:00,1202-1111-004__2026-06-29,1497,8
2026-07-01T00:39:39+02:00,1202-1105-006__2026-06-29,885,13
2026-07-01T00:39:39+02:00,1407-6603-009__2026-06-29,165,2
2026-07-01T00:39:39+02:00,1407-6604-014__2026-06-29,90,2
2026-07-01T00:39:39+02:00,1407-6605-020__2026-06-29,165,2
2026-07-01T00:39:39+02:00,1407-6606-011__2026-06-29,90,2
2026-07-01T00:39:39+02:00,1407-6608-011__2026-06-29,165,1
2026-07-01T00:39:39+02:00,2118-0404-043__2026-06-29,385,3
2026-07-01T00:39:39+02:00,2118-0405-044__2026-06-29,385,3
2026-07-01T00:39:39+02:00,2118-0407-047__2026-06-29,391,3
2026-07-01T00:39:39+02:00,2118-0405-004__2026-06-29,348,3
2026-07-01T00:39:39+02:00,2118-0408-005__2026-06-29,348,4
2026-07-01T00:39:39+02:00,2118-0408-009__2026-06-29,348,4
2026-07-01T00:39:39+02:00,2118-0405-080__2026-06-29,391,3
2026-07-01T00:39:39+02:00,2118-0406-074__2026-06-29,385,5
2026-07-01T00:39:39+02:00,2204-0506-009__2026-06-29,1740,25
2026-07-01T00:39:39+02:00,2303-0912-002__2026-06-29,1296,12
2026-07-01T00:39:39+02:00,2303-0908-006__2026-06-29,1497,8
2026-07-01T00:39:39+02:00,2405-0503-005__2026-06-29,90,6
2026-07-01T00:39:39+02:00,2405-0504-002__2026-06-29,90,4
2026-07-01T00:39:39+02:00,2405-0505-011__2026-06-29,90,3
2026-07-01T00:39:39+02:00,2405-0506-003__2026-06-29,231,3
2026-07-01T00:39:39+02:00,2405-0507-003__2026-06-29,90,2
2026-07-01T00:39:39+02:00,3213-6704-008__2026-06-29,1497,11
2026-07-01T00:39:39+02:00,3419-3603-009__2026-06-29,1811,3
2026-07-01T00:39:39+02:00,3419-3703-003__2026-06-29,89,4
2026-07-01T00:39:39+02:00,3622-9905-062__2026-06-29,638,15
2026-07-01T00:39:39+02:00,3622-9908-044__2026-06-29,638,14
2026-07-01T00:39:39+02:00,4210-0113-031__2026-06-29,88,4
2026-07-01T00:39:39+02:00,4415-0103-001__2026-06-29,717,2
2026-07-01T00:39:39+02:00,4415-0103-052__2026-06-29,932,8
2026-07-01T00:39:39+02:00,4415-0109-004__2026-06-29,939,5
2026-07-01T00:39:39+02:00,4703-1506-1507__2026-06-29,90,2
2026-07-01T00:39:39+02:00,4703-1508-1709__2026-06-29,661,3
2026-07-01T00:39:39+02:00,5102-3203-011__2026-06-29,245,4
2026-07-01T00:39:39+02:00,5102-3205-022__2026-06-29,245,5
2026-07-01T00:39:39+02:00,5102-3210-025__2026-06-29,166,6
2026-07-01T00:39:39+02:00,7404-2203-018__2026-06-29,90,6
2026-07-01T00:39:39+02:00,5201-0102-043__2026-06-29,245,4
2026-07-01T00:39:39+02:00,5201-0108-012__2026-06-29,253,5
2026-07-01T00:39:39+02:00,5201-0110-013__2026-06-29,306,4
2026-07-01T00:39:39+02:00,7404-2304-016__2026-06-29,315,5
2026-07-01T00:39:39+02:00,7404-2204-024__2026-06-29,315,5
2026-07-01T00:39:39+02:00,7505-2102-004__2026-06-29,90,7
2026-07-01T00:39:39+02:00,7505-1903-012__2026-06-29,90,7
2026-07-01T00:39:39+02:00,7707-0305-006__2026-06-29,273,5
2026-07-01T00:39:39+02:00,7707-1201-006__2026-06-29,90,7
2026-07-01T00:39:39+02:00,7808-1003-044__2026-06-29,90,6
2026-07-01T00:39:39+02:00,7707-0606-012__2026-06-29,362,6
2026-07-01T03:32:32+02:00,7202-6503-102__2026-06-29,89,3
2026-07-01T03:32:32+02:00,6303-5102-1003__2026-06-29,0,0
2026-07-01T03:32:32+02:00,6303-5103-1106__2026-06-29,89,2
2026-07-01T03:32:32+02:00,6303-5104-1212__2026-06-29,89,2
2026-07-01T03:32:32+02:00,6303-5105-1317__2026-06-29,89,4
2026-07-01T03:32:32+02:00,6303-5102-1006__2026-06-29,49,2
2026-07-01T03:32:32+02:00,6303-5103-1112__2026-06-29,73,1
2026-07-01T03:32:32+02:00,6303-5104-1204__2026-06-29,73,1
2026-07-01T03:32:32+02:00,6303-5105-1318__2026-06-29,89,2
2026-07-01T03:32:32+02:00,7202-6505-107__2026-06-29,89,1
2026-07-01T03:32:32+02:00,6202-2102-1010__2026-06-29,49,2
2026-07-01T03:32:32+02:00,6202-2103-1112__2026-06-29,33,3
2026-07-01T03:32:32+02:00,7202-4703-106__2026-06-29,20,2
2026-07-01T03:32:32+02:00,7202-5304-102__2026-06-29,32,1
2026-07-01T03:32:32+02:00,7202-6102-104__2026-06-29,89,1
2026-07-01T03:32:32+02:00,4210-0103-037__2026-06-29,2,1
2026-07-01T03:32:32+02:00,4210-0104-014__2026-06-29,314,5
2026-07-01T03:32:32+02:00,4210-0117-008__2026-06-29,314,6
2026-07-01T03:32:32+02:00,4210-0115-003__2026-06-29,391,5
2026-07-01T03:32:32+02:00,5102-3604-007__2026-06-29,41,2
2026-07-01T03:32:32+02:00,7202-5301-106__2026-06-29,1,1
2026-07-01T03:32:32+02:00,7202-6103-110__2026-06-29,0,0
2026-07-01T03:32:32+02:00,7202-6105-111__2026-06-29,0,0
2026-07-01T03:32:32+02:00,3622-9910-047__2026-06-29,315,5
2026-07-01T03:32:32+02:00,4210-0113-001__2026-06-29,108,2
2026-07-01T03:32:32+02:00,4415-0104-001__2026-06-29,468,5
2026-07-01T03:32:32+02:00,4602-2001-1005__2026-06-29,36,1
2026-07-01T03:32:32+02:00,5201-0509-002__2026-06-29,717,3
2026-07-01T03:32:32+02:00,7202-5706-106__2026-06-29,277,1
2026-07-01T03:32:32+02:00,7202-5302-105__2026-06-29,33,1
2026-07-01T03:32:32+02:00,6202-2104-1202__2026-06-29,49,2
2026-07-01T03:32:32+02:00,7202-6106-107__2026-06-29,277,1
2026-07-01T03:32:32+02:00,1106-2103-011__2026-06-29,90,5
2026-07-01T03:32:32+02:00,1106-2105-012__2026-06-29,90,4
2026-07-01T03:32:32+02:00,1106-2106-009__2026-06-29,90,4
2026-07-01T03:32:32+02:00,1106-2107-016__2026-06-29,90,4
2026-07-01T03:32:32+02:00,1106-2108-013__2026-06-29,90,3
2026-07-01T03:32:32+02:00,1106-2302-007__2026-06-29,90,5
2026-07-01T03:32:32+02:00,1106-2303-010__2026-06-29,90,3
2026-07-01T03:32:32+02:00,1106-2304-011__2026-06-29,90,3
2026-07-01T03:32:32+02:00,1106-2305-013__2026-06-29,90,5
2026-07-01T03:32:32+02:00,1106-2307-013__2026-06-29,90,4
2026-07-01T03:32:32+02:00,1106-2505-008__2026-06-29,90,4
2026-07-01T03:32:32+02:00,1106-2506-005__2026-06-29,90,3
2026-07-01T03:32:32+02:00,1106-2507-009__2026-06-29,90,3
2026-07-01T03:32:32+02:00,1106-2509-007__2026-06-29,90,4
2026-07-01T03:32:32+02:00,1202-0902-003__2026-06-29,89,3
2026-07-01T03:32:32+02:00,1202-1111-004__2026-06-29,1497,8
2026-07-01T03:32:32+02:00,1202-1105-006__2026-06-29,885,13
2026-07-01T03:32:32+02:00,1407-6603-009__2026-06-29,165,2
2026-07-01T03:32:32+02:00,1407-6604-014__2026-06-29,90,2
2026-07-01T03:32:32+02:00,1407-6605-020__2026-06-29,165,2
2026-07-01T03:32:32+02:00,1407-6606-011__2026-06-29,90,2
2026-07-01T03:32:32+02:00,1407-6608-011__2026-06-29,165,1
2026-07-01T03:32:32+02:00,2118-0404-043__2026-06-29,385,3
2026-07-01T03:32:32+02:00,2118-0405-044__2026-06-29,385,3
2026-07-01T03:32:32+02:00,2118-0407-047__2026-06-29,391,4
2026-07-01T03:32:32+02:00,2118-0405-004__2026-06-29,348,3
2026-07-01T03:32:32+02:00,2118-0408-005__2026-06-29,348,4
2026-07-01T03:32:32+02:00,2118-0408-009__2026-06-29,380,5
2026-07-01T03:32:32+02:00,2118-0405-080__2026-06-29,391,4
2026-07-01T03:32:32+02:00,2118-0406-074__2026-06-29,385,5
2026-07-01T03:32:32+02:00,2204-0506-009__2026-06-29,1740,26
2026-07-01T03:32:32+02:00,2303-0912-002__2026-06-29,1296,12
2026-07-01T03:32:32+02:00,2303-0908-006__2026-06-29,1497,8
2026-07-01T03:32:32+02:00,2405-0503-005__2026-06-29,90,6
2026-07-01T03:32:32+02:00,2405-0504-002__2026-06-29,90,4
2026-07-01T03:32:32+02:00,2405-0505-011__2026-06-29,90,3
2026-07-01T03:32:32+02:00,2405-0506-003__2026-06-29,231,3
2026-07-01T03:32:32+02:00,2405-0507-003__2026-06-29,90,2
2026-07-01T03:32:32+02:00,3213-6704-008__2026-06-29,1497,12
2026-07-01T03:32:32+02:00,3419-3603-009__2026-06-29,1811,3
2026-07-01T03:32:32+02:00,3419-3703-003__2026-06-29,89,4
2026-07-01T03:32:32+02:00,3622-9905-062__2026-06-29,638,15
2026-07-01T03:32:32+02:00,3622-9908-044__2026-06-29,638,14
2026-07-01T03:32:32+02:00,4210-0113-031__2026-06-29,88,4
2026-07-01T03:32:32+02:00,4415-0103-001__2026-06-29,717,2
2026-07-01T03:32:32+02:00,4415-0103-052__2026-06-29,932,9
2026-07-01T03:32:32+02:00,4415-0109-004__2026-06-29,939,5
2026-07-01T03:32:32+02:00,4703-1506-1507__2026-06-29,90,2
2026-07-01T03:32:32+02:00,4703-1508-1709__2026-06-29,661,3
2026-07-01T03:32:32+02:00,5102-3203-011__2026-06-29,245,4
2026-07-01T03:32:32+02:00,5102-3205-022__2026-06-29,245,5
2026-07-01T03:32:32+02:00,5102-3210-025__2026-06-29,238,7
2026-07-01T03:32:32+02:00,7404-2203-018__2026-06-29,90,6
2026-07-01T03:32:32+02:00,5201-0102-043__2026-06-29,245,4
2026-07-01T03:32:32+02:00,5201-0108-012__2026-06-29,253,5
2026-07-01T03:32:32+02:00,5201-0110-013__2026-06-29,306,4
2026-07-01T03:32:32+02:00,7404-2304-016__2026-06-29,315,5
2026-07-01T03:32:32+02:00,7404-2204-024__2026-06-29,315,5
2026-07-01T03:32:32+02:00,7505-2102-004__2026-06-29,90,7
2026-07-01T03:32:32+02:00,7505-1903-012__2026-06-29,90,7
2026-07-01T03:32:32+02:00,7707-0305-006__2026-06-29,273,5
2026-07-01T03:32:32+02:00,7707-1201-006__2026-06-29,90,7
2026-07-01T03:32:32+02:00,7808-1003-044__2026-06-29,90,6
2026-07-01T03:32:32+02:00,7707-0606-012__2026-06-29,362,6
2026-07-01T08:44:53+02:00,7202-6503-102__2026-06-29,89,3
2026-07-01T08:44:53+02:00,6303-5102-1003__2026-06-29,0,0
2026-07-01T08:44:53+02:00,6303-5103-1106__2026-06-29,89,2
2026-07-01T08:44:53+02:00,6303-5104-1212__2026-06-29,89,2
2026-07-01T08:44:53+02:00,6303-5105-1317__2026-06-29,89,4
2026-07-01T08:44:53+02:00,6303-5102-1006__2026-06-29,49,2
2026-07-01T08:44:53+02:00,6303-5103-1112__2026-06-29,73,1
2026-07-01T08:44:53+02:00,6303-5104-1204__2026-06-29,73,1
2026-07-01T08:44:53+02:00,6303-5105-1318__2026-06-29,89,2
2026-07-01T08:44:53+02:00,7202-6505-107__2026-06-29,89,1
2026-07-01T08:44:53+02:00,6202-2102-1010__2026-06-29,49,2
2026-07-01T08:44:53+02:00,6202-2103-1112__2026-06-29,33,3
2026-07-01T08:44:53+02:00,7202-4703-106__2026-06-29,20,2
2026-07-01T08:44:53+02:00,7202-5304-102__2026-06-29,32,1
2026-07-01T08:44:53+02:00,7202-6102-104__2026-06-29,89,1
2026-07-01T08:44:53+02:00,4210-0103-037__2026-06-29,2,1
2026-07-01T08:44:53+02:00,4210-0104-014__2026-06-29,314,5
2026-07-01T08:44:53+02:00,4210-0117-008__2026-06-29,314,6
2026-07-01T08:44:53+02:00,4210-0115-003__2026-06-29,391,5
2026-07-01T08:44:53+02:00,5102-3604-007__2026-06-29,41,2
2026-07-01T08:44:53+02:00,7202-5301-106__2026-06-29,1,1
2026-07-01T08:44:53+02:00,7202-6103-110__2026-06-29,0,0
2026-07-01T08:44:53+02:00,7202-6105-111__2026-06-29,0,0
2026-07-01T08:44:53+02:00,3622-9910-047__2026-06-29,315,5
2026-07-01T08:44:53+02:00,4210-0113-001__2026-06-29,108,2
2026-07-01T08:44:53+02:00,4415-0104-001__2026-06-29,468,5
2026-07-01T08:44:53+02:00,4602-2001-1005__2026-06-29,36,1
2026-07-01T08:44:53+02:00,5201-0509-002__2026-06-29,717,3
2026-07-01T08:44:53+02:00,7202-5706-106__2026-06-29,277,1
2026-07-01T08:44:53+02:00,7202-5302-105__2026-06-29,33,1
2026-07-01T08:44:53+02:00,6202-2104-1202__2026-06-29,49,2
2026-07-01T08:44:53+02:00,7202-6106-107__2026-06-29,277,1
2026-07-01T08:44:53+02:00,1106-2103-011__2026-06-29,90,5
2026-07-01T08:44:53+02:00,1106-2105-012__2026-06-29,90,4
2026-07-01T08:44:53+02:00,1106-2106-009__2026-06-29,90,4
2026-07-01T08:44:53+02:00,1106-2107-016__2026-06-29,90,4
2026-07-01T08:44:53+02:00,1106-2108-013__2026-06-29,90,3
2026-07-01T08:44:53+02:00,1106-2302-007__2026-06-29,90,5
2026-07-01T08:44:53+02:00,1106-2303-010__2026-06-29,90,3
2026-07-01T08:44:53+02:00,1106-2304-011__2026-06-29,90,3
2026-07-01T08:44:53+02:00,1106-2305-013__2026-06-29,90,5
2026-07-01T08:44:53+02:00,1106-2307-013__2026-06-29,90,4
2026-07-01T08:44:53+02:00,1106-2505-008__2026-06-29,90,4
2026-07-01T08:44:53+02:00,1106-2506-005__2026-06-29,90,3
2026-07-01T08:44:53+02:00,1106-2507-009__2026-06-29,90,3
2026-07-01T08:44:53+02:00,1106-2509-007__2026-06-29,90,4
2026-07-01T08:44:53+02:00,1202-0902-003__2026-06-29,89,3
2026-07-01T08:44:53+02:00,1202-1111-004__2026-06-29,1497,8
2026-07-01T08:44:53+02:00,1202-1105-006__2026-06-29,885,13
2026-07-01T08:44:53+02:00,1407-6603-009__2026-06-29,165,2
2026-07-01T08:44:53+02:00,1407-6604-014__2026-06-29,90,2
2026-07-01T08:44:53+02:00,1407-6605-020__2026-06-29,165,2
2026-07-01T08:44:53+02:00,1407-6606-011__2026-06-29,90,2
2026-07-01T08:44:53+02:00,1407-6608-011__2026-06-29,165,1
2026-07-01T08:44:53+02:00,2118-0404-043__2026-06-29,385,3
2026-07-01T08:44:53+02:00,2118-0405-044__2026-06-29,385,3
2026-07-01T08:44:53+02:00,2118-0407-047__2026-06-29,391,4
2026-07-01T08:44:53+02:00,2118-0405-004__2026-06-29,348,3
2026-07-01T08:44:53+02:00,2118-0408-005__2026-06-29,348,4
2026-07-01T08:44:53+02:00,2118-0408-009__2026-06-29,380,5
2026-07-01T08:44:53+02:00,2118-0405-080__2026-06-29,391,4
2026-07-01T08:44:53+02:00,2118-0406-074__2026-06-29,385,5
2026-07-01T08:44:53+02:00,2204-0506-009__2026-06-29,1740,26
2026-07-01T08:44:53+02:00,2303-0912-002__2026-06-29,1296,12
2026-07-01T08:44:53+02:00,2303-0908-006__2026-06-29,1497,8
2026-07-01T08:44:53+02:00,2405-0503-005__2026-06-29,90,6
2026-07-01T08:44:53+02:00,2405-0504-002__2026-06-29,90,4
2026-07-01T08:44:53+02:00,2405-0505-011__2026-06-29,90,3
2026-07-01T08:44:53+02:00,2405-0506-003__2026-06-29,231,3
2026-07-01T08:44:53+02:00,2405-0507-003__2026-06-29,90,2
2026-07-01T08:44:53+02:00,3213-6704-008__2026-06-29,1497,12
2026-07-01T08:44:53+02:00,3419-3603-009__2026-06-29,1811,3
2026-07-01T08:44:53+02:00,3419-3703-003__2026-06-29,89,5
2026-07-01T08:44:53+02:00,3622-9905-062__2026-06-29,638,15
2026-07-01T08:44:53+02:00,3622-9908-044__2026-06-29,638,14
2026-07-01T08:44:53+02:00,4210-0113-031__2026-06-29,88,4
2026-07-01T08:44:53+02:00,4415-0103-001__2026-06-29,717,2
2026-07-01T08:44:53+02:00,4415-0103-052__2026-06-29,932,9
2026-07-01T08:44:53+02:00,4415-0109-004__2026-06-29,939,5
2026-07-01T08:44:53+02:00,4703-1506-1507__2026-06-29,90,2
2026-07-01T08:44:53+02:00,4703-1508-1709__2026-06-29,661,3
2026-07-01T08:44:53+02:00,5102-3203-011__2026-06-29,245,5
2026-07-01T08:44:53+02:00,5102-3205-022__2026-06-29,245,5
2026-07-01T08:44:53+02:00,5102-3210-025__2026-06-29,238,7
2026-07-01T08:44:53+02:00,7404-2203-018__2026-06-29,90,6
2026-07-01T08:44:53+02:00,5201-0102-043__2026-06-29,245,5
2026-07-01T08:44:53+02:00,5201-0108-012__2026-06-29,253,5
2026-07-01T08:44:53+02:00,5201-0110-013__2026-06-29,306,4
2026-07-01T08:44:53+02:00,7404-2304-016__2026-06-29,315,5
2026-07-01T08:44:53+02:00,7404-2204-024__2026-06-29,315,5
2026-07-01T08:44:53+02:00,7505-2102-004__2026-06-29,90,7
2026-07-01T08:44:53+02:00,7505-1903-012__2026-06-29,90,7
2026-07-01T08:44:53+02:00,7707-0305-006__2026-06-29,273,5
2026-07-01T08:44:53+02:00,7707-1201-006__2026-06-29,90,7
2026-07-01T08:44:53+02:00,7808-1003-044__2026-06-29,90,6
2026-07-01T08:44:53+02:00,7707-0606-012__2026-06-29,362,6
2026-07-01T12:48:38+02:00,7202-6503-102__2026-06-29,89,4
2026-07-01T12:48:38+02:00,6303-5102-1003__2026-06-29,73,1
2026-07-01T12:48:38+02:00,6303-5103-1106__2026-06-29,89,2
2026-07-01T12:48:38+02:00,6303-5104-1212__2026-06-29,89,1
2026-07-01T12:48:38+02:00,6303-5105-1317__2026-06-29,89,4
2026-07-01T12:48:38+02:00,6303-5102-1006__2026-06-29,49,2
2026-07-01T12:48:38+02:00,6303-5103-1112__2026-06-29,73,2
2026-07-01T12:48:38+02:00,6303-5104-1204__2026-06-29,73,1
2026-07-01T12:48:38+02:00,6303-5105-1318__2026-06-29,89,2
2026-07-01T12:48:38+02:00,7202-6505-107__2026-06-29,89,1
2026-07-01T12:48:38+02:00,6202-2102-1010__2026-06-29,49,1
2026-07-01T12:48:38+02:00,6202-2103-1112__2026-06-29,33,3
2026-07-01T12:48:38+02:00,7202-4703-106__2026-06-29,91,4
2026-07-01T12:48:38+02:00,7202-5304-102__2026-06-29,32,1
2026-07-01T12:48:38+02:00,7202-6102-104__2026-06-29,89,1
2026-07-01T12:48:38+02:00,4210-0103-037__2026-06-29,2,1
2026-07-01T12:48:38+02:00,4210-0104-014__2026-06-29,314,5
2026-07-01T12:48:38+02:00,4210-0117-008__2026-06-29,314,6
2026-07-01T12:48:38+02:00,4210-0115-003__2026-06-29,194,4
2026-07-01T12:48:38+02:00,5102-3604-007__2026-06-29,41,2
2026-07-01T12:48:38+02:00,7202-5301-106__2026-06-29,1,1
2026-07-01T12:48:38+02:00,7202-6103-110__2026-06-29,0,1
2026-07-01T12:48:38+02:00,7202-6105-111__2026-06-29,1,1
2026-07-01T12:48:38+02:00,3622-9910-047__2026-06-29,315,6
2026-07-01T12:48:38+02:00,4210-0113-001__2026-06-29,108,2
2026-07-01T12:48:38+02:00,4415-0104-001__2026-06-29,468,5
2026-07-01T12:48:38+02:00,4602-2001-1005__2026-06-29,36,2
2026-07-01T12:48:38+02:00,5201-0509-002__2026-06-29,717,3
2026-07-01T12:48:38+02:00,7202-5706-106__2026-06-29,277,1
2026-07-01T12:48:38+02:00,7202-5302-105__2026-06-29,33,1
2026-07-01T12:48:38+02:00,6202-2104-1202__2026-06-29,49,2
2026-07-01T12:48:38+02:00,7202-6106-107__2026-06-29,277,1
2026-07-01T12:48:38+02:00,1106-2103-011__2026-06-29,90,5
2026-07-01T12:48:38+02:00,1106-2105-012__2026-06-29,90,5
2026-07-01T12:48:38+02:00,1106-2106-009__2026-06-29,90,4
2026-07-01T12:48:38+02:00,1106-2107-016__2026-06-29,90,4
2026-07-01T12:48:38+02:00,1106-2108-013__2026-06-29,90,4
2026-07-01T12:48:38+02:00,1106-2302-007__2026-06-29,90,5
2026-07-01T12:48:38+02:00,1106-2303-010__2026-06-29,90,3
2026-07-01T12:48:38+02:00,1106-2304-011__2026-06-29,90,4
2026-07-01T12:48:38+02:00,1106-2305-013__2026-06-29,90,5
2026-07-01T12:48:38+02:00,1106-2307-013__2026-06-29,90,4
2026-07-01T12:48:38+02:00,1106-2505-008__2026-06-29,90,4
2026-07-01T12:48:38+02:00,1106-2506-005__2026-06-29,90,4
2026-07-01T12:48:38+02:00,1106-2507-009__2026-06-29,90,3
2026-07-01T12:48:38+02:00,1106-2509-007__2026-06-29,90,4
2026-07-01T12:48:38+02:00,1202-0902-003__2026-06-29,89,4
2026-07-01T12:48:38+02:00,1202-1111-004__2026-06-29,1497,8
2026-07-01T12:48:38+02:00,1202-1105-006__2026-06-29,885,14
2026-07-01T12:48:38+02:00,1407-6603-009__2026-06-29,90,2
2026-07-01T12:48:38+02:00,1407-6604-014__2026-06-29,165,3
2026-07-01T12:48:38+02:00,1407-6605-020__2026-06-29,165,2
2026-07-01T12:48:38+02:00,1407-6606-011__2026-06-29,90,2
2026-07-01T12:48:38+02:00,1407-6608-011__2026-06-29,165,2
2026-07-01T12:48:38+02:00,2118-0404-043__2026-06-29,385,4
2026-07-01T12:48:38+02:00,2118-0405-044__2026-06-29,385,3
2026-07-01T12:48:38+02:00,2118-0407-047__2026-06-29,391,4
2026-07-01T12:48:38+02:00,2118-0405-004__2026-06-29,348,4
2026-07-01T12:48:38+02:00,2118-0408-005__2026-06-29,348,4
2026-07-01T12:48:38+02:00,2118-0408-009__2026-06-29,380,5
2026-07-01T12:48:38+02:00,2118-0405-080__2026-06-29,391,4
2026-07-01T12:48:38+02:00,2118-0406-074__2026-06-29,385,5
2026-07-01T12:48:38+02:00,2204-0506-009__2026-06-29,1740,27
2026-07-01T12:48:38+02:00,2303-0912-002__2026-06-29,1296,13
2026-07-01T12:48:38+02:00,2303-0908-006__2026-06-29,1497,8
2026-07-01T12:48:38+02:00,2405-0503-005__2026-06-29,90,8
2026-07-01T12:48:38+02:00,2405-0504-002__2026-06-29,90,5
2026-07-01T12:48:38+02:00,2405-0505-011__2026-06-29,90,4
2026-07-01T12:48:38+02:00,2405-0506-003__2026-06-29,231,3
2026-07-01T12:48:38+02:00,2405-0507-003__2026-06-29,314,3
2026-07-01T12:48:38+02:00,3213-6704-008__2026-06-29,1497,12
2026-07-01T12:48:38+02:00,3419-3603-009__2026-06-29,1811,3
2026-07-01T12:48:38+02:00,3419-3703-003__2026-06-29,89,5
2026-07-01T12:48:38+02:00,3622-9905-062__2026-06-29,687,17
2026-07-01T12:48:38+02:00,3622-9908-044__2026-06-29,638,14
2026-07-01T12:48:38+02:00,4210-0113-031__2026-06-29,88,4
2026-07-01T12:48:38+02:00,4415-0103-001__2026-06-29,717,2
2026-07-01T12:48:38+02:00,4415-0103-052__2026-06-29,932,9
2026-07-01T12:48:38+02:00,4415-0109-004__2026-06-29,939,5
2026-07-01T12:48:38+02:00,4703-1506-1507__2026-06-29,391,3
2026-07-01T12:48:38+02:00,4703-1508-1709__2026-06-29,661,3
2026-07-01T12:48:38+02:00,5102-3203-011__2026-06-29,245,5
2026-07-01T12:48:38+02:00,5102-3205-022__2026-06-29,245,6
2026-07-01T12:48:38+02:00,5102-3210-025__2026-06-29,238,8
2026-07-01T12:48:38+02:00,7404-2203-018__2026-06-29,90,7
2026-07-01T12:48:38+02:00,5201-0102-043__2026-06-29,245,6
2026-07-01T12:48:38+02:00,5201-0108-012__2026-06-29,253,5
2026-07-01T12:48:38+02:00,5201-0110-013__2026-06-29,306,5
2026-07-01T12:48:38+02:00,7404-2304-016__2026-06-29,315,5
2026-07-01T12:48:38+02:00,7404-2204-024__2026-06-29,90,5
2026-07-01T12:48:38+02:00,7505-2102-004__2026-06-29,90,7
2026-07-01T12:48:38+02:00,7505-1903-012__2026-06-29,154,9
2026-07-01T12:48:38+02:00,7707-0305-006__2026-06-29,273,5
2026-07-01T12:48:38+02:00,7707-1201-006__2026-06-29,90,7
2026-07-01T12:48:38+02:00,7808-1003-044__2026-06-29,90,8
2026-07-01T12:48:38+02:00,7707-0606-012__2026-06-29,362,6
2026-07-01T15:40:31+02:00,7202-6503-102__2026-06-29,89,5
2026-07-01T15:40:31+02:00,6303-5102-1003__2026-06-29,73,1
2026-07-01T15:40:31+02:00,6303-5103-1106__2026-06-29,89,2
2026-07-01T15:40:31+02:00,6303-5104-1212__2026-06-29,89,1
2026-07-01T15:40:31+02:00,6303-5105-1317__2026-06-29,89,4
2026-07-01T15:40:31+02:00,6303-5102-1006__2026-06-29,49,2
2026-07-01T15:40:31+02:00,6303-5103-1112__2026-06-29,73,2
2026-07-01T15:40:31+02:00,6303-5104-1204__2026-06-29,73,1
2026-07-01T15:40:31+02:00,6303-5105-1318__2026-06-29,89,2
2026-07-01T15:40:31+02:00,7202-6505-107__2026-06-29,89,1
2026-07-01T15:40:31+02:00,6202-2102-1010__2026-06-29,49,1
2026-07-01T15:40:31+02:00,6202-2103-1112__2026-06-29,33,3
2026-07-01T15:40:31+02:00,7202-4703-106__2026-06-29,91,4
2026-07-01T15:40:31+02:00,7202-5304-102__2026-06-29,32,1
2026-07-01T15:40:31+02:00,7202-6102-104__2026-06-29,89,1
2026-07-01T15:40:31+02:00,4210-0103-037__2026-06-29,18,2
2026-07-01T15:40:31+02:00,4210-0104-014__2026-06-29,314,6
2026-07-01T15:40:31+02:00,4210-0117-008__2026-06-29,314,7
2026-07-01T15:40:31+02:00,4210-0115-003__2026-06-29,386,5
2026-07-01T15:40:31+02:00,5102-3604-007__2026-06-29,41,2
2026-07-01T15:40:31+02:00,7202-5301-106__2026-06-29,21,3
2026-07-01T15:40:31+02:00,7202-6103-110__2026-06-29,21,2
2026-07-01T15:40:31+02:00,7202-6105-111__2026-06-29,1,1
2026-07-01T15:40:31+02:00,3622-9910-047__2026-06-29,315,7
2026-07-01T15:40:31+02:00,4210-0113-001__2026-06-29,108,2
2026-07-01T15:40:31+02:00,4415-0104-001__2026-06-29,468,5
2026-07-01T15:40:31+02:00,4602-2001-1005__2026-06-29,36,2
2026-07-01T15:40:31+02:00,5201-0509-002__2026-06-29,717,3
2026-07-01T15:40:31+02:00,7202-5706-106__2026-06-29,277,1
2026-07-01T15:40:31+02:00,7202-5302-105__2026-06-29,33,1
2026-07-01T15:40:31+02:00,6202-2104-1202__2026-06-29,49,3
2026-07-01T15:40:31+02:00,7202-6106-107__2026-06-29,277,1
2026-07-01T15:40:31+02:00,1106-2103-011__2026-06-29,90,6
2026-07-01T15:40:31+02:00,1106-2105-012__2026-06-29,90,5
2026-07-01T15:40:31+02:00,1106-2106-009__2026-06-29,90,5
2026-07-01T15:40:31+02:00,1106-2107-016__2026-06-29,90,4
2026-07-01T15:40:31+02:00,1106-2108-013__2026-06-29,90,4
2026-07-01T15:40:31+02:00,1106-2302-007__2026-06-29,90,4
2026-07-01T15:40:31+02:00,1106-2303-010__2026-06-29,90,4
2026-07-01T15:40:31+02:00,1106-2304-011__2026-06-29,90,5
2026-07-01T15:40:31+02:00,1106-2305-013__2026-06-29,90,5
2026-07-01T15:40:31+02:00,1106-2307-013__2026-06-29,90,4
2026-07-01T15:40:31+02:00,1106-2505-008__2026-06-29,90,4
2026-07-01T15:40:31+02:00,1106-2506-005__2026-06-29,90,4
2026-07-01T15:40:31+02:00,1106-2507-009__2026-06-29,90,4
2026-07-01T15:40:31+02:00,1106-2509-007__2026-06-29,90,4
2026-07-01T15:40:31+02:00,1202-0902-003__2026-06-29,90,5
2026-07-01T15:40:31+02:00,1202-1111-004__2026-06-29,1497,8
2026-07-01T15:40:31+02:00,1202-1105-006__2026-06-29,885,15
2026-07-01T15:40:31+02:00,1407-6603-009__2026-06-29,90,3
2026-07-01T15:40:31+02:00,1407-6604-014__2026-06-29,90,2
2026-07-01T15:40:31+02:00,1407-6605-020__2026-06-29,165,2
2026-07-01T15:40:31+02:00,1407-6606-011__2026-06-29,165,3
2026-07-01T15:40:31+02:00,1407-6608-011__2026-06-29,165,2
2026-07-01T15:40:31+02:00,2118-0404-043__2026-06-29,385,5
2026-07-01T15:40:31+02:00,2118-0405-044__2026-06-29,385,4
2026-07-01T15:40:31+02:00,2118-0407-047__2026-06-29,391,4
2026-07-01T15:40:31+02:00,2118-0405-004__2026-06-29,348,4
2026-07-01T15:40:31+02:00,2118-0408-005__2026-06-29,348,4
2026-07-01T15:40:31+02:00,2118-0408-009__2026-06-29,380,5
2026-07-01T15:40:31+02:00,2118-0405-080__2026-06-29,391,4
2026-07-01T15:40:31+02:00,2118-0406-074__2026-06-29,385,5
2026-07-01T15:40:31+02:00,2204-0506-009__2026-06-29,1740,31
2026-07-01T15:40:31+02:00,2303-0912-002__2026-06-29,1296,14
2026-07-01T15:40:31+02:00,2303-0908-006__2026-06-29,1497,9
2026-07-01T15:40:31+02:00,2405-0503-005__2026-06-29,307,9
2026-07-01T15:40:31+02:00,2405-0504-002__2026-06-29,90,5
2026-07-01T15:40:31+02:00,2405-0505-011__2026-06-29,90,6
2026-07-01T15:40:31+02:00,2405-0506-003__2026-06-29,307,4
2026-07-01T15:40:31+02:00,2405-0507-003__2026-06-29,314,2
2026-07-01T15:40:31+02:00,3213-6704-008__2026-06-29,1497,13
2026-07-01T15:40:31+02:00,3419-3603-009__2026-06-29,1811,3
2026-07-01T15:40:31+02:00,3419-3703-003__2026-06-29,120,7
2026-07-01T15:40:31+02:00,3622-9905-062__2026-06-29,687,19
2026-07-01T15:40:31+02:00,3622-9908-044__2026-06-29,638,15
2026-07-01T15:40:31+02:00,4210-0113-031__2026-06-29,88,4
2026-07-01T15:40:31+02:00,4415-0103-001__2026-06-29,717,2
2026-07-01T15:40:31+02:00,4415-0103-052__2026-06-29,932,9
2026-07-01T15:40:31+02:00,4415-0109-004__2026-06-29,939,5
2026-07-01T15:40:31+02:00,4703-1506-1507__2026-06-29,391,3
2026-07-01T15:40:31+02:00,4703-1508-1709__2026-06-29,661,3
2026-07-01T15:40:31+02:00,5102-3203-011__2026-06-29,245,5
2026-07-01T15:40:31+02:00,5102-3205-022__2026-06-29,245,6
2026-07-01T15:40:31+02:00,5102-3210-025__2026-06-29,238,8
2026-07-01T15:40:31+02:00,7404-2203-018__2026-06-29,90,8
2026-07-01T15:40:31+02:00,5201-0102-043__2026-06-29,245,7
2026-07-01T15:40:31+02:00,5201-0108-012__2026-06-29,253,7
2026-07-01T15:40:31+02:00,5201-0110-013__2026-06-29,306,7
2026-07-01T15:40:31+02:00,7404-2304-016__2026-06-29,315,4
2026-07-01T15:40:31+02:00,7404-2204-024__2026-06-29,90,7
2026-07-01T15:40:31+02:00,7505-2102-004__2026-06-29,90,8
2026-07-01T15:40:31+02:00,7505-1903-012__2026-06-29,154,8
2026-07-01T15:40:31+02:00,7707-0305-006__2026-06-29,273,5
2026-07-01T15:40:31+02:00,7707-1201-006__2026-06-29,90,7
2026-07-01T15:40:31+02:00,7808-1003-044__2026-06-29,90,10
2026-07-01T15:40:31+02:00,7707-0606-012__2026-06-29,362,6
2026-07-01T18:39:34+02:00,7202-6503-102__2026-06-29,89,4
2026-07-01T18:39:34+02:00,6303-5102-1003__2026-06-29,73,1
2026-07-01T18:39:34+02:00,6303-5103-1106__2026-06-29,89,2
2026-07-01T18:39:34+02:00,6303-5104-1212__2026-06-29,89,1
2026-07-01T18:39:34+02:00,6303-5105-1317__2026-06-29,89,4
2026-07-01T18:39:34+02:00,6303-5102-1006__2026-06-29,63,3
2026-07-01T18:39:34+02:00,6303-5103-1112__2026-06-29,73,3
2026-07-01T18:39:34+02:00,6303-5104-1204__2026-06-29,73,2
2026-07-01T18:39:34+02:00,6303-5105-1318__2026-06-29,89,2
2026-07-01T18:39:34+02:00,7202-6505-107__2026-06-29,89,1
2026-07-01T18:39:34+02:00,6202-2102-1010__2026-06-29,53,3
2026-07-01T18:39:34+02:00,6202-2103-1112__2026-06-29,53,5
2026-07-01T18:39:34+02:00,7202-4703-106__2026-06-29,91,5
2026-07-01T18:39:34+02:00,7202-5304-102__2026-06-29,32,1
2026-07-01T18:39:34+02:00,7202-6102-104__2026-06-29,89,1
2026-07-01T18:39:34+02:00,4210-0103-037__2026-06-29,18,2
2026-07-01T18:39:34+02:00,4210-0104-014__2026-06-29,386,7
2026-07-01T18:39:34+02:00,4210-0117-008__2026-06-29,386,8
2026-07-01T18:39:34+02:00,4210-0115-003__2026-06-29,386,5
2026-07-01T18:39:34+02:00,5102-3604-007__2026-06-29,41,2
2026-07-01T18:39:34+02:00,7202-5301-106__2026-06-29,21,2
2026-07-01T18:39:34+02:00,7202-6103-110__2026-06-29,21,1
2026-07-01T18:39:34+02:00,7202-6105-111__2026-06-29,0,1
2026-07-01T18:39:34+02:00,3622-9910-047__2026-06-29,315,8
2026-07-01T18:39:34+02:00,4210-0113-001__2026-06-29,108,2
2026-07-01T18:39:34+02:00,4415-0104-001__2026-06-29,468,5
2026-07-01T18:39:34+02:00,4602-2001-1005__2026-06-29,36,2
2026-07-01T18:39:34+02:00,5201-0509-002__2026-06-29,717,4
2026-07-01T18:39:34+02:00,7202-5706-106__2026-06-29,277,1
2026-07-01T18:39:34+02:00,7202-5302-105__2026-06-29,33,1
2026-07-01T18:39:34+02:00,6202-2104-1202__2026-06-29,49,3
2026-07-01T18:39:34+02:00,7202-6106-107__2026-06-29,277,1
2026-07-01T18:39:34+02:00,1106-2103-011__2026-06-29,90,6
2026-07-01T18:39:34+02:00,1106-2105-012__2026-06-29,90,5
2026-07-01T18:39:34+02:00,1106-2106-009__2026-06-29,90,5
2026-07-01T18:39:34+02:00,1106-2107-016__2026-06-29,90,4
2026-07-01T18:39:34+02:00,1106-2108-013__2026-06-29,90,4
2026-07-01T18:39:34+02:00,1106-2302-007__2026-06-29,90,4
2026-07-01T18:39:34+02:00,1106-2303-010__2026-06-29,90,4
2026-07-01T18:39:34+02:00,1106-2304-011__2026-06-29,90,5
2026-07-01T18:39:34+02:00,1106-2305-013__2026-06-29,90,5
2026-07-01T18:39:34+02:00,1106-2307-013__2026-06-29,90,5
2026-07-01T18:39:34+02:00,1106-2505-008__2026-06-29,90,4
2026-07-01T18:39:34+02:00,1106-2506-005__2026-06-29,90,4
2026-07-01T18:39:34+02:00,1106-2507-009__2026-06-29,90,4
2026-07-01T18:39:34+02:00,1106-2509-007__2026-06-29,90,3
2026-07-01T18:39:34+02:00,1202-0902-003__2026-06-29,90,5
2026-07-01T18:39:34+02:00,1202-1111-004__2026-06-29,1497,9
2026-07-01T18:39:34+02:00,1202-1105-006__2026-06-29,885,17
2026-07-01T18:39:34+02:00,1407-6603-009__2026-06-29,90,3
2026-07-01T18:39:34+02:00,1407-6604-014__2026-06-29,152,2
2026-07-01T18:39:34+02:00,1407-6605-020__2026-06-29,165,2
2026-07-01T18:39:34+02:00,1407-6606-011__2026-06-29,165,2
2026-07-01T18:39:34+02:00,1407-6608-011__2026-06-29,165,2
2026-07-01T18:39:34+02:00,2118-0404-043__2026-06-29,385,5
2026-07-01T18:39:34+02:00,2118-0405-044__2026-06-29,385,5
2026-07-01T18:39:34+02:00,2118-0407-047__2026-06-29,391,4
2026-07-01T18:39:34+02:00,2118-0405-004__2026-06-29,348,5
2026-07-01T18:39:34+02:00,2118-0408-005__2026-06-29,348,4
2026-07-01T18:39:34+02:00,2118-0408-009__2026-06-29,380,5
2026-07-01T18:39:34+02:00,2118-0405-080__2026-06-29,391,4
2026-07-01T18:39:34+02:00,2118-0406-074__2026-06-29,385,5
2026-07-01T18:39:34+02:00,2204-0506-009__2026-06-29,2582,34
2026-07-01T18:39:34+02:00,2303-0912-002__2026-06-29,1395,16
2026-07-01T18:39:34+02:00,2303-0908-006__2026-06-29,1497,9
2026-07-01T18:39:34+02:00,2405-0503-005__2026-06-29,307,9
2026-07-01T18:39:34+02:00,2405-0504-002__2026-06-29,90,5
2026-07-01T18:39:34+02:00,2405-0505-011__2026-06-29,90,6
2026-07-01T18:39:34+02:00,2405-0506-003__2026-06-29,307,4
2026-07-01T18:39:34+02:00,2405-0507-003__2026-06-29,314,2
2026-07-01T18:39:34+02:00,3213-6704-008__2026-06-29,1497,13
2026-07-01T18:39:34+02:00,3419-3603-009__2026-06-29,1811,4
2026-07-01T18:39:34+02:00,3419-3703-003__2026-06-29,120,6
2026-07-01T18:39:34+02:00,3622-9905-062__2026-06-29,687,19
2026-07-01T18:39:34+02:00,3622-9908-044__2026-06-29,638,15
2026-07-01T18:39:34+02:00,4210-0113-031__2026-06-29,25,3
2026-07-01T18:39:34+02:00,4415-0103-001__2026-06-29,717,2
2026-07-01T18:39:34+02:00,4415-0103-052__2026-06-29,932,9
2026-07-01T18:39:34+02:00,4415-0109-004__2026-06-29,939,5
2026-07-01T18:39:34+02:00,4703-1506-1507__2026-06-29,391,3
2026-07-01T18:39:34+02:00,4703-1508-1709__2026-06-29,661,3
2026-07-01T18:39:34+02:00,5102-3203-011__2026-06-29,245,5
2026-07-01T18:39:34+02:00,5102-3205-022__2026-06-29,245,6
2026-07-01T18:39:34+02:00,5102-3210-025__2026-06-29,238,8
2026-07-01T18:39:34+02:00,7404-2203-018__2026-06-29,91,9
2026-07-01T18:39:34+02:00,5201-0102-043__2026-06-29,245,7
2026-07-01T18:39:34+02:00,5201-0108-012__2026-06-29,253,7
2026-07-01T18:39:34+02:00,5201-0110-013__2026-06-29,364,8
2026-07-01T18:39:34+02:00,7404-2304-016__2026-06-29,315,4
2026-07-01T18:39:34+02:00,7404-2204-024__2026-06-29,315,10
2026-07-01T18:39:34+02:00,7505-2102-004__2026-06-29,90,8
2026-07-01T18:39:34+02:00,7505-1903-012__2026-06-29,154,7
2026-07-01T18:39:34+02:00,7707-0305-006__2026-06-29,273,5
2026-07-01T18:39:34+02:00,7707-1201-006__2026-06-29,91,8
2026-07-01T18:39:34+02:00,7808-1003-044__2026-06-29,90,10
2026-07-01T18:39:34+02:00,7707-0606-012__2026-06-29,362,6
2026-07-01T21:11:38+02:00,7202-6503-102__2026-06-29,89,4
2026-07-01T21:11:38+02:00,6303-5102-1003__2026-06-29,73,1
2026-07-01T21:11:38+02:00,6303-5103-1106__2026-06-29,89,1
2026-07-01T21:11:38+02:00,6303-5104-1212__2026-06-29,89,1
2026-07-01T21:11:38+02:00,6303-5105-1317__2026-06-29,89,4
2026-07-01T21:11:38+02:00,6303-5102-1006__2026-06-29,71,3
2026-07-01T21:11:38+02:00,6303-5103-1112__2026-06-29,73,3
2026-07-01T21:11:38+02:00,6303-5104-1204__2026-06-29,73,2
2026-07-01T21:11:38+02:00,6303-5105-1318__2026-06-29,167,2
2026-07-01T21:11:38+02:00,7202-6505-107__2026-06-29,89,1
2026-07-01T21:11:38+02:00,6202-2102-1010__2026-06-29,53,2
2026-07-01T21:11:38+02:00,6202-2103-1112__2026-06-29,53,5
2026-07-01T21:11:38+02:00,7202-4703-106__2026-06-29,91,5
2026-07-01T21:11:38+02:00,7202-5304-102__2026-06-29,32,1
2026-07-01T21:11:38+02:00,7202-6102-104__2026-06-29,89,1
2026-07-01T21:11:38+02:00,4210-0103-037__2026-06-29,18,2
2026-07-01T21:11:38+02:00,4210-0104-014__2026-06-29,386,7
2026-07-01T21:11:38+02:00,4210-0117-008__2026-06-29,386,8
2026-07-01T21:11:38+02:00,4210-0115-003__2026-06-29,386,5
2026-07-01T21:11:38+02:00,5102-3604-007__2026-06-29,41,2
2026-07-01T21:11:38+02:00,7202-5301-106__2026-06-29,21,2
2026-07-01T21:11:38+02:00,7202-6103-110__2026-06-29,21,1
2026-07-01T21:11:38+02:00,7202-6105-111__2026-06-29,0,1
2026-07-01T21:11:38+02:00,3622-9910-047__2026-06-29,637,9
2026-07-01T21:11:38+02:00,4210-0113-001__2026-06-29,108,2
2026-07-01T21:11:38+02:00,4415-0104-001__2026-06-29,673,6
2026-07-01T21:11:38+02:00,4602-2001-1005__2026-06-29,36,2
2026-07-01T21:11:38+02:00,5201-0509-002__2026-06-29,717,4
2026-07-01T21:11:38+02:00,7202-5706-106__2026-06-29,277,1
2026-07-01T21:11:38+02:00,7202-5302-105__2026-06-29,71,2
2026-07-01T21:11:38+02:00,6202-2104-1202__2026-06-29,71,3
2026-07-01T21:11:38+02:00,7202-6106-107__2026-06-29,277,1
2026-07-01T21:11:38+02:00,1106-2103-011__2026-06-29,90,5
2026-07-01T21:11:38+02:00,1106-2105-012__2026-06-29,90,5
2026-07-01T21:11:38+02:00,1106-2106-009__2026-06-29,90,5
2026-07-01T21:11:38+02:00,1106-2107-016__2026-06-29,138,5
2026-07-01T21:11:38+02:00,1106-2108-013__2026-06-29,90,4
2026-07-01T21:11:38+02:00,1106-2302-007__2026-06-29,90,4
2026-07-01T21:11:38+02:00,1106-2303-010__2026-06-29,90,4
2026-07-01T21:11:38+02:00,1106-2304-011__2026-06-29,90,6
2026-07-01T21:11:38+02:00,1106-2305-013__2026-06-29,90,5
2026-07-01T21:11:38+02:00,1106-2307-013__2026-06-29,90,4
2026-07-01T21:11:38+02:00,1106-2505-008__2026-06-29,90,5
2026-07-01T21:11:38+02:00,1106-2506-005__2026-06-29,90,4
2026-07-01T21:11:38+02:00,1106-2507-009__2026-06-29,90,3
2026-07-01T21:11:38+02:00,1106-2509-007__2026-06-29,90,3
2026-07-01T21:11:38+02:00,1202-0902-003__2026-06-29,90,5
2026-07-01T21:11:38+02:00,1202-1111-004__2026-06-29,1497,9
2026-07-01T21:11:38+02:00,1202-1105-006__2026-06-29,885,17
2026-07-01T21:11:38+02:00,1407-6603-009__2026-06-29,90,3
2026-07-01T21:11:38+02:00,1407-6604-014__2026-06-29,152,2
2026-07-01T21:11:38+02:00,1407-6605-020__2026-06-29,165,3
2026-07-01T21:11:38+02:00,1407-6606-011__2026-06-29,165,3
2026-07-01T21:11:38+02:00,1407-6608-011__2026-06-29,165,3
2026-07-01T21:11:38+02:00,2118-0404-043__2026-06-29,385,5
2026-07-01T21:11:38+02:00,2118-0405-044__2026-06-29,385,6
2026-07-01T21:11:38+02:00,2118-0407-047__2026-06-29,391,4
2026-07-01T21:11:38+02:00,2118-0405-004__2026-06-29,348,5
2026-07-01T21:11:38+02:00,2118-0408-005__2026-06-29,348,6
2026-07-01T21:11:38+02:00,2118-0408-009__2026-06-29,380,5
2026-07-01T21:11:38+02:00,2118-0405-080__2026-06-29,391,5
2026-07-01T21:11:38+02:00,2118-0406-074__2026-06-29,385,6
2026-07-01T21:11:38+02:00,2204-0506-009__2026-06-29,2582,33
2026-07-01T21:11:38+02:00,2303-0912-002__2026-06-29,1395,16
2026-07-01T21:11:38+02:00,2303-0908-006__2026-06-29,1497,9
2026-07-01T21:11:38+02:00,2405-0503-005__2026-06-29,307,9
2026-07-01T21:11:38+02:00,2405-0504-002__2026-06-29,90,5
2026-07-01T21:11:38+02:00,2405-0505-011__2026-06-29,90,6
2026-07-01T21:11:38+02:00,2405-0506-003__2026-06-29,307,4
2026-07-01T21:11:38+02:00,2405-0507-003__2026-06-29,314,2
2026-07-01T21:11:38+02:00,3213-6704-008__2026-06-29,1497,13
2026-07-01T21:11:38+02:00,3419-3603-009__2026-06-29,1811,3
2026-07-01T21:11:38+02:00,3419-3703-003__2026-06-29,120,6
2026-07-01T21:11:38+02:00,3622-9905-062__2026-06-29,687,17
2026-07-01T21:11:38+02:00,3622-9908-044__2026-06-29,638,14
2026-07-01T21:11:38+02:00,4210-0113-031__2026-06-29,25,4
2026-07-01T21:11:38+02:00,4415-0103-001__2026-06-29,717,2
2026-07-01T21:11:38+02:00,4415-0103-052__2026-06-29,932,9
2026-07-01T21:11:38+02:00,4415-0109-004__2026-06-29,1068,6
2026-07-01T21:11:38+02:00,4703-1506-1507__2026-06-29,391,3
2026-07-01T21:11:38+02:00,4703-1508-1709__2026-06-29,391,3
2026-07-01T21:11:38+02:00,5102-3203-011__2026-06-29,245,5
2026-07-01T21:11:38+02:00,5102-3205-022__2026-06-29,245,6
2026-07-01T21:11:38+02:00,5102-3210-025__2026-06-29,238,8
2026-07-01T21:11:38+02:00,7404-2203-018__2026-06-29,91,9
2026-07-01T21:11:38+02:00,5201-0102-043__2026-06-29,245,7
2026-07-01T21:11:38+02:00,5201-0108-012__2026-06-29,253,7
2026-07-01T21:11:38+02:00,5201-0110-013__2026-06-29,364,8
2026-07-01T21:11:38+02:00,7404-2304-016__2026-06-29,315,4
2026-07-01T21:11:38+02:00,7404-2204-024__2026-06-29,315,10
2026-07-01T21:11:38+02:00,7505-2102-004__2026-06-29,90,9
2026-07-01T21:11:38+02:00,7505-1903-012__2026-06-29,154,6
2026-07-01T21:11:38+02:00,7707-0305-006__2026-06-29,273,4
2026-07-01T21:11:38+02:00,7707-1201-006__2026-06-29,91,8
2026-07-01T21:11:38+02:00,7808-1003-044__2026-06-29,90,11
2026-07-01T21:11:38+02:00,7707-0606-012__2026-06-29,362,6
2026-07-01T22:53:51+02:00,7202-6503-102__2026-06-29,89,4
2026-07-01T22:53:51+02:00,6303-5102-1003__2026-06-29,73,1
2026-07-01T22:53:51+02:00,6303-5103-1106__2026-06-29,299,2
2026-07-01T22:53:51+02:00,6303-5104-1212__2026-06-29,89,1
2026-07-01T22:53:51+02:00,6303-5105-1317__2026-06-29,89,4
2026-07-01T22:53:51+02:00,6303-5102-1006__2026-06-29,71,3
2026-07-01T22:53:51+02:00,6303-5103-1112__2026-06-29,73,3
2026-07-01T22:53:51+02:00,6303-5104-1204__2026-06-29,89,3
2026-07-01T22:53:51+02:00,6303-5105-1318__2026-06-29,167,1
2026-07-01T22:53:51+02:00,7202-6505-107__2026-06-29,89,1
2026-07-01T22:53:51+02:00,6202-2102-1010__2026-06-29,53,2
2026-07-01T22:53:51+02:00,6202-2103-1112__2026-06-29,53,5
2026-07-01T22:53:51+02:00,7202-4703-106__2026-06-29,91,4
2026-07-01T22:53:51+02:00,7202-5304-102__2026-06-29,54,2
2026-07-01T22:53:51+02:00,7202-6102-104__2026-06-29,89,1
2026-07-01T22:53:51+02:00,4210-0103-037__2026-06-29,18,2
2026-07-01T22:53:51+02:00,4210-0104-014__2026-06-29,386,7
2026-07-01T22:53:51+02:00,4210-0117-008__2026-06-29,386,8
2026-07-01T22:53:51+02:00,4210-0115-003__2026-06-29,386,5
2026-07-01T22:53:51+02:00,5102-3604-007__2026-06-29,41,2
2026-07-01T22:53:51+02:00,7202-5301-106__2026-06-29,54,3
2026-07-01T22:53:51+02:00,7202-6103-110__2026-06-29,54,2
2026-07-01T22:53:51+02:00,7202-6105-111__2026-06-29,2,2
2026-07-01T22:53:51+02:00,3622-9910-047__2026-06-29,637,11
2026-07-01T22:53:51+02:00,4210-0113-001__2026-06-29,108,2
2026-07-01T22:53:51+02:00,4415-0104-001__2026-06-29,673,6
2026-07-01T22:53:51+02:00,4602-2001-1005__2026-06-29,36,2
2026-07-01T22:53:51+02:00,5201-0509-002__2026-06-29,717,4
2026-07-01T22:53:51+02:00,7202-5706-106__2026-06-29,277,1
2026-07-01T22:53:51+02:00,7202-5302-105__2026-06-29,71,2
2026-07-01T22:53:51+02:00,6202-2104-1202__2026-06-29,71,3
2026-07-01T22:53:51+02:00,7202-6106-107__2026-06-29,277,1
2026-07-01T22:53:51+02:00,1106-2103-011__2026-06-29,90,5
2026-07-01T22:53:51+02:00,1106-2105-012__2026-06-29,152,7
2026-07-01T22:53:51+02:00,1106-2106-009__2026-06-29,90,5
2026-07-01T22:53:51+02:00,1106-2107-016__2026-06-29,138,5
2026-07-01T22:53:51+02:00,1106-2108-013__2026-06-29,90,6
2026-07-01T22:53:51+02:00,1106-2302-007__2026-06-29,90,4
2026-07-01T22:53:51+02:00,1106-2303-010__2026-06-29,90,4
2026-07-01T22:53:51+02:00,1106-2304-011__2026-06-29,90,6
2026-07-01T22:53:51+02:00,1106-2305-013__2026-06-29,90,6
2026-07-01T22:53:51+02:00,1106-2307-013__2026-06-29,90,4
2026-07-01T22:53:51+02:00,1106-2505-008__2026-06-29,90,5
2026-07-01T22:53:51+02:00,1106-2506-005__2026-06-29,90,4
2026-07-01T22:53:51+02:00,1106-2507-009__2026-06-29,90,5
2026-07-01T22:53:51+02:00,1106-2509-007__2026-06-29,90,3
2026-07-01T22:53:51+02:00,1202-0902-003__2026-06-29,90,5
2026-07-01T22:53:51+02:00,1202-1111-004__2026-06-29,1497,9
2026-07-01T22:53:51+02:00,1202-1105-006__2026-06-29,885,17
2026-07-01T22:53:51+02:00,1407-6603-009__2026-06-29,90,2
2026-07-01T22:53:51+02:00,1407-6604-014__2026-06-29,152,3
2026-07-01T22:53:51+02:00,1407-6605-020__2026-06-29,165,3
2026-07-01T22:53:51+02:00,1407-6606-011__2026-06-29,165,3
2026-07-01T22:53:51+02:00,1407-6608-011__2026-06-29,165,3
2026-07-01T22:53:51+02:00,2118-0404-043__2026-06-29,385,4
2026-07-01T22:53:51+02:00,2118-0405-044__2026-06-29,385,6
2026-07-01T22:53:51+02:00,2118-0407-047__2026-06-29,391,4
2026-07-01T22:53:51+02:00,2118-0405-004__2026-06-29,348,5
2026-07-01T22:53:51+02:00,2118-0408-005__2026-06-29,348,6
2026-07-01T22:53:51+02:00,2118-0408-009__2026-06-29,380,5
2026-07-01T22:53:51+02:00,2118-0405-080__2026-06-29,391,5
2026-07-01T22:53:51+02:00,2118-0406-074__2026-06-29,385,6
2026-07-01T22:53:51+02:00,2204-0506-009__2026-06-29,2582,33
2026-07-01T22:53:51+02:00,2303-0912-002__2026-06-29,1416,17
2026-07-01T22:53:51+02:00,2303-0908-006__2026-06-29,2261,10
2026-07-01T22:53:51+02:00,2405-0503-005__2026-06-29,307,9
2026-07-01T22:53:51+02:00,2405-0504-002__2026-06-29,375,5
2026-07-01T22:53:51+02:00,2405-0505-011__2026-06-29,375,7
2026-07-01T22:53:51+02:00,2405-0506-003__2026-06-29,375,5
2026-07-01T22:53:51+02:00,2405-0507-003__2026-06-29,314,3
2026-07-01T22:53:51+02:00,3213-6704-008__2026-06-29,1497,13
2026-07-01T22:53:51+02:00,3419-3603-009__2026-06-29,1811,3
2026-07-01T22:53:51+02:00,3419-3703-003__2026-06-29,120,6
2026-07-01T22:53:51+02:00,3622-9905-062__2026-06-29,687,17
2026-07-01T22:53:51+02:00,3622-9908-044__2026-06-29,638,15
2026-07-01T22:53:51+02:00,4210-0113-031__2026-06-29,25,4
2026-07-01T22:53:51+02:00,4415-0103-001__2026-06-29,717,2
2026-07-01T22:53:51+02:00,4415-0103-052__2026-06-29,932,9
2026-07-01T22:53:51+02:00,4415-0109-004__2026-06-29,1068,6
2026-07-01T22:53:51+02:00,4703-1506-1507__2026-06-29,391,3
2026-07-01T22:53:51+02:00,4703-1508-1709__2026-06-29,391,3
2026-07-01T22:53:51+02:00,5102-3203-011__2026-06-29,245,5
2026-07-01T22:53:51+02:00,5102-3205-022__2026-06-29,245,6
2026-07-01T22:53:51+02:00,5102-3210-025__2026-06-29,238,8
2026-07-01T22:53:51+02:00,7404-2203-018__2026-06-29,91,9
2026-07-01T22:53:51+02:00,5201-0102-043__2026-06-29,245,7
2026-07-01T22:53:51+02:00,5201-0108-012__2026-06-29,253,7
2026-07-01T22:53:51+02:00,5201-0110-013__2026-06-29,364,8
2026-07-01T22:53:51+02:00,7404-2304-016__2026-06-29,315,4
2026-07-01T22:53:51+02:00,7404-2204-024__2026-06-29,315,9
2026-07-01T22:53:51+02:00,7505-2102-004__2026-06-29,90,9
2026-07-01T22:53:51+02:00,7505-1903-012__2026-06-29,154,6
2026-07-01T22:53:51+02:00,7707-0305-006__2026-06-29,273,5
2026-07-01T22:53:51+02:00,7707-1201-006__2026-06-29,91,8
2026-07-01T22:53:51+02:00,7808-1003-044__2026-06-29,90,11
2026-07-01T22:53:51+02:00,7707-0606-012__2026-06-29,362,6
2026-07-02T00:39:50+02:00,7202-6503-102__2026-06-29,89,4
2026-07-02T00:39:50+02:00,6303-5102-1003__2026-06-29,74,2
2026-07-02T00:39:50+02:00,6303-5103-1106__2026-06-29,300,2
2026-07-02T00:39:50+02:00,6303-5104-1212__2026-06-29,490,3
2026-07-02T00:39:50+02:00,6303-5105-1317__2026-06-29,490,5
2026-07-02T00:39:50+02:00,6303-5102-1006__2026-06-29,1047,4
2026-07-02T00:39:50+02:00,6303-5103-1112__2026-06-29,90,4
2026-07-02T00:39:50+02:00,6303-5104-1204__2026-06-29,90,4
2026-07-02T00:39:50+02:00,6303-5105-1318__2026-06-29,168,2
2026-07-02T00:39:50+02:00,7202-6505-107__2026-06-29,89,1
2026-07-02T00:39:50+02:00,6202-2102-1010__2026-06-29,54,3
2026-07-02T00:39:50+02:00,6202-2103-1112__2026-06-29,54,5
2026-07-02T00:39:50+02:00,7202-4703-106__2026-06-29,91,4
2026-07-02T00:39:50+02:00,7202-5304-102__2026-06-29,55,2
2026-07-02T00:39:50+02:00,7202-6102-104__2026-06-29,89,1
2026-07-02T00:39:50+02:00,4210-0103-037__2026-06-29,19,2
2026-07-02T00:39:50+02:00,4210-0104-014__2026-06-29,387,7
2026-07-02T00:39:50+02:00,4210-0117-008__2026-06-29,387,8
2026-07-02T00:39:50+02:00,4210-0115-003__2026-06-29,387,5
2026-07-02T00:39:50+02:00,5102-3604-007__2026-06-29,42,2
2026-07-02T00:39:50+02:00,7202-5301-106__2026-06-29,55,3
2026-07-02T00:39:50+02:00,7202-6103-110__2026-06-29,55,2
2026-07-02T00:39:50+02:00,7202-6105-111__2026-06-29,3,2
2026-07-02T00:39:50+02:00,3622-9910-047__2026-06-29,638,11
2026-07-02T00:39:50+02:00,4210-0113-001__2026-06-29,109,2
2026-07-02T00:39:50+02:00,4415-0104-001__2026-06-29,674,6
2026-07-02T00:39:50+02:00,4602-2001-1005__2026-06-29,37,2
2026-07-02T00:39:50+02:00,5201-0509-002__2026-06-29,718,4
2026-07-02T00:39:50+02:00,7202-5706-106__2026-06-29,278,1
2026-07-02T00:39:50+02:00,7202-5302-105__2026-06-29,71,2
2026-07-02T00:39:50+02:00,6202-2104-1202__2026-06-29,90,4
2026-07-02T00:39:50+02:00,7202-6106-107__2026-06-29,278,1
2026-07-02T00:39:50+02:00,1106-2103-011__2026-06-29,90,5
2026-07-02T00:39:50+02:00,1106-2105-012__2026-06-29,153,7
2026-07-02T00:39:50+02:00,1106-2106-009__2026-06-29,90,5
2026-07-02T00:39:50+02:00,1106-2107-016__2026-06-29,139,5
2026-07-02T00:39:50+02:00,1106-2108-013__2026-06-29,90,6
2026-07-02T00:39:50+02:00,1106-2302-007__2026-06-29,90,5
2026-07-02T00:39:50+02:00,1106-2303-010__2026-06-29,90,5
2026-07-02T00:39:50+02:00,1106-2304-011__2026-06-29,90,6
2026-07-02T00:39:50+02:00,1106-2305-013__2026-06-29,90,6
2026-07-02T00:39:50+02:00,1106-2307-013__2026-06-29,90,4
2026-07-02T00:39:50+02:00,1106-2505-008__2026-06-29,90,4
2026-07-02T00:39:50+02:00,1106-2506-005__2026-06-29,90,5
2026-07-02T00:39:50+02:00,1106-2507-009__2026-06-29,90,5
2026-07-02T00:39:50+02:00,1106-2509-007__2026-06-29,90,5
2026-07-02T00:39:50+02:00,1202-0902-003__2026-06-29,90,5
2026-07-02T00:39:50+02:00,1202-1111-004__2026-06-29,1498,9
2026-07-02T00:39:50+02:00,1202-1105-006__2026-06-29,886,18
2026-07-02T00:39:50+02:00,1407-6603-009__2026-06-29,90,3
2026-07-02T00:39:50+02:00,1407-6604-014__2026-06-29,153,3
2026-07-02T00:39:50+02:00,1407-6605-020__2026-06-29,166,3
2026-07-02T00:39:50+02:00,1407-6606-011__2026-06-29,166,3
2026-07-02T00:39:50+02:00,1407-6608-011__2026-06-29,166,3
2026-07-02T00:39:50+02:00,2118-0404-043__2026-06-29,403,5
2026-07-02T00:39:50+02:00,2118-0405-044__2026-06-29,386,6
2026-07-02T00:39:50+02:00,2118-0407-047__2026-06-29,392,5
2026-07-02T00:39:50+02:00,2118-0405-004__2026-06-29,349,5
2026-07-02T00:39:50+02:00,2118-0408-005__2026-06-29,392,7
2026-07-02T00:39:50+02:00,2118-0408-009__2026-06-29,392,6
2026-07-02T00:39:50+02:00,2118-0405-080__2026-06-29,392,5
2026-07-02T00:39:50+02:00,2118-0406-074__2026-06-29,392,7
2026-07-02T00:39:50+02:00,2204-0506-009__2026-06-29,2583,33
2026-07-02T00:39:50+02:00,2303-0912-002__2026-06-29,1417,17
2026-07-02T00:39:50+02:00,2303-0908-006__2026-06-29,2262,11
2026-07-02T00:39:50+02:00,2405-0503-005__2026-06-29,308,9
2026-07-02T00:39:50+02:00,2405-0504-002__2026-06-29,376,6
2026-07-02T00:39:50+02:00,2405-0505-011__2026-06-29,376,7
2026-07-02T00:39:50+02:00,2405-0506-003__2026-06-29,376,5
2026-07-02T00:39:50+02:00,2405-0507-003__2026-06-29,315,3
2026-07-02T00:39:50+02:00,3213-6704-008__2026-06-29,1498,13
2026-07-02T00:39:50+02:00,3419-3603-009__2026-06-29,1812,4
2026-07-02T00:39:50+02:00,3419-3703-003__2026-06-29,121,6
2026-07-02T00:39:50+02:00,3622-9905-062__2026-06-29,688,18
2026-07-02T00:39:50+02:00,3622-9908-044__2026-06-29,639,16
2026-07-02T00:39:50+02:00,4210-0113-031__2026-06-29,26,4
2026-07-02T00:39:50+02:00,4415-0103-001__2026-06-29,718,2
2026-07-02T00:39:50+02:00,4415-0103-052__2026-06-29,933,8
2026-07-02T00:39:50+02:00,4415-0109-004__2026-06-29,1069,6
2026-07-02T00:39:50+02:00,4703-1506-1507__2026-06-29,392,3
2026-07-02T00:39:50+02:00,4703-1508-1709__2026-06-29,392,3
2026-07-02T00:39:50+02:00,5102-3203-011__2026-06-29,246,5
2026-07-02T00:39:50+02:00,5102-3205-022__2026-06-29,246,6
2026-07-02T00:39:50+02:00,5102-3210-025__2026-06-29,239,8
2026-07-02T00:39:50+02:00,7404-2203-018__2026-06-29,91,10
2026-07-02T00:39:50+02:00,5201-0102-043__2026-06-29,246,7
2026-07-02T00:39:50+02:00,5201-0108-012__2026-06-29,254,7
2026-07-02T00:39:50+02:00,5201-0110-013__2026-06-29,365,8
2026-07-02T00:39:50+02:00,7404-2304-016__2026-06-29,316,4
2026-07-02T00:39:50+02:00,7404-2204-024__2026-06-29,316,9
2026-07-02T00:39:50+02:00,7505-2102-004__2026-06-29,90,9
2026-07-02T00:39:50+02:00,7505-1903-012__2026-06-29,155,6
2026-07-02T00:39:50+02:00,7707-0305-006__2026-06-29,274,5
2026-07-02T00:39:50+02:00,7707-1201-006__2026-06-29,91,8
2026-07-02T00:39:50+02:00,7808-1003-044__2026-06-29,90,13
2026-07-02T00:39:50+02:00,7707-0606-012__2026-06-29,363,6
2026-07-02T02:20:56+02:00,7202-6503-102__2026-06-29,89,4
2026-07-02T02:20:56+02:00,6303-5102-1003__2026-06-29,74,2
2026-07-02T02:20:56+02:00,6303-5103-1106__2026-06-29,300,2
2026-07-02T02:20:56+02:00,6303-5104-1212__2026-06-29,490,3
2026-07-02T02:20:56+02:00,6303-5105-1317__2026-06-29,490,4
2026-07-02T02:20:56+02:00,6303-5102-1006__2026-06-29,1047,4
2026-07-02T02:20:56+02:00,6303-5103-1112__2026-06-29,90,4
2026-07-02T02:20:56+02:00,6303-5104-1204__2026-06-29,90,4
2026-07-02T02:20:56+02:00,6303-5105-1318__2026-06-29,168,2
2026-07-02T02:20:56+02:00,7202-6505-107__2026-06-29,89,1
2026-07-02T02:20:56+02:00,6202-2102-1010__2026-06-29,54,3
2026-07-02T02:20:56+02:00,6202-2103-1112__2026-06-29,54,5
2026-07-02T02:20:56+02:00,7202-4703-106__2026-06-29,91,4
2026-07-02T02:20:56+02:00,7202-5304-102__2026-06-29,90,3
2026-07-02T02:20:56+02:00,7202-6102-104__2026-06-29,89,1
2026-07-02T02:20:56+02:00,4210-0103-037__2026-06-29,19,2
2026-07-02T02:20:56+02:00,4210-0104-014__2026-06-29,387,7
2026-07-02T02:20:56+02:00,4210-0117-008__2026-06-29,387,8
2026-07-02T02:20:56+02:00,4210-0115-003__2026-06-29,387,5
2026-07-02T02:20:56+02:00,5102-3604-007__2026-06-29,42,2
2026-07-02T02:20:56+02:00,7202-5301-106__2026-06-29,90,4
2026-07-02T02:20:56+02:00,7202-6103-110__2026-06-29,55,2
2026-07-02T02:20:56+02:00,7202-6105-111__2026-06-29,33,3
2026-07-02T02:20:56+02:00,3622-9910-047__2026-06-29,638,12
2026-07-02T02:20:56+02:00,4210-0113-001__2026-06-29,109,2
2026-07-02T02:20:56+02:00,4415-0104-001__2026-06-29,674,6
2026-07-02T02:20:56+02:00,4602-2001-1005__2026-06-29,37,2
2026-07-02T02:20:56+02:00,5201-0509-002__2026-06-29,718,4
2026-07-02T02:20:56+02:00,7202-5706-106__2026-06-29,0,0
2026-07-02T02:20:56+02:00,7202-5302-105__2026-06-29,71,2
2026-07-02T02:20:56+02:00,6202-2104-1202__2026-06-29,90,4
2026-07-02T02:20:56+02:00,7202-6106-107__2026-06-29,278,1
2026-07-02T02:20:56+02:00,1106-2103-011__2026-06-29,90,5
2026-07-02T02:20:56+02:00,1106-2105-012__2026-06-29,153,6
2026-07-02T02:20:56+02:00,1106-2106-009__2026-06-29,90,6
2026-07-02T02:20:56+02:00,1106-2107-016__2026-06-29,139,5
2026-07-02T02:20:56+02:00,1106-2108-013__2026-06-29,90,6
2026-07-02T02:20:56+02:00,1106-2302-007__2026-06-29,90,4
2026-07-02T02:20:56+02:00,1106-2303-010__2026-06-29,90,6
2026-07-02T02:20:56+02:00,1106-2304-011__2026-06-29,90,6
2026-07-02T02:20:56+02:00,1106-2305-013__2026-06-29,90,6
2026-07-02T02:20:56+02:00,1106-2307-013__2026-06-29,90,5
2026-07-02T02:20:56+02:00,1106-2505-008__2026-06-29,90,5
2026-07-02T02:20:56+02:00,1106-2506-005__2026-06-29,90,5
2026-07-02T02:20:56+02:00,1106-2507-009__2026-06-29,90,6
2026-07-02T02:20:56+02:00,1106-2509-007__2026-06-29,90,4
2026-07-02T02:20:56+02:00,1202-0902-003__2026-06-29,90,5
2026-07-02T02:20:56+02:00,1202-1111-004__2026-06-29,1498,9
2026-07-02T02:20:56+02:00,1202-1105-006__2026-06-29,886,19
2026-07-02T02:20:56+02:00,1407-6603-009__2026-06-29,90,4
2026-07-02T02:20:56+02:00,1407-6604-014__2026-06-29,153,3
2026-07-02T02:20:56+02:00,1407-6605-020__2026-06-29,166,3
2026-07-02T02:20:56+02:00,1407-6606-011__2026-06-29,166,3
2026-07-02T02:20:56+02:00,1407-6608-011__2026-06-29,216,4
2026-07-02T02:20:56+02:00,2118-0404-043__2026-06-29,403,4
2026-07-02T02:20:56+02:00,2118-0405-044__2026-06-29,386,5
2026-07-02T02:20:56+02:00,2118-0407-047__2026-06-29,392,6
2026-07-02T02:20:56+02:00,2118-0405-004__2026-06-29,349,6
2026-07-02T02:20:56+02:00,2118-0408-005__2026-06-29,392,7
2026-07-02T02:20:56+02:00,2118-0408-009__2026-06-29,392,7
2026-07-02T02:20:56+02:00,2118-0405-080__2026-06-29,392,5
2026-07-02T02:20:56+02:00,2118-0406-074__2026-06-29,392,7
2026-07-02T02:20:56+02:00,2204-0506-009__2026-06-29,2583,33
2026-07-02T02:20:56+02:00,2303-0912-002__2026-06-29,1417,17
2026-07-02T02:20:56+02:00,2303-0908-006__2026-06-29,2262,11
2026-07-02T02:20:56+02:00,2405-0503-005__2026-06-29,308,10
2026-07-02T02:20:56+02:00,2405-0504-002__2026-06-29,376,6
2026-07-02T02:20:56+02:00,2405-0505-011__2026-06-29,376,7
2026-07-02T02:20:56+02:00,2405-0506-003__2026-06-29,376,5
2026-07-02T02:20:56+02:00,2405-0507-003__2026-06-29,315,3
2026-07-02T02:20:56+02:00,3213-6704-008__2026-06-29,1498,13
2026-07-02T02:20:56+02:00,3419-3603-009__2026-06-29,1812,4
2026-07-02T02:20:56+02:00,3419-3703-003__2026-06-29,121,6
2026-07-02T02:20:56+02:00,3622-9905-062__2026-06-29,688,20
2026-07-02T02:20:56+02:00,3622-9908-044__2026-06-29,665,18
2026-07-02T02:20:56+02:00,4210-0113-031__2026-06-29,26,4
2026-07-02T02:20:56+02:00,4415-0103-001__2026-06-29,718,2
2026-07-02T02:20:56+02:00,4415-0103-052__2026-06-29,933,8
2026-07-02T02:20:56+02:00,4415-0109-004__2026-06-29,1069,6
2026-07-02T02:20:56+02:00,4703-1506-1507__2026-06-29,392,3
2026-07-02T02:20:56+02:00,4703-1508-1709__2026-06-29,392,3
2026-07-02T02:20:56+02:00,5102-3203-011__2026-06-29,246,5
2026-07-02T02:20:56+02:00,5102-3205-022__2026-06-29,246,7
2026-07-02T02:20:56+02:00,5102-3210-025__2026-06-29,239,9
2026-07-02T02:20:56+02:00,7404-2203-018__2026-06-29,91,10
2026-07-02T02:20:56+02:00,5201-0102-043__2026-06-29,246,7
2026-07-02T02:20:56+02:00,5201-0108-012__2026-06-29,254,7
2026-07-02T02:20:56+02:00,5201-0110-013__2026-06-29,365,8
2026-07-02T02:20:56+02:00,7404-2304-016__2026-06-29,316,4
2026-07-02T02:20:56+02:00,7404-2204-024__2026-06-29,316,9
2026-07-02T02:20:56+02:00,7505-2102-004__2026-06-29,90,10
2026-07-02T02:20:56+02:00,7505-1903-012__2026-06-29,155,6
2026-07-02T02:20:56+02:00,7707-0305-006__2026-06-29,274,5
2026-07-02T02:20:56+02:00,7707-1201-006__2026-06-29,91,8
2026-07-02T02:20:56+02:00,7808-1003-044__2026-06-29,90,15
2026-07-02T02:20:56+02:00,7707-0606-012__2026-06-29,363,6
2026-07-02T07:09:34+02:00,7202-6503-102__2026-06-29,89,4
2026-07-02T07:09:34+02:00,6303-5102-1003__2026-06-29,74,2
2026-07-02T07:09:34+02:00,6303-5103-1106__2026-06-29,300,2
2026-07-02T07:09:34+02:00,6303-5104-1212__2026-06-29,490,3
2026-07-02T07:09:34+02:00,6303-5105-1317__2026-06-29,490,4
2026-07-02T07:09:34+02:00,6303-5102-1006__2026-06-29,1047,4
2026-07-02T07:09:34+02:00,6303-5103-1112__2026-06-29,90,4
2026-07-02T07:09:34+02:00,6303-5104-1204__2026-06-29,90,4
2026-07-02T07:09:34+02:00,6303-5105-1318__2026-06-29,168,2
2026-07-02T07:09:34+02:00,7202-6505-107__2026-06-29,89,1
2026-07-02T07:09:34+02:00,6202-2102-1010__2026-06-29,54,3
2026-07-02T07:09:34+02:00,6202-2103-1112__2026-06-29,54,5
2026-07-02T07:09:34+02:00,7202-4703-106__2026-06-29,91,4
2026-07-02T07:09:34+02:00,7202-5304-102__2026-06-29,90,3
2026-07-02T07:09:34+02:00,7202-6102-104__2026-06-29,89,1
2026-07-02T07:09:34+02:00,4210-0103-037__2026-06-29,19,2
2026-07-02T07:09:34+02:00,4210-0104-014__2026-06-29,387,7
2026-07-02T07:09:34+02:00,4210-0117-008__2026-06-29,387,8
2026-07-02T07:09:34+02:00,4210-0115-003__2026-06-29,387,5
2026-07-02T07:09:34+02:00,5102-3604-007__2026-06-29,42,2
2026-07-02T07:09:34+02:00,7202-5301-106__2026-06-29,90,4
2026-07-02T07:09:34+02:00,7202-6103-110__2026-06-29,90,3
2026-07-02T07:09:34+02:00,7202-6105-111__2026-06-29,33,3
2026-07-02T07:09:34+02:00,3622-9910-047__2026-06-29,638,12
2026-07-02T07:09:34+02:00,4210-0113-001__2026-06-29,109,2
2026-07-02T07:09:34+02:00,4415-0104-001__2026-06-29,674,6
2026-07-02T07:09:34+02:00,4602-2001-1005__2026-06-29,37,2
2026-07-02T07:09:34+02:00,5201-0509-002__2026-06-29,718,4
2026-07-02T07:09:34+02:00,7202-5706-106__2026-06-29,0,0
2026-07-02T07:09:34+02:00,7202-5302-105__2026-06-29,71,2
2026-07-02T07:09:34+02:00,6202-2104-1202__2026-06-29,90,4
2026-07-02T07:09:34+02:00,7202-6106-107__2026-06-29,278,1
2026-07-02T07:09:34+02:00,1106-2103-011__2026-06-29,90,5
2026-07-02T07:09:34+02:00,1106-2105-012__2026-06-29,153,6
2026-07-02T07:09:34+02:00,1106-2106-009__2026-06-29,90,7
2026-07-02T07:09:34+02:00,1106-2107-016__2026-06-29,139,5
2026-07-02T07:09:34+02:00,1106-2108-013__2026-06-29,90,7
2026-07-02T07:09:34+02:00,1106-2302-007__2026-06-29,90,4
2026-07-02T07:09:34+02:00,1106-2303-010__2026-06-29,90,6
2026-07-02T07:09:34+02:00,1106-2304-011__2026-06-29,90,6
2026-07-02T07:09:34+02:00,1106-2305-013__2026-06-29,90,6
2026-07-02T07:09:34+02:00,1106-2307-013__2026-06-29,90,5
2026-07-02T07:09:34+02:00,1106-2505-008__2026-06-29,90,5
2026-07-02T07:09:34+02:00,1106-2506-005__2026-06-29,90,6
2026-07-02T07:09:34+02:00,1106-2507-009__2026-06-29,90,6
2026-07-02T07:09:34+02:00,1106-2509-007__2026-06-29,90,4
2026-07-02T07:09:34+02:00,1202-0902-003__2026-06-29,90,5
2026-07-02T07:09:34+02:00,1202-1111-004__2026-06-29,1498,9
2026-07-02T07:09:34+02:00,1202-1105-006__2026-06-29,886,19
2026-07-02T07:09:34+02:00,1407-6603-009__2026-06-29,90,4
2026-07-02T07:09:34+02:00,1407-6604-014__2026-06-29,153,3
2026-07-02T07:09:34+02:00,1407-6605-020__2026-06-29,166,3
2026-07-02T07:09:34+02:00,1407-6606-011__2026-06-29,166,3
2026-07-02T07:09:34+02:00,1407-6608-011__2026-06-29,216,4
2026-07-02T07:09:34+02:00,2118-0404-043__2026-06-29,403,4
2026-07-02T07:09:34+02:00,2118-0405-044__2026-06-29,386,5
2026-07-02T07:09:34+02:00,2118-0407-047__2026-06-29,392,5
2026-07-02T07:09:34+02:00,2118-0405-004__2026-06-29,381,7
2026-07-02T07:09:34+02:00,2118-0408-005__2026-06-29,392,8
2026-07-02T07:09:34+02:00,2118-0408-009__2026-06-29,392,8
2026-07-02T07:09:34+02:00,2118-0405-080__2026-06-29,392,6
2026-07-02T07:09:34+02:00,2118-0406-074__2026-06-29,392,7
2026-07-02T07:09:34+02:00,2204-0506-009__2026-06-29,2583,34
2026-07-02T07:09:34+02:00,2303-0912-002__2026-06-29,1417,17
2026-07-02T07:09:34+02:00,2303-0908-006__2026-06-29,2262,12
2026-07-02T07:09:34+02:00,2405-0503-005__2026-06-29,308,10
2026-07-02T07:09:34+02:00,2405-0504-002__2026-06-29,376,6
2026-07-02T07:09:34+02:00,2405-0505-011__2026-06-29,376,7
2026-07-02T07:09:34+02:00,2405-0506-003__2026-06-29,376,5
2026-07-02T07:09:34+02:00,2405-0507-003__2026-06-29,315,4
2026-07-02T07:09:34+02:00,3213-6704-008__2026-06-29,1498,13
2026-07-02T07:09:34+02:00,3419-3603-009__2026-06-29,1812,4
2026-07-02T07:09:34+02:00,3419-3703-003__2026-06-29,121,6
2026-07-02T07:09:34+02:00,3622-9905-062__2026-06-29,688,21
2026-07-02T07:09:34+02:00,3622-9908-044__2026-06-29,665,19
2026-07-02T07:09:34+02:00,4210-0113-031__2026-06-29,26,4
2026-07-02T07:09:34+02:00,4415-0103-001__2026-06-29,718,2
2026-07-02T07:09:34+02:00,4415-0103-052__2026-06-29,933,9
2026-07-02T07:09:34+02:00,4415-0109-004__2026-06-29,1069,6
2026-07-02T07:09:34+02:00,4703-1506-1507__2026-06-29,392,4
2026-07-02T07:09:34+02:00,4703-1508-1709__2026-06-29,392,3
2026-07-02T07:09:34+02:00,5102-3203-011__2026-06-29,246,6
2026-07-02T07:09:34+02:00,5102-3205-022__2026-06-29,246,8
2026-07-02T07:09:34+02:00,5102-3210-025__2026-06-29,252,9
2026-07-02T07:09:34+02:00,7404-2203-018__2026-06-29,91,10
2026-07-02T07:09:34+02:00,5201-0102-043__2026-06-29,246,7
2026-07-02T07:09:34+02:00,5201-0108-012__2026-06-29,254,6
2026-07-02T07:09:34+02:00,5201-0110-013__2026-06-29,365,8
2026-07-02T07:09:34+02:00,7404-2304-016__2026-06-29,316,4
2026-07-02T07:09:34+02:00,7404-2204-024__2026-06-29,316,9
2026-07-02T07:09:34+02:00,7505-2102-004__2026-06-29,90,10
2026-07-02T07:09:34+02:00,7505-1903-012__2026-06-29,155,6
2026-07-02T07:09:34+02:00,7707-0305-006__2026-06-29,274,5
2026-07-02T07:09:34+02:00,7707-1201-006__2026-06-29,91,8
2026-07-02T07:09:34+02:00,7808-1003-044__2026-06-29,90,14
2026-07-02T07:09:34+02:00,7707-0606-012__2026-06-29,363,6
2026-07-02T10:26:26+02:00,4703-1500-0907__2026-07-02,0,0
2026-07-02T10:26:26+02:00,6303-5102-1008__2026-07-02,0,0
2026-07-02T10:26:26+02:00,6303-5103-1108__2026-07-02,0,0
2026-07-02T10:26:26+02:00,6303-5104-1207__2026-07-02,0,0
2026-07-02T10:26:26+02:00,6303-5105-1322__2026-07-02,0,0
2026-07-02T10:26:26+02:00,6303-5102-1011__2026-07-02,0,0
2026-07-02T10:26:26+02:00,6303-5103-1113__2026-07-02,0,0
2026-07-02T10:26:26+02:00,6303-5104-1208__2026-07-02,0,0
2026-07-02T10:26:26+02:00,6303-5104-1221__2026-07-02,0,0
2026-07-02T10:26:26+02:00,6303-5102-1014__2026-07-02,0,0
2026-07-02T10:26:26+02:00,6303-5103-1115__2026-07-02,0,0
2026-07-02T10:26:26+02:00,6202-2103-1102__2026-07-02,0,0
2026-07-02T10:26:26+02:00,4210-0103-036__2026-07-02,0,0
2026-07-02T10:26:26+02:00,4703-1501-1003__2026-07-02,0,0
2026-07-02T10:26:26+02:00,6202-1102-1024__2026-07-02,0,0
2026-07-02T10:26:26+02:00,7202-5308-104__2026-07-02,0,0
2026-07-02T10:26:26+02:00,7202-6103-106__2026-07-02,0,0
2026-07-02T10:26:26+02:00,7202-6105-105__2026-07-02,0,0
2026-07-02T10:26:26+02:00,7202-6505-103__2026-07-02,0,0
2026-07-02T10:26:26+02:00,3622-9910-032__2026-07-02,0,0
2026-07-02T10:26:26+02:00,4703-1500-0905__2026-07-02,0,0
2026-07-02T10:26:26+02:00,6202-2102-1019__2026-07-02,0,0
2026-07-02T10:26:26+02:00,1106-2103-015__2026-07-02,90,1
2026-07-02T10:26:26+02:00,1106-2108-018__2026-07-02,90,1
2026-07-02T10:26:26+02:00,1106-2106-003__2026-07-02,711,3
2026-07-02T10:26:26+02:00,1106-2109-008__2026-07-02,65,1
2026-07-02T10:26:26+02:00,1106-2302-013__2026-07-02,0,0
2026-07-02T10:26:26+02:00,1106-2304-019__2026-07-02,65,1
2026-07-02T10:26:26+02:00,1106-2305-003__2026-07-02,0,0
2026-07-02T10:26:26+02:00,1106-2505-005__2026-07-02,0,0
2026-07-02T10:26:26+02:00,1106-2506-007__2026-07-02,65,1
2026-07-02T10:26:26+02:00,1106-2508-013__2026-07-02,90,1
2026-07-02T10:26:26+02:00,1202-0902-006__2026-07-02,0,0
2026-07-02T10:26:26+02:00,1202-0910-005__2026-07-02,711,3
2026-07-02T10:26:26+02:00,1407-6603-015__2026-07-02,0,0
2026-07-02T10:26:26+02:00,1407-6605-007__2026-07-02,0,0
2026-07-02T10:26:26+02:00,2118-0403-070__2026-07-02,0,0
2026-07-02T10:26:26+02:00,2118-0405-013__2026-07-02,329,2
2026-07-02T10:26:26+02:00,2118-0406-041__2026-07-02,329,2
2026-07-02T10:26:26+02:00,2118-0407-052__2026-07-02,240,2
2026-07-02T10:26:26+02:00,2303-0919-001__2026-07-02,1,1
2026-07-02T10:26:26+02:00,2405-0503-006__2026-07-02,0,0
2026-07-02T10:26:26+02:00,2405-0507-015__2026-07-02,90,1
2026-07-02T10:26:26+02:00,3622-9206-205__2026-07-02,221,2
2026-07-02T10:26:26+02:00,3622-9905-049__2026-07-02,373,3
2026-07-02T10:26:26+02:00,4210-0103-040__2026-07-02,0,0
2026-07-02T10:26:26+02:00,4210-0114-012__2026-07-02,0,0
2026-07-02T10:26:26+02:00,4210-0114-023__2026-07-02,0,0
2026-07-02T10:26:26+02:00,4804-1001-1004__2026-07-02,2,2
2026-07-02T10:26:26+02:00,4415-0103-040__2026-07-02,0,0
2026-07-02T10:26:26+02:00,4415-0103-053__2026-07-02,0,0
2026-07-02T10:26:26+02:00,5102-3204-002__2026-07-02,1498,3
2026-07-02T10:26:26+02:00,5102-3202-016__2026-07-02,0,0
2026-07-02T10:26:26+02:00,5102-3204-023__2026-07-02,0,0
2026-07-02T10:26:26+02:00,5102-3209-022__2026-07-02,90,1
2026-07-02T10:26:26+02:00,5102-3506-013__2026-07-02,221,1
2026-07-02T10:26:26+02:00,5102-3511-004__2026-07-02,0,1
2026-07-02T10:26:26+02:00,5102-3603-002__2026-07-02,0,0
2026-07-02T10:26:26+02:00,5201-0102-018__2026-07-02,90,1
2026-07-02T10:26:26+02:00,5201-0105-021__2026-07-02,377,2
2026-07-02T10:26:26+02:00,5201-0102-049__2026-07-02,90,1
2026-07-02T10:26:26+02:00,5201-0109-039__2026-07-02,90,1
2026-07-02T10:26:26+02:00,5201-0503-016__2026-07-02,320,2
2026-07-02T10:26:26+02:00,7808-1003-018__2026-07-02,90,2
2026-07-02T10:26:26+02:00,7808-1005-020__2026-07-02,90,3
2026-07-02T10:26:26+02:00,7404-2404-003__2026-07-02,90,3
2026-07-02T10:26:26+02:00,7505-1903-009__2026-07-02,90,1
2026-07-02T10:26:26+02:00,7404-2203-021__2026-07-02,90,2
2026-07-02T10:26:26+02:00,7505-0805-010__2026-07-02,90,2
2026-07-02T10:26:26+02:00,7505-0906-012__2026-07-02,90,2
2026-07-02T13:43:26+02:00,4703-1500-0907__2026-07-02,0,0
2026-07-02T13:43:26+02:00,6303-5102-1008__2026-07-02,0,0
2026-07-02T13:43:26+02:00,6303-5103-1108__2026-07-02,0,0
2026-07-02T13:43:26+02:00,6303-5104-1207__2026-07-02,0,0
2026-07-02T13:43:26+02:00,6303-5105-1322__2026-07-02,0,0
2026-07-02T13:43:26+02:00,6303-5102-1011__2026-07-02,0,0
2026-07-02T13:43:26+02:00,6303-5103-1113__2026-07-02,0,0
2026-07-02T13:43:26+02:00,6303-5104-1208__2026-07-02,0,0
2026-07-02T13:43:26+02:00,6303-5104-1221__2026-07-02,0,0
2026-07-02T13:43:26+02:00,6303-5102-1014__2026-07-02,4,1
2026-07-02T13:43:26+02:00,6303-5103-1115__2026-07-02,0,0
2026-07-02T13:43:26+02:00,6202-2103-1102__2026-07-02,0,0
2026-07-02T13:43:26+02:00,4210-0103-036__2026-07-02,0,0
2026-07-02T13:43:26+02:00,4703-1501-1003__2026-07-02,0,0
2026-07-02T13:43:26+02:00,6202-1102-1024__2026-07-02,4,1
2026-07-02T13:43:26+02:00,7202-5308-104__2026-07-02,88,1
2026-07-02T13:43:26+02:00,7202-6103-106__2026-07-02,0,0
2026-07-02T13:43:26+02:00,7202-6105-105__2026-07-02,88,1
2026-07-02T13:43:26+02:00,7202-6505-103__2026-07-02,88,1
2026-07-02T13:43:26+02:00,3622-9910-032__2026-07-02,320,1
2026-07-02T13:43:26+02:00,4703-1500-0905__2026-07-02,0,0
2026-07-02T13:43:26+02:00,6202-2102-1019__2026-07-02,0,0
2026-07-02T13:43:26+02:00,1106-2103-015__2026-07-02,90,2
2026-07-02T13:43:26+02:00,1106-2108-018__2026-07-02,142,2
2026-07-02T13:43:26+02:00,1106-2106-003__2026-07-02,711,4
2026-07-02T13:43:26+02:00,1106-2109-008__2026-07-02,89,2
2026-07-02T13:43:26+02:00,1106-2302-013__2026-07-02,89,3
2026-07-02T13:43:26+02:00,1106-2304-019__2026-07-02,89,3
2026-07-02T13:43:26+02:00,1106-2305-003__2026-07-02,711,3
2026-07-02T13:43:26+02:00,1106-2505-005__2026-07-02,90,3
2026-07-02T13:43:26+02:00,1106-2506-007__2026-07-02,89,4
2026-07-02T13:43:26+02:00,1106-2508-013__2026-07-02,90,1
2026-07-02T13:43:26+02:00,1202-0902-006__2026-07-02,0,0
2026-07-02T13:43:26+02:00,1202-0910-005__2026-07-02,752,7
2026-07-02T13:43:26+02:00,1407-6603-015__2026-07-02,79,1
2026-07-02T13:43:26+02:00,1407-6605-007__2026-07-02,89,3
2026-07-02T13:43:26+02:00,2118-0403-070__2026-07-02,300,2
2026-07-02T13:43:26+02:00,2118-0405-013__2026-07-02,373,5
2026-07-02T13:43:26+02:00,2118-0406-041__2026-07-02,373,5
2026-07-02T13:43:26+02:00,2118-0407-052__2026-07-02,373,5
2026-07-02T13:43:26+02:00,2303-0919-001__2026-07-02,1586,8
2026-07-02T13:43:26+02:00,2405-0503-006__2026-07-02,90,4
2026-07-02T13:43:26+02:00,2405-0507-015__2026-07-02,90,2
2026-07-02T13:43:26+02:00,3622-9206-205__2026-07-02,468,4
2026-07-02T13:43:26+02:00,3622-9905-049__2026-07-02,393,4
2026-07-02T13:43:26+02:00,4210-0103-040__2026-07-02,70,2
2026-07-02T13:43:26+02:00,4210-0114-012__2026-07-02,70,2
2026-07-02T13:43:26+02:00,4210-0114-023__2026-07-02,16,1
2026-07-02T13:43:26+02:00,4804-1001-1004__2026-07-02,90,2
2026-07-02T13:43:26+02:00,4415-0103-040__2026-07-02,468,2
2026-07-02T13:43:26+02:00,4415-0103-053__2026-07-02,468,3
2026-07-02T13:43:26+02:00,5102-3204-002__2026-07-02,1498,5
2026-07-02T13:43:26+02:00,5102-3202-016__2026-07-02,89,1
2026-07-02T13:43:26+02:00,5102-3204-023__2026-07-02,90,2
2026-07-02T13:43:26+02:00,5102-3209-022__2026-07-02,405,5
2026-07-02T13:43:26+02:00,5102-3506-013__2026-07-02,274,2
2026-07-02T13:43:26+02:00,5102-3511-004__2026-07-02,316,1
2026-07-02T13:43:26+02:00,5102-3603-002__2026-07-02,85,1
2026-07-02T13:43:26+02:00,5201-0102-018__2026-07-02,239,3
2026-07-02T13:43:26+02:00,5201-0105-021__2026-07-02,377,2
2026-07-02T13:43:26+02:00,5201-0102-049__2026-07-02,239,4
2026-07-02T13:43:26+02:00,5201-0109-039__2026-07-02,167,4
2026-07-02T13:43:26+02:00,5201-0503-016__2026-07-02,320,2
2026-07-02T13:43:26+02:00,7808-1003-018__2026-07-02,90,5
2026-07-02T13:43:26+02:00,7808-1005-020__2026-07-02,142,7
2026-07-02T13:43:26+02:00,7404-2404-003__2026-07-02,90,5
2026-07-02T13:43:26+02:00,7505-1903-009__2026-07-02,90,4
2026-07-02T13:43:26+02:00,7404-2203-021__2026-07-02,90,4
2026-07-02T13:43:26+02:00,7505-0805-010__2026-07-02,90,5
2026-07-02T13:43:26+02:00,7505-0906-012__2026-07-02,90,5
2026-07-02T16:28:50+02:00,4703-1500-0907__2026-07-02,0,0
2026-07-02T16:28:50+02:00,6303-5102-1008__2026-07-02,0,0
2026-07-02T16:28:50+02:00,6303-5103-1108__2026-07-02,0,0
2026-07-02T16:28:50+02:00,6303-5104-1207__2026-07-02,0,0
2026-07-02T16:28:50+02:00,6303-5105-1322__2026-07-02,0,0
2026-07-02T16:28:50+02:00,6303-5102-1011__2026-07-02,0,0
2026-07-02T16:28:50+02:00,6303-5103-1113__2026-07-02,0,0
2026-07-02T16:28:50+02:00,6303-5104-1208__2026-07-02,0,0
2026-07-02T16:28:50+02:00,6303-5104-1221__2026-07-02,0,0
2026-07-02T16:28:50+02:00,6303-5102-1014__2026-07-02,4,1
2026-07-02T16:28:50+02:00,6303-5103-1115__2026-07-02,0,0
2026-07-02T16:28:50+02:00,6202-2103-1102__2026-07-02,0,0
2026-07-02T16:28:50+02:00,4210-0103-036__2026-07-02,0,0
2026-07-02T16:28:50+02:00,4703-1501-1003__2026-07-02,0,0
2026-07-02T16:28:50+02:00,6202-1102-1024__2026-07-02,25,3
2026-07-02T16:28:50+02:00,7202-5308-104__2026-07-02,90,2
2026-07-02T16:28:50+02:00,7202-6103-106__2026-07-02,0,0
2026-07-02T16:28:50+02:00,7202-6105-105__2026-07-02,90,2
2026-07-02T16:28:50+02:00,7202-6505-103__2026-07-02,88,1
2026-07-02T16:28:50+02:00,3622-9910-032__2026-07-02,320,1
2026-07-02T16:28:50+02:00,4703-1500-0905__2026-07-02,0,0
2026-07-02T16:28:50+02:00,6202-2102-1019__2026-07-02,0,0
2026-07-02T16:28:50+02:00,1106-2103-015__2026-07-02,90,3
2026-07-02T16:28:50+02:00,1106-2108-018__2026-07-02,142,2
2026-07-02T16:28:50+02:00,1106-2106-003__2026-07-02,711,5
2026-07-02T16:28:50+02:00,1106-2109-008__2026-07-02,89,3
2026-07-02T16:28:50+02:00,1106-2302-013__2026-07-02,90,4
2026-07-02T16:28:50+02:00,1106-2304-019__2026-07-02,89,3
2026-07-02T16:28:50+02:00,1106-2305-003__2026-07-02,711,5
2026-07-02T16:28:50+02:00,1106-2505-005__2026-07-02,90,3
2026-07-02T16:28:50+02:00,1106-2506-007__2026-07-02,89,4
2026-07-02T16:28:50+02:00,1106-2508-013__2026-07-02,90,2
2026-07-02T16:28:50+02:00,1202-0902-006__2026-07-02,0,0
2026-07-02T16:28:50+02:00,1202-0910-005__2026-07-02,752,9
2026-07-02T16:28:50+02:00,1407-6603-015__2026-07-02,79,1
2026-07-02T16:28:50+02:00,1407-6605-007__2026-07-02,89,3
2026-07-02T16:28:50+02:00,2118-0403-070__2026-07-02,300,2
2026-07-02T16:28:50+02:00,2118-0405-013__2026-07-02,373,5
2026-07-02T16:28:50+02:00,2118-0406-041__2026-07-02,373,6
2026-07-02T16:28:50+02:00,2118-0407-052__2026-07-02,373,6
2026-07-02T16:28:50+02:00,2303-0919-001__2026-07-02,1586,9
2026-07-02T16:28:50+02:00,2405-0503-006__2026-07-02,318,5
2026-07-02T16:28:50+02:00,2405-0507-015__2026-07-02,90,2
2026-07-02T16:28:50+02:00,3622-9206-205__2026-07-02,468,4
2026-07-02T16:28:50+02:00,3622-9905-049__2026-07-02,639,5
2026-07-02T16:28:50+02:00,4210-0103-040__2026-07-02,70,2
2026-07-02T16:28:50+02:00,4210-0114-012__2026-07-02,70,2
2026-07-02T16:28:50+02:00,4210-0114-023__2026-07-02,16,1
2026-07-02T16:28:50+02:00,4804-1001-1004__2026-07-02,90,2
2026-07-02T16:28:50+02:00,4415-0103-040__2026-07-02,759,5
2026-07-02T16:28:50+02:00,4415-0103-053__2026-07-02,759,6
2026-07-02T16:28:50+02:00,5102-3204-002__2026-07-02,1498,6
2026-07-02T16:28:50+02:00,5102-3202-016__2026-07-02,90,2
2026-07-02T16:28:50+02:00,5102-3204-023__2026-07-02,90,3
2026-07-02T16:28:50+02:00,5102-3209-022__2026-07-02,405,5
2026-07-02T16:28:50+02:00,5102-3506-013__2026-07-02,274,2
2026-07-02T16:28:50+02:00,5102-3511-004__2026-07-02,316,1
2026-07-02T16:28:50+02:00,5102-3603-002__2026-07-02,85,1
2026-07-02T16:28:50+02:00,5201-0102-018__2026-07-02,239,3
2026-07-02T16:28:50+02:00,5201-0105-021__2026-07-02,377,3
2026-07-02T16:28:50+02:00,5201-0102-049__2026-07-02,239,4
2026-07-02T16:28:50+02:00,5201-0109-039__2026-07-02,265,5
2026-07-02T16:28:50+02:00,5201-0503-016__2026-07-02,320,3
2026-07-02T16:28:50+02:00,7808-1003-018__2026-07-02,294,6
2026-07-02T16:28:50+02:00,7808-1005-020__2026-07-02,294,8
2026-07-02T16:28:50+02:00,7404-2404-003__2026-07-02,90,6
2026-07-02T16:28:50+02:00,7505-1903-009__2026-07-02,90,5
2026-07-02T16:28:50+02:00,7404-2203-021__2026-07-02,90,6
2026-07-02T16:28:50+02:00,7505-0805-010__2026-07-02,90,7
2026-07-02T16:28:50+02:00,7505-0906-012__2026-07-02,90,6
2026-07-02T19:01:55+02:00,4703-1500-0907__2026-07-02,0,0
2026-07-02T19:01:55+02:00,6303-5102-1008__2026-07-02,61,1
2026-07-02T19:01:55+02:00,6303-5103-1108__2026-07-02,61,1
2026-07-02T19:01:55+02:00,6303-5104-1207__2026-07-02,0,0
2026-07-02T19:01:55+02:00,6303-5105-1322__2026-07-02,0,0
2026-07-02T19:01:55+02:00,6303-5102-1011__2026-07-02,0,0
2026-07-02T19:01:55+02:00,6303-5103-1113__2026-07-02,0,0
2026-07-02T19:01:55+02:00,6303-5104-1208__2026-07-02,0,0
2026-07-02T19:01:55+02:00,6303-5104-1221__2026-07-02,0,0
2026-07-02T19:01:55+02:00,6303-5102-1014__2026-07-02,4,1
2026-07-02T19:01:55+02:00,6303-5103-1115__2026-07-02,0,0
2026-07-02T19:01:55+02:00,6202-2103-1102__2026-07-02,0,0
2026-07-02T19:01:55+02:00,4210-0103-036__2026-07-02,0,0
2026-07-02T19:01:55+02:00,4703-1501-1003__2026-07-02,0,0
2026-07-02T19:01:55+02:00,6202-1102-1024__2026-07-02,63,4
2026-07-02T19:01:55+02:00,7202-5308-104__2026-07-02,90,2
2026-07-02T19:01:55+02:00,7202-6103-106__2026-07-02,0,0
2026-07-02T19:01:55+02:00,7202-6105-105__2026-07-02,90,2
2026-07-02T19:01:55+02:00,7202-6505-103__2026-07-02,88,1
2026-07-02T19:01:55+02:00,3622-9910-032__2026-07-02,320,1
2026-07-02T19:01:55+02:00,4703-1500-0905__2026-07-02,0,0
2026-07-02T19:01:55+02:00,6202-2102-1019__2026-07-02,0,0
2026-07-02T19:01:55+02:00,1106-2103-015__2026-07-02,90,3
2026-07-02T19:01:55+02:00,1106-2108-018__2026-07-02,142,1
2026-07-02T19:01:55+02:00,1106-2106-003__2026-07-02,711,5
2026-07-02T19:01:55+02:00,1106-2109-008__2026-07-02,90,4
2026-07-02T19:01:55+02:00,1106-2302-013__2026-07-02,90,4
2026-07-02T19:01:55+02:00,1106-2304-019__2026-07-02,90,4
2026-07-02T19:01:55+02:00,1106-2305-003__2026-07-02,711,5
2026-07-02T19:01:55+02:00,1106-2505-005__2026-07-02,90,3
2026-07-02T19:01:55+02:00,1106-2506-007__2026-07-02,90,6
2026-07-02T19:01:55+02:00,1106-2508-013__2026-07-02,90,2
2026-07-02T19:01:55+02:00,1202-0902-006__2026-07-02,83,2
2026-07-02T19:01:55+02:00,1202-0910-005__2026-07-02,1417,10
2026-07-02T19:01:55+02:00,1407-6603-015__2026-07-02,90,3
2026-07-02T19:01:55+02:00,1407-6605-007__2026-07-02,89,4
2026-07-02T19:01:55+02:00,2118-0403-070__2026-07-02,300,2
2026-07-02T19:01:55+02:00,2118-0405-013__2026-07-02,373,6
2026-07-02T19:01:55+02:00,2118-0406-041__2026-07-02,373,7
2026-07-02T19:01:55+02:00,2118-0407-052__2026-07-02,373,6
2026-07-02T19:01:55+02:00,2303-0919-001__2026-07-02,1586,8
2026-07-02T19:01:55+02:00,2405-0503-006__2026-07-02,318,5
2026-07-02T19:01:55+02:00,2405-0507-015__2026-07-02,90,3
2026-07-02T19:01:55+02:00,3622-9206-205__2026-07-02,468,4
2026-07-02T19:01:55+02:00,3622-9905-049__2026-07-02,639,6
2026-07-02T19:01:55+02:00,4210-0103-040__2026-07-02,70,2
2026-07-02T19:01:55+02:00,4210-0114-012__2026-07-02,70,2
2026-07-02T19:01:55+02:00,4210-0114-023__2026-07-02,64,2
2026-07-02T19:01:55+02:00,4804-1001-1004__2026-07-02,339,2
2026-07-02T19:01:55+02:00,4415-0103-040__2026-07-02,759,5
2026-07-02T19:01:55+02:00,4415-0103-053__2026-07-02,759,6
2026-07-02T19:01:55+02:00,5102-3204-002__2026-07-02,1498,7
2026-07-02T19:01:55+02:00,5102-3202-016__2026-07-02,90,2
2026-07-02T19:01:55+02:00,5102-3204-023__2026-07-02,167,4
2026-07-02T19:01:55+02:00,5102-3209-022__2026-07-02,405,5
2026-07-02T19:01:55+02:00,5102-3506-013__2026-07-02,295,3
2026-07-02T19:01:55+02:00,5102-3511-004__2026-07-02,316,1
2026-07-02T19:01:55+02:00,5102-3603-002__2026-07-02,295,3
2026-07-02T19:01:55+02:00,5201-0102-018__2026-07-02,239,3
2026-07-02T19:01:55+02:00,5201-0105-021__2026-07-02,377,3
2026-07-02T19:01:55+02:00,5201-0102-049__2026-07-02,239,4
2026-07-02T19:01:55+02:00,5201-0109-039__2026-07-02,265,3
2026-07-02T19:01:55+02:00,5201-0503-016__2026-07-02,320,3
2026-07-02T19:01:55+02:00,7808-1003-018__2026-07-02,294,6
2026-07-02T19:01:55+02:00,7808-1005-020__2026-07-02,294,8
2026-07-02T19:01:55+02:00,7404-2404-003__2026-07-02,90,7
2026-07-02T19:01:55+02:00,7505-1903-009__2026-07-02,90,7
2026-07-02T19:01:55+02:00,7404-2203-021__2026-07-02,90,8
2026-07-02T19:01:55+02:00,7505-0805-010__2026-07-02,90,8
2026-07-02T19:01:55+02:00,7505-0906-012__2026-07-02,90,7
2026-07-02T20:48:15+02:00,4703-1500-0907__2026-07-02,0,0
2026-07-02T20:48:15+02:00,6303-5102-1008__2026-07-02,61,1
2026-07-02T20:48:15+02:00,6303-5103-1108__2026-07-02,61,1
2026-07-02T20:48:15+02:00,6303-5104-1207__2026-07-02,0,0
2026-07-02T20:48:15+02:00,6303-5105-1322__2026-07-02,0,0
2026-07-02T20:48:15+02:00,6303-5102-1011__2026-07-02,0,0
2026-07-02T20:48:15+02:00,6303-5103-1113__2026-07-02,0,0
2026-07-02T20:48:15+02:00,6303-5104-1208__2026-07-02,0,0
2026-07-02T20:48:15+02:00,6303-5104-1221__2026-07-02,0,0
2026-07-02T20:48:15+02:00,6303-5102-1014__2026-07-02,4,1
2026-07-02T20:48:15+02:00,6303-5103-1115__2026-07-02,0,0
2026-07-02T20:48:15+02:00,6202-2103-1102__2026-07-02,0,0
2026-07-02T20:48:15+02:00,4210-0103-036__2026-07-02,0,0
2026-07-02T20:48:15+02:00,4703-1501-1003__2026-07-02,0,0
2026-07-02T20:48:15+02:00,6202-1102-1024__2026-07-02,63,4
2026-07-02T20:48:15+02:00,7202-5308-104__2026-07-02,90,2
2026-07-02T20:48:15+02:00,7202-6103-106__2026-07-02,0,0
2026-07-02T20:48:15+02:00,7202-6105-105__2026-07-02,90,2
2026-07-02T20:48:15+02:00,7202-6505-103__2026-07-02,88,1
2026-07-02T20:48:15+02:00,3622-9910-032__2026-07-02,320,1
2026-07-02T20:48:15+02:00,4703-1500-0905__2026-07-02,0,0
2026-07-02T20:48:15+02:00,6202-2102-1019__2026-07-02,0,0
2026-07-02T20:48:15+02:00,1106-2103-015__2026-07-02,90,4
2026-07-02T20:48:15+02:00,1106-2108-018__2026-07-02,142,1
2026-07-02T20:48:15+02:00,1106-2106-003__2026-07-02,711,5
2026-07-02T20:48:15+02:00,1106-2109-008__2026-07-02,90,4
2026-07-02T20:48:15+02:00,1106-2302-013__2026-07-02,90,4
2026-07-02T20:48:15+02:00,1106-2304-019__2026-07-02,90,4
2026-07-02T20:48:15+02:00,1106-2305-003__2026-07-02,711,5
2026-07-02T20:48:15+02:00,1106-2505-005__2026-07-02,90,3
2026-07-02T20:48:15+02:00,1106-2506-007__2026-07-02,90,6
2026-07-02T20:48:15+02:00,1106-2508-013__2026-07-02,90,3
2026-07-02T20:48:15+02:00,1202-0902-006__2026-07-02,83,3
2026-07-02T20:48:15+02:00,1202-0910-005__2026-07-02,1417,10
2026-07-02T20:48:15+02:00,1407-6603-015__2026-07-02,90,3
2026-07-02T20:48:15+02:00,1407-6605-007__2026-07-02,89,4
2026-07-02T20:48:15+02:00,2118-0403-070__2026-07-02,300,3
2026-07-02T20:48:15+02:00,2118-0405-013__2026-07-02,373,6
2026-07-02T20:48:15+02:00,2118-0406-041__2026-07-02,373,7
2026-07-02T20:48:15+02:00,2118-0407-052__2026-07-02,373,6
2026-07-02T20:48:15+02:00,2303-0919-001__2026-07-02,1586,8
2026-07-02T20:48:15+02:00,2405-0503-006__2026-07-02,318,5
2026-07-02T20:48:15+02:00,2405-0507-015__2026-07-02,90,3
2026-07-02T20:48:15+02:00,3622-9206-205__2026-07-02,468,5
2026-07-02T20:48:15+02:00,3622-9905-049__2026-07-02,639,7
2026-07-02T20:48:15+02:00,4210-0103-040__2026-07-02,70,2
2026-07-02T20:48:15+02:00,4210-0114-012__2026-07-02,70,2
2026-07-02T20:48:15+02:00,4210-0114-023__2026-07-02,64,2
2026-07-02T20:48:15+02:00,4804-1001-1004__2026-07-02,339,2
2026-07-02T20:48:15+02:00,4415-0103-040__2026-07-02,759,5
2026-07-02T20:48:15+02:00,4415-0103-053__2026-07-02,759,6
2026-07-02T20:48:15+02:00,5102-3204-002__2026-07-02,1498,8
2026-07-02T20:48:15+02:00,5102-3202-016__2026-07-02,90,2
2026-07-02T20:48:15+02:00,5102-3204-023__2026-07-02,167,4
2026-07-02T20:48:15+02:00,5102-3209-022__2026-07-02,405,5
2026-07-02T20:48:15+02:00,5102-3506-013__2026-07-02,295,3
2026-07-02T20:48:15+02:00,5102-3511-004__2026-07-02,316,2
2026-07-02T20:48:15+02:00,5102-3603-002__2026-07-02,295,3
2026-07-02T20:48:15+02:00,5201-0102-018__2026-07-02,239,3
2026-07-02T20:48:15+02:00,5201-0105-021__2026-07-02,377,3
2026-07-02T20:48:15+02:00,5201-0102-049__2026-07-02,239,4
2026-07-02T20:48:15+02:00,5201-0109-039__2026-07-02,265,3
2026-07-02T20:48:15+02:00,5201-0503-016__2026-07-02,320,3
2026-07-02T20:48:15+02:00,7808-1003-018__2026-07-02,294,6
2026-07-02T20:48:15+02:00,7808-1005-020__2026-07-02,294,8
2026-07-02T20:48:15+02:00,7404-2404-003__2026-07-02,90,7
2026-07-02T20:48:15+02:00,7505-1903-009__2026-07-02,90,8
2026-07-02T20:48:15+02:00,7404-2203-021__2026-07-02,90,8
2026-07-02T20:48:15+02:00,7505-0805-010__2026-07-02,90,9
2026-07-02T20:48:15+02:00,7505-0906-012__2026-07-02,90,7
2026-07-02T22:37:40+02:00,4703-1500-0907__2026-07-02,0,0
2026-07-02T22:37:40+02:00,6303-5102-1008__2026-07-02,61,1
2026-07-02T22:37:40+02:00,6303-5103-1108__2026-07-02,61,1
2026-07-02T22:37:40+02:00,6303-5104-1207__2026-07-02,0,0
2026-07-02T22:37:40+02:00,6303-5105-1322__2026-07-02,0,0
2026-07-02T22:37:40+02:00,6303-5102-1011__2026-07-02,0,0
2026-07-02T22:37:40+02:00,6303-5103-1113__2026-07-02,0,0
2026-07-02T22:37:40+02:00,6303-5104-1208__2026-07-02,0,0
2026-07-02T22:37:40+02:00,6303-5104-1221__2026-07-02,0,0
2026-07-02T22:37:40+02:00,6303-5102-1014__2026-07-02,4,1
2026-07-02T22:37:40+02:00,6303-5103-1115__2026-07-02,0,0
2026-07-02T22:37:40+02:00,6202-2103-1102__2026-07-02,0,0
2026-07-02T22:37:40+02:00,4210-0103-036__2026-07-02,0,0
2026-07-02T22:37:40+02:00,4703-1501-1003__2026-07-02,0,0
2026-07-02T22:37:40+02:00,6202-1102-1024__2026-07-02,63,4
2026-07-02T22:37:40+02:00,7202-5308-104__2026-07-02,90,2
2026-07-02T22:37:40+02:00,7202-6103-106__2026-07-02,0,0
2026-07-02T22:37:40+02:00,7202-6105-105__2026-07-02,90,3
2026-07-02T22:37:40+02:00,7202-6505-103__2026-07-02,88,1
2026-07-02T22:37:40+02:00,3622-9910-032__2026-07-02,320,1
2026-07-02T22:37:40+02:00,4703-1500-0905__2026-07-02,0,0
2026-07-02T22:37:40+02:00,6202-2102-1019__2026-07-02,0,0
2026-07-02T22:37:40+02:00,1106-2103-015__2026-07-02,90,4
2026-07-02T22:37:40+02:00,1106-2108-018__2026-07-02,142,1
2026-07-02T22:37:40+02:00,1106-2106-003__2026-07-02,711,5
2026-07-02T22:37:40+02:00,1106-2109-008__2026-07-02,90,4
2026-07-02T22:37:40+02:00,1106-2302-013__2026-07-02,90,4
2026-07-02T22:37:40+02:00,1106-2304-019__2026-07-02,90,4
2026-07-02T22:37:40+02:00,1106-2305-003__2026-07-02,711,5
2026-07-02T22:37:40+02:00,1106-2505-005__2026-07-02,90,3
2026-07-02T22:37:40+02:00,1106-2506-007__2026-07-02,90,6
2026-07-02T22:37:40+02:00,1106-2508-013__2026-07-02,90,3
2026-07-02T22:37:40+02:00,1202-0902-006__2026-07-02,84,3
2026-07-02T22:37:40+02:00,1202-0910-005__2026-07-02,1417,10
2026-07-02T22:37:40+02:00,1407-6603-015__2026-07-02,90,3
2026-07-02T22:37:40+02:00,1407-6605-007__2026-07-02,89,4
2026-07-02T22:37:40+02:00,2118-0403-070__2026-07-02,300,3
2026-07-02T22:37:40+02:00,2118-0405-013__2026-07-02,373,6
2026-07-02T22:37:40+02:00,2118-0406-041__2026-07-02,373,7
2026-07-02T22:37:40+02:00,2118-0407-052__2026-07-02,373,6
2026-07-02T22:37:40+02:00,2303-0919-001__2026-07-02,1586,8
2026-07-02T22:37:40+02:00,2405-0503-006__2026-07-02,318,5
2026-07-02T22:37:40+02:00,2405-0507-015__2026-07-02,90,3
2026-07-02T22:37:40+02:00,3622-9206-205__2026-07-02,468,6
2026-07-02T22:37:40+02:00,3622-9905-049__2026-07-02,639,7
2026-07-02T22:37:40+02:00,4210-0103-040__2026-07-02,70,2
2026-07-02T22:37:40+02:00,4210-0114-012__2026-07-02,70,2
2026-07-02T22:37:40+02:00,4210-0114-023__2026-07-02,64,2
2026-07-02T22:37:40+02:00,4804-1001-1004__2026-07-02,339,2
2026-07-02T22:37:40+02:00,4415-0103-040__2026-07-02,759,6
2026-07-02T22:37:40+02:00,4415-0103-053__2026-07-02,759,6
2026-07-02T22:37:40+02:00,5102-3204-002__2026-07-02,1498,8
2026-07-02T22:37:40+02:00,5102-3202-016__2026-07-02,93,3
2026-07-02T22:37:40+02:00,5102-3204-023__2026-07-02,167,4
2026-07-02T22:37:40+02:00,5102-3209-022__2026-07-02,405,5
2026-07-02T22:37:40+02:00,5102-3506-013__2026-07-02,295,3
2026-07-02T22:37:40+02:00,5102-3511-004__2026-07-02,316,2
2026-07-02T22:37:40+02:00,5102-3603-002__2026-07-02,295,3
2026-07-02T22:37:40+02:00,5201-0102-018__2026-07-02,239,3
2026-07-02T22:37:40+02:00,5201-0105-021__2026-07-02,377,3
2026-07-02T22:37:40+02:00,5201-0102-049__2026-07-02,239,4
2026-07-02T22:37:40+02:00,5201-0109-039__2026-07-02,265,3
2026-07-02T22:37:40+02:00,5201-0503-016__2026-07-02,320,4
2026-07-02T22:37:40+02:00,7808-1003-018__2026-07-02,294,6
2026-07-02T22:37:40+02:00,7808-1005-020__2026-07-02,294,8
2026-07-02T22:37:40+02:00,7404-2404-003__2026-07-02,90,7
2026-07-02T22:37:40+02:00,7505-1903-009__2026-07-02,90,8
2026-07-02T22:37:40+02:00,7404-2203-021__2026-07-02,90,8
2026-07-02T22:37:40+02:00,7505-0805-010__2026-07-02,90,9
2026-07-02T22:37:40+02:00,7505-0906-012__2026-07-02,90,7
2026-07-03T00:18:53+02:00,4703-1500-0907__2026-07-02,0,0
2026-07-03T00:18:53+02:00,6303-5102-1008__2026-07-02,61,1
2026-07-03T00:18:53+02:00,6303-5103-1108__2026-07-02,61,1
2026-07-03T00:18:53+02:00,6303-5104-1207__2026-07-02,0,0
2026-07-03T00:18:53+02:00,6303-5105-1322__2026-07-02,0,0
2026-07-03T00:18:53+02:00,6303-5102-1011__2026-07-02,0,0
2026-07-03T00:18:53+02:00,6303-5103-1113__2026-07-02,0,0
2026-07-03T00:18:53+02:00,6303-5104-1208__2026-07-02,0,0
2026-07-03T00:18:53+02:00,6303-5104-1221__2026-07-02,0,0
2026-07-03T00:18:53+02:00,6303-5102-1014__2026-07-02,5,1
2026-07-03T00:18:53+02:00,6303-5103-1115__2026-07-02,0,0
2026-07-03T00:18:53+02:00,6202-2103-1102__2026-07-02,0,0
2026-07-03T00:18:53+02:00,4210-0103-036__2026-07-02,0,0
2026-07-03T00:18:53+02:00,4703-1501-1003__2026-07-02,0,0
2026-07-03T00:18:53+02:00,6202-1102-1024__2026-07-02,26,3
2026-07-03T00:18:53+02:00,7202-5308-104__2026-07-02,90,2
2026-07-03T00:18:53+02:00,7202-6103-106__2026-07-02,0,0
2026-07-03T00:18:53+02:00,7202-6105-105__2026-07-02,90,3
2026-07-03T00:18:53+02:00,7202-6505-103__2026-07-02,88,1
2026-07-03T00:18:53+02:00,3622-9910-032__2026-07-02,381,2
2026-07-03T00:18:53+02:00,4703-1500-0905__2026-07-02,0,0
2026-07-03T00:18:53+02:00,6202-2102-1019__2026-07-02,0,0
2026-07-03T00:18:53+02:00,1106-2103-015__2026-07-02,90,4
2026-07-03T00:18:53+02:00,1106-2108-018__2026-07-02,143,1
2026-07-03T00:18:53+02:00,1106-2106-003__2026-07-02,712,6
2026-07-03T00:18:53+02:00,1106-2109-008__2026-07-02,90,4
2026-07-03T00:18:53+02:00,1106-2302-013__2026-07-02,90,4
2026-07-03T00:18:53+02:00,1106-2304-019__2026-07-02,90,4
2026-07-03T00:18:53+02:00,1106-2305-003__2026-07-02,712,5
2026-07-03T00:18:53+02:00,1106-2505-005__2026-07-02,90,4
2026-07-03T00:18:53+02:00,1106-2506-007__2026-07-02,90,6
2026-07-03T00:18:53+02:00,1106-2508-013__2026-07-02,90,3
2026-07-03T00:18:53+02:00,1202-0902-006__2026-07-02,84,3
2026-07-03T00:18:53+02:00,1202-0910-005__2026-07-02,1418,10
2026-07-03T00:18:53+02:00,1407-6603-015__2026-07-02,90,3
2026-07-03T00:18:53+02:00,1407-6605-007__2026-07-02,89,4
2026-07-03T00:18:53+02:00,2118-0403-070__2026-07-02,301,3
2026-07-03T00:18:53+02:00,2118-0405-013__2026-07-02,374,6
2026-07-03T00:18:53+02:00,2118-0406-041__2026-07-02,374,7
2026-07-03T00:18:53+02:00,2118-0407-052__2026-07-02,374,6
2026-07-03T00:18:53+02:00,2303-0919-001__2026-07-02,1587,8
2026-07-03T00:18:53+02:00,2405-0503-006__2026-07-02,319,5
2026-07-03T00:18:53+02:00,2405-0507-015__2026-07-02,90,3
2026-07-03T00:18:53+02:00,3622-9206-205__2026-07-02,468,6
2026-07-03T00:18:53+02:00,3622-9905-049__2026-07-02,640,8
2026-07-03T00:18:53+02:00,4210-0103-040__2026-07-02,70,2
2026-07-03T00:18:53+02:00,4210-0114-012__2026-07-02,70,2
2026-07-03T00:18:53+02:00,4210-0114-023__2026-07-02,64,2
2026-07-03T00:18:53+02:00,4804-1001-1004__2026-07-02,340,2
2026-07-03T00:18:53+02:00,4415-0103-040__2026-07-02,760,6
2026-07-03T00:18:53+02:00,4415-0103-053__2026-07-02,760,6
2026-07-03T00:18:53+02:00,5102-3204-002__2026-07-02,1499,8
2026-07-03T00:18:53+02:00,5102-3202-016__2026-07-02,94,3
2026-07-03T00:18:53+02:00,5102-3204-023__2026-07-02,333,5
2026-07-03T00:18:53+02:00,5102-3209-022__2026-07-02,406,5
2026-07-03T00:18:53+02:00,5102-3506-013__2026-07-02,296,3
2026-07-03T00:18:53+02:00,5102-3511-004__2026-07-02,317,2
2026-07-03T00:18:53+02:00,5102-3603-002__2026-07-02,296,3
2026-07-03T00:18:53+02:00,5201-0102-018__2026-07-02,240,3
2026-07-03T00:18:53+02:00,5201-0105-021__2026-07-02,378,3
2026-07-03T00:18:53+02:00,5201-0102-049__2026-07-02,240,4
2026-07-03T00:18:53+02:00,5201-0109-039__2026-07-02,266,3
2026-07-03T00:18:53+02:00,5201-0503-016__2026-07-02,321,4
2026-07-03T00:18:53+02:00,7808-1003-018__2026-07-02,295,6
2026-07-03T00:18:53+02:00,7808-1005-020__2026-07-02,295,8
2026-07-03T00:18:53+02:00,7404-2404-003__2026-07-02,90,7
2026-07-03T00:18:53+02:00,7505-1903-009__2026-07-02,90,8
2026-07-03T00:18:53+02:00,7404-2203-021__2026-07-02,90,8
2026-07-03T00:18:53+02:00,7505-0805-010__2026-07-02,90,9
2026-07-03T00:18:53+02:00,7505-0906-012__2026-07-02,90,7
2026-07-03T02:18:51+02:00,4703-1500-0907__2026-07-02,0,0
2026-07-03T02:18:51+02:00,6303-5102-1008__2026-07-02,61,1
2026-07-03T02:18:51+02:00,6303-5103-1108__2026-07-02,61,1
2026-07-03T02:18:51+02:00,6303-5104-1207__2026-07-02,0,0
2026-07-03T02:18:51+02:00,6303-5105-1322__2026-07-02,0,0
2026-07-03T02:18:51+02:00,6303-5102-1011__2026-07-02,0,0
2026-07-03T02:18:51+02:00,6303-5103-1113__2026-07-02,0,0
2026-07-03T02:18:51+02:00,6303-5104-1208__2026-07-02,0,0
2026-07-03T02:18:51+02:00,6303-5104-1221__2026-07-02,0,0
2026-07-03T02:18:51+02:00,6303-5102-1014__2026-07-02,5,1
2026-07-03T02:18:51+02:00,6303-5103-1115__2026-07-02,0,0
2026-07-03T02:18:51+02:00,6202-2103-1102__2026-07-02,0,0
2026-07-03T02:18:51+02:00,4210-0103-036__2026-07-02,0,0
2026-07-03T02:18:51+02:00,4703-1501-1003__2026-07-02,0,0
2026-07-03T02:18:51+02:00,6202-1102-1024__2026-07-02,26,3
2026-07-03T02:18:51+02:00,7202-5308-104__2026-07-02,90,2
2026-07-03T02:18:51+02:00,7202-6103-106__2026-07-02,0,0
2026-07-03T02:18:51+02:00,7202-6105-105__2026-07-02,90,3
2026-07-03T02:18:51+02:00,7202-6505-103__2026-07-02,88,1
2026-07-03T02:18:51+02:00,3622-9910-032__2026-07-02,381,2
2026-07-03T02:18:51+02:00,4703-1500-0905__2026-07-02,0,0
2026-07-03T02:18:51+02:00,6202-2102-1019__2026-07-02,0,0
2026-07-03T02:18:51+02:00,1106-2103-015__2026-07-02,90,4
2026-07-03T02:18:51+02:00,1106-2108-018__2026-07-02,143,1
2026-07-03T02:18:51+02:00,1106-2106-003__2026-07-02,712,6
2026-07-03T02:18:51+02:00,1106-2109-008__2026-07-02,90,4
2026-07-03T02:18:51+02:00,1106-2302-013__2026-07-02,90,4
2026-07-03T02:18:51+02:00,1106-2304-019__2026-07-02,90,4
2026-07-03T02:18:51+02:00,1106-2305-003__2026-07-02,712,5
2026-07-03T02:18:51+02:00,1106-2505-005__2026-07-02,90,4
2026-07-03T02:18:51+02:00,1106-2506-007__2026-07-02,90,6
2026-07-03T02:18:51+02:00,1106-2508-013__2026-07-02,90,3
2026-07-03T02:18:51+02:00,1202-0902-006__2026-07-02,84,3
2026-07-03T02:18:51+02:00,1202-0910-005__2026-07-02,1418,10
2026-07-03T02:18:51+02:00,1407-6603-015__2026-07-02,90,3
2026-07-03T02:18:51+02:00,1407-6605-007__2026-07-02,89,4
2026-07-03T02:18:51+02:00,2118-0403-070__2026-07-02,301,3
2026-07-03T02:18:51+02:00,2118-0405-013__2026-07-02,374,6
2026-07-03T02:18:51+02:00,2118-0406-041__2026-07-02,374,7
2026-07-03T02:18:51+02:00,2118-0407-052__2026-07-02,374,6
2026-07-03T02:18:51+02:00,2303-0919-001__2026-07-02,1587,8
2026-07-03T02:18:51+02:00,2405-0503-006__2026-07-02,319,5
2026-07-03T02:18:51+02:00,2405-0507-015__2026-07-02,90,3
2026-07-03T02:18:51+02:00,3622-9206-205__2026-07-02,468,6
2026-07-03T02:18:51+02:00,3622-9905-049__2026-07-02,640,8
2026-07-03T02:18:51+02:00,4210-0103-040__2026-07-02,70,2
2026-07-03T02:18:51+02:00,4210-0114-012__2026-07-02,70,2
2026-07-03T02:18:51+02:00,4210-0114-023__2026-07-02,64,2
2026-07-03T02:18:51+02:00,4804-1001-1004__2026-07-02,340,2
2026-07-03T02:18:51+02:00,4415-0103-040__2026-07-02,760,6
2026-07-03T02:18:51+02:00,4415-0103-053__2026-07-02,760,6
2026-07-03T02:18:51+02:00,5102-3204-002__2026-07-02,1499,8
2026-07-03T02:18:51+02:00,5102-3202-016__2026-07-02,94,3
2026-07-03T02:18:51+02:00,5102-3204-023__2026-07-02,333,5
2026-07-03T02:18:51+02:00,5102-3209-022__2026-07-02,406,5
2026-07-03T02:18:51+02:00,5102-3506-013__2026-07-02,296,3
2026-07-03T02:18:51+02:00,5102-3511-004__2026-07-02,317,2
2026-07-03T02:18:51+02:00,5102-3603-002__2026-07-02,296,3
2026-07-03T02:18:51+02:00,5201-0102-018__2026-07-02,240,3
2026-07-03T02:18:51+02:00,5201-0105-021__2026-07-02,378,3
2026-07-03T02:18:51+02:00,5201-0102-049__2026-07-02,240,4
2026-07-03T02:18:51+02:00,5201-0109-039__2026-07-02,266,3
2026-07-03T02:18:51+02:00,5201-0503-016__2026-07-02,321,4
2026-07-03T02:18:51+02:00,7808-1003-018__2026-07-02,295,6
2026-07-03T02:18:51+02:00,7808-1005-020__2026-07-02,295,8
2026-07-03T02:18:51+02:00,7404-2404-003__2026-07-02,90,7
2026-07-03T02:18:51+02:00,7505-1903-009__2026-07-02,90,8
2026-07-03T02:18:51+02:00,7404-2203-021__2026-07-02,90,8
2026-07-03T02:18:51+02:00,7505-0805-010__2026-07-02,90,9
2026-07-03T02:18:51+02:00,7505-0906-012__2026-07-02,90,7
2026-07-03T06:57:11+02:00,4703-1500-0907__2026-07-02,67,1
2026-07-03T06:57:11+02:00,6303-5102-1008__2026-07-02,61,1
2026-07-03T06:57:11+02:00,6303-5103-1108__2026-07-02,61,1
2026-07-03T06:57:11+02:00,6303-5104-1207__2026-07-02,0,0
2026-07-03T06:57:11+02:00,6303-5105-1322__2026-07-02,0,0
2026-07-03T06:57:11+02:00,6303-5102-1011__2026-07-02,0,0
2026-07-03T06:57:11+02:00,6303-5103-1113__2026-07-02,0,0
2026-07-03T06:57:11+02:00,6303-5104-1208__2026-07-02,0,0
2026-07-03T06:57:11+02:00,6303-5104-1221__2026-07-02,0,0
2026-07-03T06:57:11+02:00,6303-5102-1014__2026-07-02,5,1
2026-07-03T06:57:11+02:00,6303-5103-1115__2026-07-02,0,0
2026-07-03T06:57:11+02:00,6202-2103-1102__2026-07-02,0,0
2026-07-03T06:57:11+02:00,4210-0103-036__2026-07-02,0,0
2026-07-03T06:57:11+02:00,4703-1501-1003__2026-07-02,0,0
2026-07-03T06:57:11+02:00,6202-1102-1024__2026-07-02,26,3
2026-07-03T06:57:11+02:00,7202-5308-104__2026-07-02,90,2
2026-07-03T06:57:11+02:00,7202-6103-106__2026-07-02,0,0
2026-07-03T06:57:11+02:00,7202-6105-105__2026-07-02,90,3
2026-07-03T06:57:11+02:00,7202-6505-103__2026-07-02,88,1
2026-07-03T06:57:11+02:00,3622-9910-032__2026-07-02,381,2
2026-07-03T06:57:11+02:00,4703-1500-0905__2026-07-02,0,0
2026-07-03T06:57:11+02:00,6202-2102-1019__2026-07-02,0,0
2026-07-03T06:57:11+02:00,1106-2103-015__2026-07-02,90,4
2026-07-03T06:57:11+02:00,1106-2108-018__2026-07-02,143,1
2026-07-03T06:57:11+02:00,1106-2106-003__2026-07-02,712,6
2026-07-03T06:57:11+02:00,1106-2109-008__2026-07-02,90,4
2026-07-03T06:57:11+02:00,1106-2302-013__2026-07-02,90,4
2026-07-03T06:57:11+02:00,1106-2304-019__2026-07-02,90,4
2026-07-03T06:57:11+02:00,1106-2305-003__2026-07-02,712,5
2026-07-03T06:57:11+02:00,1106-2505-005__2026-07-02,90,4
2026-07-03T06:57:11+02:00,1106-2506-007__2026-07-02,90,6
2026-07-03T06:57:11+02:00,1106-2508-013__2026-07-02,90,3
2026-07-03T06:57:11+02:00,1202-0902-006__2026-07-02,84,3
2026-07-03T06:57:11+02:00,1202-0910-005__2026-07-02,1418,10
2026-07-03T06:57:11+02:00,1407-6603-015__2026-07-02,90,4
2026-07-03T06:57:11+02:00,1407-6605-007__2026-07-02,90,5
2026-07-03T06:57:11+02:00,2118-0403-070__2026-07-02,301,3
2026-07-03T06:57:11+02:00,2118-0405-013__2026-07-02,374,6
2026-07-03T06:57:11+02:00,2118-0406-041__2026-07-02,374,7
2026-07-03T06:57:11+02:00,2118-0407-052__2026-07-02,374,6
2026-07-03T06:57:11+02:00,2303-0919-001__2026-07-02,1587,8
2026-07-03T06:57:11+02:00,2405-0503-006__2026-07-02,319,5
2026-07-03T06:57:11+02:00,2405-0507-015__2026-07-02,90,3
2026-07-03T06:57:11+02:00,3622-9206-205__2026-07-02,468,6
2026-07-03T06:57:11+02:00,3622-9905-049__2026-07-02,640,8
2026-07-03T06:57:11+02:00,4210-0103-040__2026-07-02,70,2
2026-07-03T06:57:11+02:00,4210-0114-012__2026-07-02,70,2
2026-07-03T06:57:11+02:00,4210-0114-023__2026-07-02,64,2
2026-07-03T06:57:11+02:00,4804-1001-1004__2026-07-02,340,2
2026-07-03T06:57:11+02:00,4415-0103-040__2026-07-02,760,6
2026-07-03T06:57:11+02:00,4415-0103-053__2026-07-02,760,6
2026-07-03T06:57:11+02:00,5102-3204-002__2026-07-02,1499,8
2026-07-03T06:57:11+02:00,5102-3202-016__2026-07-02,94,3
2026-07-03T06:57:11+02:00,5102-3204-023__2026-07-02,333,5
2026-07-03T06:57:11+02:00,5102-3209-022__2026-07-02,406,4
2026-07-03T06:57:11+02:00,5102-3506-013__2026-07-02,296,3
2026-07-03T06:57:11+02:00,5102-3511-004__2026-07-02,317,2
2026-07-03T06:57:11+02:00,5102-3603-002__2026-07-02,296,3
2026-07-03T06:57:11+02:00,5201-0102-018__2026-07-02,240,3
2026-07-03T06:57:11+02:00,5201-0105-021__2026-07-02,378,3
2026-07-03T06:57:11+02:00,5201-0102-049__2026-07-02,240,4
2026-07-03T06:57:11+02:00,5201-0109-039__2026-07-02,266,3
2026-07-03T06:57:11+02:00,5201-0503-016__2026-07-02,321,4
2026-07-03T06:57:11+02:00,7808-1003-018__2026-07-02,295,6
2026-07-03T06:57:11+02:00,7808-1005-020__2026-07-02,295,8
2026-07-03T06:57:11+02:00,7404-2404-003__2026-07-02,90,7
2026-07-03T06:57:11+02:00,7505-1903-009__2026-07-02,90,8
2026-07-03T06:57:11+02:00,7404-2203-021__2026-07-02,90,8
2026-07-03T06:57:11+02:00,7505-0805-010__2026-07-02,90,9
2026-07-03T06:57:11+02:00,7505-0906-012__2026-07-02,90,7
2026-07-03T10:28:10+02:00,4703-1500-0907__2026-07-02,67,1
2026-07-03T10:28:10+02:00,6303-5102-1008__2026-07-02,61,1
2026-07-03T10:28:10+02:00,6303-5103-1108__2026-07-02,61,1
2026-07-03T10:28:10+02:00,6303-5104-1207__2026-07-02,0,0
2026-07-03T10:28:10+02:00,6303-5105-1322__2026-07-02,50,1
2026-07-03T10:28:10+02:00,6303-5102-1011__2026-07-02,5,1
2026-07-03T10:28:10+02:00,6303-5103-1113__2026-07-02,50,1
2026-07-03T10:28:10+02:00,6303-5104-1208__2026-07-02,0,0
2026-07-03T10:28:10+02:00,6303-5104-1221__2026-07-02,5,1
2026-07-03T10:28:10+02:00,6303-5102-1014__2026-07-02,5,1
2026-07-03T10:28:10+02:00,6303-5103-1115__2026-07-02,0,0
2026-07-03T10:28:10+02:00,6202-2103-1102__2026-07-02,0,0
2026-07-03T10:28:10+02:00,4210-0103-036__2026-07-02,0,0
2026-07-03T10:28:10+02:00,4703-1501-1003__2026-07-02,0,0
2026-07-03T10:28:10+02:00,6202-1102-1024__2026-07-02,26,2
2026-07-03T10:28:10+02:00,7202-5308-104__2026-07-02,90,2
2026-07-03T10:28:10+02:00,7202-6103-106__2026-07-02,90,1
2026-07-03T10:28:10+02:00,7202-6105-105__2026-07-02,90,3
2026-07-03T10:28:10+02:00,7202-6505-103__2026-07-02,88,1
2026-07-03T10:28:10+02:00,3622-9910-032__2026-07-02,381,3
2026-07-03T10:28:10+02:00,4703-1500-0905__2026-07-02,0,0
2026-07-03T10:28:10+02:00,6202-2102-1019__2026-07-02,0,0
2026-07-03T10:28:10+02:00,1106-2103-015__2026-07-02,90,4
2026-07-03T10:28:10+02:00,1106-2108-018__2026-07-02,143,1
2026-07-03T10:28:10+02:00,1106-2106-003__2026-07-02,712,6
2026-07-03T10:28:10+02:00,1106-2109-008__2026-07-02,90,4
2026-07-03T10:28:10+02:00,1106-2302-013__2026-07-02,90,5
2026-07-03T10:28:10+02:00,1106-2304-019__2026-07-02,90,4
2026-07-03T10:28:10+02:00,1106-2305-003__2026-07-02,712,5
2026-07-03T10:28:10+02:00,1106-2505-005__2026-07-02,90,4
2026-07-03T10:28:10+02:00,1106-2506-007__2026-07-02,90,6
2026-07-03T10:28:10+02:00,1106-2508-013__2026-07-02,90,4
2026-07-03T10:28:10+02:00,1202-0902-006__2026-07-02,84,3
2026-07-03T10:28:10+02:00,1202-0910-005__2026-07-02,1418,10
2026-07-03T10:28:10+02:00,1407-6603-015__2026-07-02,90,4
2026-07-03T10:28:10+02:00,1407-6605-007__2026-07-02,90,5
2026-07-03T10:28:10+02:00,2118-0403-070__2026-07-02,301,3
2026-07-03T10:28:10+02:00,2118-0405-013__2026-07-02,374,6
2026-07-03T10:28:10+02:00,2118-0406-041__2026-07-02,374,7
2026-07-03T10:28:10+02:00,2118-0407-052__2026-07-02,374,6
2026-07-03T10:28:10+02:00,2303-0919-001__2026-07-02,1587,9
2026-07-03T10:28:10+02:00,2405-0503-006__2026-07-02,319,5
2026-07-03T10:28:10+02:00,2405-0507-015__2026-07-02,90,4
2026-07-03T10:28:10+02:00,3622-9206-205__2026-07-02,468,7
2026-07-03T10:28:10+02:00,3622-9905-049__2026-07-02,640,9
2026-07-03T10:28:10+02:00,4210-0103-040__2026-07-02,70,2
2026-07-03T10:28:10+02:00,4210-0114-012__2026-07-02,70,2
2026-07-03T10:28:10+02:00,4210-0114-023__2026-07-02,64,2
2026-07-03T10:28:10+02:00,4804-1001-1004__2026-07-02,340,2
2026-07-03T10:28:10+02:00,4415-0103-040__2026-07-02,760,6
2026-07-03T10:28:10+02:00,4415-0103-053__2026-07-02,760,6
2026-07-03T10:28:10+02:00,5102-3204-002__2026-07-02,1499,9
2026-07-03T10:28:10+02:00,5102-3202-016__2026-07-02,94,3
2026-07-03T10:28:10+02:00,5102-3204-023__2026-07-02,333,5
2026-07-03T10:28:10+02:00,5102-3209-022__2026-07-02,406,5
2026-07-03T10:28:10+02:00,5102-3506-013__2026-07-02,296,3
2026-07-03T10:28:10+02:00,5102-3511-004__2026-07-02,317,2
2026-07-03T10:28:10+02:00,5102-3603-002__2026-07-02,296,3
2026-07-03T10:28:10+02:00,5201-0102-018__2026-07-02,240,4
2026-07-03T10:28:10+02:00,5201-0105-021__2026-07-02,378,3
2026-07-03T10:28:10+02:00,5201-0102-049__2026-07-02,240,5
2026-07-03T10:28:10+02:00,5201-0109-039__2026-07-02,266,3
2026-07-03T10:28:10+02:00,5201-0503-016__2026-07-02,344,5
2026-07-03T10:28:10+02:00,7808-1003-018__2026-07-02,295,6
2026-07-03T10:28:10+02:00,7808-1005-020__2026-07-02,295,8
2026-07-03T10:28:10+02:00,7404-2404-003__2026-07-02,90,7
2026-07-03T10:28:10+02:00,7505-1903-009__2026-07-02,90,8
2026-07-03T10:28:10+02:00,7404-2203-021__2026-07-02,90,8
2026-07-03T10:28:10+02:00,7505-0805-010__2026-07-02,90,9
2026-07-03T10:28:10+02:00,7505-0906-012__2026-07-02,90,7
2026-07-03T13:41:40+02:00,4703-1500-0907__2026-07-02,67,1
2026-07-03T13:41:40+02:00,6303-5102-1008__2026-07-02,61,1
2026-07-03T13:41:40+02:00,6303-5103-1108__2026-07-02,61,1
2026-07-03T13:41:40+02:00,6303-5104-1207__2026-07-02,0,1
2026-07-03T13:41:40+02:00,6303-5105-1322__2026-07-02,50,1
2026-07-03T13:41:40+02:00,6303-5102-1011__2026-07-02,5,1
2026-07-03T13:41:40+02:00,6303-5103-1113__2026-07-02,50,1
2026-07-03T13:41:40+02:00,6303-5104-1208__2026-07-02,0,0
2026-07-03T13:41:40+02:00,6303-5104-1221__2026-07-02,5,1
2026-07-03T13:41:40+02:00,6303-5102-1014__2026-07-02,5,1
2026-07-03T13:41:40+02:00,6303-5103-1115__2026-07-02,9,1
2026-07-03T13:41:40+02:00,6202-2103-1102__2026-07-02,0,0
2026-07-03T13:41:40+02:00,4210-0103-036__2026-07-02,0,0
2026-07-03T13:41:40+02:00,4703-1501-1003__2026-07-02,0,0
2026-07-03T13:41:40+02:00,6202-1102-1024__2026-07-02,97,3
2026-07-03T13:41:40+02:00,7202-5308-104__2026-07-02,90,2
2026-07-03T13:41:40+02:00,7202-6103-106__2026-07-02,90,1
2026-07-03T13:41:40+02:00,7202-6105-105__2026-07-02,90,4
2026-07-03T13:41:40+02:00,7202-6505-103__2026-07-02,88,1
2026-07-03T13:41:40+02:00,3622-9910-032__2026-07-02,381,4
2026-07-03T13:41:40+02:00,4703-1500-0905__2026-07-02,0,0
2026-07-03T13:41:40+02:00,6202-2102-1019__2026-07-02,0,0
2026-07-03T13:41:40+02:00,1106-2103-015__2026-07-02,97,6
2026-07-03T13:41:40+02:00,1106-2108-018__2026-07-02,143,2
2026-07-03T13:41:40+02:00,1106-2106-003__2026-07-02,712,7
2026-07-03T13:41:40+02:00,1106-2109-008__2026-07-02,90,4
2026-07-03T13:41:40+02:00,1106-2302-013__2026-07-02,90,5
2026-07-03T13:41:40+02:00,1106-2304-019__2026-07-02,90,4
2026-07-03T13:41:40+02:00,1106-2305-003__2026-07-02,712,5
2026-07-03T13:41:40+02:00,1106-2505-005__2026-07-02,90,5
2026-07-03T13:41:40+02:00,1106-2506-007__2026-07-02,90,6
2026-07-03T13:41:40+02:00,1106-2508-013__2026-07-02,90,4
2026-07-03T13:41:40+02:00,1202-0902-006__2026-07-02,84,3
2026-07-03T13:41:40+02:00,1202-0910-005__2026-07-02,1418,10
2026-07-03T13:41:40+02:00,1407-6603-015__2026-07-02,90,4
2026-07-03T13:41:40+02:00,1407-6605-007__2026-07-02,90,5
2026-07-03T13:41:40+02:00,2118-0403-070__2026-07-02,316,5
2026-07-03T13:41:40+02:00,2118-0405-013__2026-07-02,374,6
2026-07-03T13:41:40+02:00,2118-0406-041__2026-07-02,374,7
2026-07-03T13:41:40+02:00,2118-0407-052__2026-07-02,374,7
2026-07-03T13:41:40+02:00,2303-0919-001__2026-07-02,1587,10
2026-07-03T13:41:40+02:00,2405-0503-006__2026-07-02,319,5
2026-07-03T13:41:40+02:00,2405-0507-015__2026-07-02,90,5
2026-07-03T13:41:40+02:00,3622-9206-205__2026-07-02,468,7
2026-07-03T13:41:40+02:00,3622-9905-049__2026-07-02,640,9
2026-07-03T13:41:40+02:00,4210-0103-040__2026-07-02,70,2
2026-07-03T13:41:40+02:00,4210-0114-012__2026-07-02,101,3
2026-07-03T13:41:40+02:00,4210-0114-023__2026-07-02,64,2
2026-07-03T13:41:40+02:00,4804-1001-1004__2026-07-02,340,2
2026-07-03T13:41:40+02:00,4415-0103-040__2026-07-02,760,6
2026-07-03T13:41:40+02:00,4415-0103-053__2026-07-02,760,6
2026-07-03T13:41:40+02:00,5102-3204-002__2026-07-02,1499,11
2026-07-03T13:41:40+02:00,5102-3202-016__2026-07-02,94,3
2026-07-03T13:41:40+02:00,5102-3204-023__2026-07-02,333,5
2026-07-03T13:41:40+02:00,5102-3209-022__2026-07-02,406,5
2026-07-03T13:41:40+02:00,5102-3506-013__2026-07-02,296,3
2026-07-03T13:41:40+02:00,5102-3511-004__2026-07-02,317,2
2026-07-03T13:41:40+02:00,5102-3603-002__2026-07-02,296,3
2026-07-03T13:41:40+02:00,5201-0102-018__2026-07-02,240,4
2026-07-03T13:41:40+02:00,5201-0105-021__2026-07-02,378,3
2026-07-03T13:41:40+02:00,5201-0102-049__2026-07-02,240,5
2026-07-03T13:41:40+02:00,5201-0109-039__2026-07-02,266,3
2026-07-03T13:41:40+02:00,5201-0503-016__2026-07-02,384,5
2026-07-03T13:41:40+02:00,7808-1003-018__2026-07-02,295,6
2026-07-03T13:41:40+02:00,7808-1005-020__2026-07-02,295,8
2026-07-03T13:41:40+02:00,7404-2404-003__2026-07-02,97,9
2026-07-03T13:41:40+02:00,7505-1903-009__2026-07-02,90,9
2026-07-03T13:41:40+02:00,7404-2203-021__2026-07-02,90,10
2026-07-03T13:41:40+02:00,7505-0805-010__2026-07-02,90,9
2026-07-03T13:41:40+02:00,7505-0906-012__2026-07-02,90,10
2026-07-03T16:31:45+02:00,4703-1500-0907__2026-07-02,67,1
2026-07-03T16:31:45+02:00,6303-5102-1008__2026-07-02,61,1
2026-07-03T16:31:45+02:00,6303-5103-1108__2026-07-02,61,1
2026-07-03T16:31:45+02:00,6303-5104-1207__2026-07-02,0,1
2026-07-03T16:31:45+02:00,6303-5105-1322__2026-07-02,50,1
2026-07-03T16:31:45+02:00,6303-5102-1011__2026-07-02,5,1
2026-07-03T16:31:45+02:00,6303-5103-1113__2026-07-02,50,1
2026-07-03T16:31:45+02:00,6303-5104-1208__2026-07-02,0,0
2026-07-03T16:31:45+02:00,6303-5104-1221__2026-07-02,5,1
2026-07-03T16:31:45+02:00,6303-5102-1014__2026-07-02,5,1
2026-07-03T16:31:45+02:00,6303-5103-1115__2026-07-02,9,1
2026-07-03T16:31:45+02:00,6202-2103-1102__2026-07-02,26,1
2026-07-03T16:31:45+02:00,4210-0103-036__2026-07-02,0,0
2026-07-03T16:31:45+02:00,4703-1501-1003__2026-07-02,0,0
2026-07-03T16:31:45+02:00,6202-1102-1024__2026-07-02,97,2
2026-07-03T16:31:45+02:00,7202-5308-104__2026-07-02,90,2
2026-07-03T16:31:45+02:00,7202-6103-106__2026-07-02,90,1
2026-07-03T16:31:45+02:00,7202-6105-105__2026-07-02,90,5
2026-07-03T16:31:45+02:00,7202-6505-103__2026-07-02,88,1
2026-07-03T16:31:45+02:00,3622-9910-032__2026-07-02,381,4
2026-07-03T16:31:45+02:00,4703-1500-0905__2026-07-02,0,0
2026-07-03T16:31:45+02:00,6202-2102-1019__2026-07-02,26,1
2026-07-03T16:31:45+02:00,1106-2103-015__2026-07-02,97,6
2026-07-03T16:31:45+02:00,1106-2108-018__2026-07-02,143,2
2026-07-03T16:31:45+02:00,1106-2106-003__2026-07-02,712,7
2026-07-03T16:31:45+02:00,1106-2109-008__2026-07-02,90,5
2026-07-03T16:31:45+02:00,1106-2302-013__2026-07-02,90,5
2026-07-03T16:31:45+02:00,1106-2304-019__2026-07-02,90,5
2026-07-03T16:31:45+02:00,1106-2305-003__2026-07-02,712,5
2026-07-03T16:31:45+02:00,1106-2505-005__2026-07-02,90,5
2026-07-03T16:31:45+02:00,1106-2506-007__2026-07-02,90,6
2026-07-03T16:31:45+02:00,1106-2508-013__2026-07-02,90,5
2026-07-03T16:31:45+02:00,1202-0902-006__2026-07-02,90,4
2026-07-03T16:31:45+02:00,1202-0910-005__2026-07-02,1418,10
2026-07-03T16:31:45+02:00,1407-6603-015__2026-07-02,90,4
2026-07-03T16:31:45+02:00,1407-6605-007__2026-07-02,90,5
2026-07-03T16:31:45+02:00,2118-0403-070__2026-07-02,316,5
2026-07-03T16:31:45+02:00,2118-0405-013__2026-07-02,374,5
2026-07-03T16:31:45+02:00,2118-0406-041__2026-07-02,374,6
2026-07-03T16:31:45+02:00,2118-0407-052__2026-07-02,374,6
2026-07-03T16:31:45+02:00,2303-0919-001__2026-07-02,1587,10
2026-07-03T16:31:45+02:00,2405-0503-006__2026-07-02,319,5
2026-07-03T16:31:45+02:00,2405-0507-015__2026-07-02,90,6
2026-07-03T16:31:45+02:00,3622-9206-205__2026-07-02,468,7
2026-07-03T16:31:45+02:00,3622-9905-049__2026-07-02,640,9
2026-07-03T16:31:45+02:00,4210-0103-040__2026-07-02,70,2
2026-07-03T16:31:45+02:00,4210-0114-012__2026-07-02,101,3
2026-07-03T16:31:45+02:00,4210-0114-023__2026-07-02,64,2
2026-07-03T16:31:45+02:00,4804-1001-1004__2026-07-02,340,2
2026-07-03T16:31:45+02:00,4415-0103-040__2026-07-02,760,6
2026-07-03T16:31:45+02:00,4415-0103-053__2026-07-02,760,6
2026-07-03T16:31:45+02:00,5102-3204-002__2026-07-02,1499,11
2026-07-03T16:31:45+02:00,5102-3202-016__2026-07-02,94,3
2026-07-03T16:31:45+02:00,5102-3204-023__2026-07-02,333,5
2026-07-03T16:31:45+02:00,5102-3209-022__2026-07-02,406,5
2026-07-03T16:31:45+02:00,5102-3506-013__2026-07-02,298,4
2026-07-03T16:31:45+02:00,5102-3511-004__2026-07-02,317,2
2026-07-03T16:31:45+02:00,5102-3603-002__2026-07-02,298,4
2026-07-03T16:31:45+02:00,5201-0102-018__2026-07-02,240,4
2026-07-03T16:31:45+02:00,5201-0105-021__2026-07-02,378,3
2026-07-03T16:31:45+02:00,5201-0102-049__2026-07-02,240,4
2026-07-03T16:31:45+02:00,5201-0109-039__2026-07-02,266,3
2026-07-03T16:31:45+02:00,5201-0503-016__2026-07-02,384,6
2026-07-03T16:31:45+02:00,7808-1003-018__2026-07-02,295,7
2026-07-03T16:31:45+02:00,7808-1005-020__2026-07-02,295,8
2026-07-03T16:31:45+02:00,7404-2404-003__2026-07-02,97,9
2026-07-03T16:31:45+02:00,7505-1903-009__2026-07-02,90,9
2026-07-03T16:31:45+02:00,7404-2203-021__2026-07-02,90,10
2026-07-03T16:31:45+02:00,7505-0805-010__2026-07-02,90,9
2026-07-03T16:31:45+02:00,7505-0906-012__2026-07-02,90,10
2026-07-03T18:45:12+02:00,4703-1500-0907__2026-07-02,67,1
2026-07-03T18:45:12+02:00,6303-5102-1008__2026-07-02,61,1
2026-07-03T18:45:12+02:00,6303-5103-1108__2026-07-02,69,2
2026-07-03T18:45:12+02:00,6303-5104-1207__2026-07-02,69,3
2026-07-03T18:45:12+02:00,6303-5105-1322__2026-07-02,50,1
2026-07-03T18:45:12+02:00,6303-5102-1011__2026-07-02,69,2
2026-07-03T18:45:12+02:00,6303-5103-1113__2026-07-02,50,1
2026-07-03T18:45:12+02:00,6303-5104-1208__2026-07-02,311,2
2026-07-03T18:45:12+02:00,6303-5104-1221__2026-07-02,67,2
2026-07-03T18:45:12+02:00,6303-5102-1014__2026-07-02,5,1
2026-07-03T18:45:12+02:00,6303-5103-1115__2026-07-02,9,1
2026-07-03T18:45:12+02:00,6202-2103-1102__2026-07-02,26,1
2026-07-03T18:45:12+02:00,4210-0103-036__2026-07-02,0,0
2026-07-03T18:45:12+02:00,4703-1501-1003__2026-07-02,0,0
2026-07-03T18:45:12+02:00,6202-1102-1024__2026-07-02,97,2
2026-07-03T18:45:12+02:00,7202-5308-104__2026-07-02,90,2
2026-07-03T18:45:12+02:00,7202-6103-106__2026-07-02,90,1
2026-07-03T18:45:12+02:00,7202-6105-105__2026-07-02,311,5
2026-07-03T18:45:12+02:00,7202-6505-103__2026-07-02,88,1
2026-07-03T18:45:12+02:00,3622-9910-032__2026-07-02,381,6
2026-07-03T18:45:12+02:00,4703-1500-0905__2026-07-02,0,0
2026-07-03T18:45:12+02:00,6202-2102-1019__2026-07-02,26,1
2026-07-03T18:45:12+02:00,1106-2103-015__2026-07-02,97,6
2026-07-03T18:45:12+02:00,1106-2108-018__2026-07-02,143,2
2026-07-03T18:45:12+02:00,1106-2106-003__2026-07-02,712,7
2026-07-03T18:45:12+02:00,1106-2109-008__2026-07-02,90,5
2026-07-03T18:45:12+02:00,1106-2302-013__2026-07-02,90,5
2026-07-03T18:45:12+02:00,1106-2304-019__2026-07-02,90,5
2026-07-03T18:45:12+02:00,1106-2305-003__2026-07-02,712,5
2026-07-03T18:45:12+02:00,1106-2505-005__2026-07-02,90,5
2026-07-03T18:45:12+02:00,1106-2506-007__2026-07-02,90,6
2026-07-03T18:45:12+02:00,1106-2508-013__2026-07-02,90,5
2026-07-03T18:45:12+02:00,1202-0902-006__2026-07-02,90,4
2026-07-03T18:45:12+02:00,1202-0910-005__2026-07-02,1418,10
2026-07-03T18:45:12+02:00,1407-6603-015__2026-07-02,90,4
2026-07-03T18:45:12+02:00,1407-6605-007__2026-07-02,90,5
2026-07-03T18:45:12+02:00,2118-0403-070__2026-07-02,316,5
2026-07-03T18:45:12+02:00,2118-0405-013__2026-07-02,374,5
2026-07-03T18:45:12+02:00,2118-0406-041__2026-07-02,374,6
2026-07-03T18:45:12+02:00,2118-0407-052__2026-07-02,374,7
2026-07-03T18:45:12+02:00,2303-0919-001__2026-07-02,1587,10
2026-07-03T18:45:12+02:00,2405-0503-006__2026-07-02,319,6
2026-07-03T18:45:12+02:00,2405-0507-015__2026-07-02,90,6
2026-07-03T18:45:12+02:00,3622-9206-205__2026-07-02,468,8
2026-07-03T18:45:12+02:00,3622-9905-049__2026-07-02,640,10
2026-07-03T18:45:12+02:00,4210-0103-040__2026-07-02,70,2
2026-07-03T18:45:12+02:00,4210-0114-012__2026-07-02,398,5
2026-07-03T18:45:12+02:00,4210-0114-023__2026-07-02,64,2
2026-07-03T18:45:12+02:00,4804-1001-1004__2026-07-02,340,2
2026-07-03T18:45:12+02:00,4415-0103-040__2026-07-02,760,6
2026-07-03T18:45:12+02:00,4415-0103-053__2026-07-02,760,6
2026-07-03T18:45:12+02:00,5102-3204-002__2026-07-02,1499,11
2026-07-03T18:45:12+02:00,5102-3202-016__2026-07-02,94,3
2026-07-03T18:45:12+02:00,5102-3204-023__2026-07-02,333,5
2026-07-03T18:45:12+02:00,5102-3209-022__2026-07-02,406,5
2026-07-03T18:45:12+02:00,5102-3506-013__2026-07-02,298,4
2026-07-03T18:45:12+02:00,5102-3511-004__2026-07-02,317,2
2026-07-03T18:45:12+02:00,5102-3603-002__2026-07-02,298,4
2026-07-03T18:45:12+02:00,5201-0102-018__2026-07-02,240,4
2026-07-03T18:45:12+02:00,5201-0105-021__2026-07-02,378,3
2026-07-03T18:45:12+02:00,5201-0102-049__2026-07-02,240,4
2026-07-03T18:45:12+02:00,5201-0109-039__2026-07-02,266,3
2026-07-03T18:45:12+02:00,5201-0503-016__2026-07-02,384,6
2026-07-03T18:45:12+02:00,7808-1003-018__2026-07-02,295,6
2026-07-03T18:45:12+02:00,7808-1005-020__2026-07-02,295,8
2026-07-03T18:45:12+02:00,7404-2404-003__2026-07-02,97,9
2026-07-03T18:45:12+02:00,7505-1903-009__2026-07-02,90,9
2026-07-03T18:45:12+02:00,7404-2203-021__2026-07-02,90,10
2026-07-03T18:45:12+02:00,7505-0805-010__2026-07-02,90,9
2026-07-03T18:45:12+02:00,7505-0906-012__2026-07-02,90,11
2026-07-03T20:38:51+02:00,4703-1500-0907__2026-07-02,67,1
2026-07-03T20:38:51+02:00,6303-5102-1008__2026-07-02,61,1
2026-07-03T20:38:51+02:00,6303-5103-1108__2026-07-02,69,2
2026-07-03T20:38:51+02:00,6303-5104-1207__2026-07-02,69,3
2026-07-03T20:38:51+02:00,6303-5105-1322__2026-07-02,50,2
2026-07-03T20:38:51+02:00,6303-5102-1011__2026-07-02,69,2
2026-07-03T20:38:51+02:00,6303-5103-1113__2026-07-02,50,2
2026-07-03T20:38:51+02:00,6303-5104-1208__2026-07-02,311,2
2026-07-03T20:38:51+02:00,6303-5104-1221__2026-07-02,67,2
2026-07-03T20:38:51+02:00,6303-5102-1014__2026-07-02,64,2
2026-07-03T20:38:51+02:00,6303-5103-1115__2026-07-02,50,2
2026-07-03T20:38:51+02:00,6202-2103-1102__2026-07-02,26,1
2026-07-03T20:38:51+02:00,4210-0103-036__2026-07-02,0,0
2026-07-03T20:38:51+02:00,4703-1501-1003__2026-07-02,0,0
2026-07-03T20:38:51+02:00,6202-1102-1024__2026-07-02,97,2
2026-07-03T20:38:51+02:00,7202-5308-104__2026-07-02,90,2
2026-07-03T20:38:51+02:00,7202-6103-106__2026-07-02,170,2
2026-07-03T20:38:51+02:00,7202-6105-105__2026-07-02,311,5
2026-07-03T20:38:51+02:00,7202-6505-103__2026-07-02,88,1
2026-07-03T20:38:51+02:00,3622-9910-032__2026-07-02,381,6
2026-07-03T20:38:51+02:00,4703-1500-0905__2026-07-02,0,0
2026-07-03T20:38:51+02:00,6202-2102-1019__2026-07-02,26,1
2026-07-03T20:38:51+02:00,1106-2103-015__2026-07-02,97,6
2026-07-03T20:38:51+02:00,1106-2108-018__2026-07-02,143,2
2026-07-03T20:38:51+02:00,1106-2106-003__2026-07-02,712,7
2026-07-03T20:38:51+02:00,1106-2109-008__2026-07-02,90,5
2026-07-03T20:38:51+02:00,1106-2302-013__2026-07-02,90,5
2026-07-03T20:38:51+02:00,1106-2304-019__2026-07-02,90,5
2026-07-03T20:38:51+02:00,1106-2305-003__2026-07-02,712,5
2026-07-03T20:38:51+02:00,1106-2505-005__2026-07-02,90,4
2026-07-03T20:38:51+02:00,1106-2506-007__2026-07-02,90,6
2026-07-03T20:38:51+02:00,1106-2508-013__2026-07-02,90,5
2026-07-03T20:38:51+02:00,1202-0902-006__2026-07-02,90,3
2026-07-03T20:38:51+02:00,1202-0910-005__2026-07-02,1418,10
2026-07-03T20:38:51+02:00,1407-6603-015__2026-07-02,90,5
2026-07-03T20:38:51+02:00,1407-6605-007__2026-07-02,90,5
2026-07-03T20:38:51+02:00,2118-0403-070__2026-07-02,316,5
2026-07-03T20:38:51+02:00,2118-0405-013__2026-07-02,374,5
2026-07-03T20:38:51+02:00,2118-0406-041__2026-07-02,374,6
2026-07-03T20:38:51+02:00,2118-0407-052__2026-07-02,374,6
2026-07-03T20:38:51+02:00,2303-0919-001__2026-07-02,1587,10
2026-07-03T20:38:51+02:00,2405-0503-006__2026-07-02,319,6
2026-07-03T20:38:51+02:00,2405-0507-015__2026-07-02,90,7
2026-07-03T20:38:51+02:00,3622-9206-205__2026-07-02,472,9
2026-07-03T20:38:51+02:00,3622-9905-049__2026-07-02,640,11
2026-07-03T20:38:51+02:00,4210-0103-040__2026-07-02,70,2
2026-07-03T20:38:51+02:00,4210-0114-012__2026-07-02,398,5
2026-07-03T20:38:51+02:00,4210-0114-023__2026-07-02,64,2
2026-07-03T20:38:51+02:00,4804-1001-1004__2026-07-02,340,2
2026-07-03T20:38:51+02:00,4415-0103-040__2026-07-02,760,6
2026-07-03T20:38:51+02:00,4415-0103-053__2026-07-02,760,6
2026-07-03T20:38:51+02:00,5102-3204-002__2026-07-02,1499,11
2026-07-03T20:38:51+02:00,5102-3202-016__2026-07-02,94,4
2026-07-03T20:38:51+02:00,5102-3204-023__2026-07-02,333,5
2026-07-03T20:38:51+02:00,5102-3209-022__2026-07-02,406,5
2026-07-03T20:38:51+02:00,5102-3506-013__2026-07-02,298,4
2026-07-03T20:38:51+02:00,5102-3511-004__2026-07-02,317,2
2026-07-03T20:38:51+02:00,5102-3603-002__2026-07-02,298,4
2026-07-03T20:38:51+02:00,5201-0102-018__2026-07-02,240,4
2026-07-03T20:38:51+02:00,5201-0105-021__2026-07-02,378,3
2026-07-03T20:38:51+02:00,5201-0102-049__2026-07-02,240,4
2026-07-03T20:38:51+02:00,5201-0109-039__2026-07-02,266,3
2026-07-03T20:38:51+02:00,5201-0503-016__2026-07-02,472,7
2026-07-03T20:38:51+02:00,7808-1003-018__2026-07-02,295,7
2026-07-03T20:38:51+02:00,7808-1005-020__2026-07-02,295,9
2026-07-03T20:38:51+02:00,7404-2404-003__2026-07-02,97,8
2026-07-03T20:38:51+02:00,7505-1903-009__2026-07-02,90,9
2026-07-03T20:38:51+02:00,7404-2203-021__2026-07-02,90,10
2026-07-03T20:38:51+02:00,7505-0805-010__2026-07-02,90,9
2026-07-03T20:38:51+02:00,7505-0906-012__2026-07-02,90,11
2026-07-03T22:33:04+02:00,4703-1500-0907__2026-07-02,67,1
2026-07-03T22:33:04+02:00,6303-5102-1008__2026-07-02,61,1
2026-07-03T22:33:04+02:00,6303-5103-1108__2026-07-02,69,2
2026-07-03T22:33:04+02:00,6303-5104-1207__2026-07-02,69,3
2026-07-03T22:33:04+02:00,6303-5105-1322__2026-07-02,64,2
2026-07-03T22:33:04+02:00,6303-5102-1011__2026-07-02,69,2
2026-07-03T22:33:04+02:00,6303-5103-1113__2026-07-02,64,2
2026-07-03T22:33:04+02:00,6303-5104-1208__2026-07-02,311,2
2026-07-03T22:33:04+02:00,6303-5104-1221__2026-07-02,67,2
2026-07-03T22:33:04+02:00,6303-5102-1014__2026-07-02,64,2
2026-07-03T22:33:04+02:00,6303-5103-1115__2026-07-02,50,2
2026-07-03T22:33:04+02:00,6202-2103-1102__2026-07-02,32,2
2026-07-03T22:33:04+02:00,4210-0103-036__2026-07-02,0,0
2026-07-03T22:33:04+02:00,4703-1501-1003__2026-07-02,0,0
2026-07-03T22:33:04+02:00,6202-1102-1024__2026-07-02,97,2
2026-07-03T22:33:04+02:00,7202-5308-104__2026-07-02,90,2
2026-07-03T22:33:04+02:00,7202-6103-106__2026-07-02,170,2
2026-07-03T22:33:04+02:00,7202-6105-105__2026-07-02,311,4
2026-07-03T22:33:04+02:00,7202-6505-103__2026-07-02,88,1
2026-07-03T22:33:04+02:00,3622-9910-032__2026-07-02,381,6
2026-07-03T22:33:04+02:00,4703-1500-0905__2026-07-02,0,0
2026-07-03T22:33:04+02:00,6202-2102-1019__2026-07-02,32,2
2026-07-03T22:33:04+02:00,1106-2103-015__2026-07-02,97,6
2026-07-03T22:33:04+02:00,1106-2108-018__2026-07-02,143,2
2026-07-03T22:33:04+02:00,1106-2106-003__2026-07-02,712,7
2026-07-03T22:33:04+02:00,1106-2109-008__2026-07-02,90,5
2026-07-03T22:33:04+02:00,1106-2302-013__2026-07-02,90,5
2026-07-03T22:33:04+02:00,1106-2304-019__2026-07-02,90,5
2026-07-03T22:33:04+02:00,1106-2305-003__2026-07-02,712,5
2026-07-03T22:33:04+02:00,1106-2505-005__2026-07-02,90,4
2026-07-03T22:33:04+02:00,1106-2506-007__2026-07-02,90,6
2026-07-03T22:33:04+02:00,1106-2508-013__2026-07-02,90,5
2026-07-03T22:33:04+02:00,1202-0902-006__2026-07-02,90,3
2026-07-03T22:33:04+02:00,1202-0910-005__2026-07-02,1418,11
2026-07-03T22:33:04+02:00,1407-6603-015__2026-07-02,90,5
2026-07-03T22:33:04+02:00,1407-6605-007__2026-07-02,90,5
2026-07-03T22:33:04+02:00,2118-0403-070__2026-07-02,316,5
2026-07-03T22:33:04+02:00,2118-0405-013__2026-07-02,374,5
2026-07-03T22:33:04+02:00,2118-0406-041__2026-07-02,374,6
2026-07-03T22:33:04+02:00,2118-0407-052__2026-07-02,374,6
2026-07-03T22:33:04+02:00,2303-0919-001__2026-07-02,1587,10
2026-07-03T22:33:04+02:00,2405-0503-006__2026-07-02,319,6
2026-07-03T22:33:04+02:00,2405-0507-015__2026-07-02,90,7
2026-07-03T22:33:04+02:00,3622-9206-205__2026-07-02,472,9
2026-07-03T22:33:04+02:00,3622-9905-049__2026-07-02,640,11
2026-07-03T22:33:04+02:00,4210-0103-040__2026-07-02,70,2
2026-07-03T22:33:04+02:00,4210-0114-012__2026-07-02,398,5
2026-07-03T22:33:04+02:00,4210-0114-023__2026-07-02,64,2
2026-07-03T22:33:04+02:00,4804-1001-1004__2026-07-02,340,2
2026-07-03T22:33:04+02:00,4415-0103-040__2026-07-02,760,6
2026-07-03T22:33:04+02:00,4415-0103-053__2026-07-02,760,6
2026-07-03T22:33:04+02:00,5102-3204-002__2026-07-02,1499,11
2026-07-03T22:33:04+02:00,5102-3202-016__2026-07-02,94,4
2026-07-03T22:33:04+02:00,5102-3204-023__2026-07-02,333,5
2026-07-03T22:33:04+02:00,5102-3209-022__2026-07-02,406,5
2026-07-03T22:33:04+02:00,5102-3506-013__2026-07-02,298,4
2026-07-03T22:33:04+02:00,5102-3511-004__2026-07-02,317,2
2026-07-03T22:33:04+02:00,5102-3603-002__2026-07-02,298,4
2026-07-03T22:33:04+02:00,5201-0102-018__2026-07-02,240,4
2026-07-03T22:33:04+02:00,5201-0105-021__2026-07-02,378,3
2026-07-03T22:33:04+02:00,5201-0102-049__2026-07-02,240,4
2026-07-03T22:33:04+02:00,5201-0109-039__2026-07-02,266,3
2026-07-03T22:33:04+02:00,5201-0503-016__2026-07-02,472,7
2026-07-03T22:33:04+02:00,7808-1003-018__2026-07-02,295,7
2026-07-03T22:33:04+02:00,7808-1005-020__2026-07-02,295,9
2026-07-03T22:33:04+02:00,7404-2404-003__2026-07-02,97,8
2026-07-03T22:33:04+02:00,7505-1903-009__2026-07-02,90,9
2026-07-03T22:33:04+02:00,7404-2203-021__2026-07-02,90,10
2026-07-03T22:33:04+02:00,7505-0805-010__2026-07-02,90,9
2026-07-03T22:33:04+02:00,7505-0906-012__2026-07-02,90,11
2026-07-04T00:16:14+02:00,4703-1500-0907__2026-07-02,68,1
2026-07-04T00:16:14+02:00,6303-5102-1008__2026-07-02,61,1
2026-07-04T00:16:14+02:00,6303-5103-1108__2026-07-02,69,2
2026-07-04T00:16:14+02:00,6303-5104-1207__2026-07-02,69,3
2026-07-04T00:16:14+02:00,6303-5105-1322__2026-07-02,65,2
2026-07-04T00:16:14+02:00,6303-5102-1011__2026-07-02,69,2
2026-07-04T00:16:14+02:00,6303-5103-1113__2026-07-02,65,2
2026-07-04T00:16:14+02:00,6303-5104-1208__2026-07-02,312,2
2026-07-04T00:16:14+02:00,6303-5104-1221__2026-07-02,67,2
2026-07-04T00:16:14+02:00,6303-5102-1014__2026-07-02,65,2
2026-07-04T00:16:14+02:00,6303-5103-1115__2026-07-02,51,2
2026-07-04T00:16:14+02:00,6202-2103-1102__2026-07-02,33,2
2026-07-04T00:16:14+02:00,4210-0103-036__2026-07-02,0,0
2026-07-04T00:16:14+02:00,4703-1501-1003__2026-07-02,0,0
2026-07-04T00:16:14+02:00,6202-1102-1024__2026-07-02,98,2
2026-07-04T00:16:14+02:00,7202-5308-104__2026-07-02,91,3
2026-07-04T00:16:14+02:00,7202-6103-106__2026-07-02,171,2
2026-07-04T00:16:14+02:00,7202-6105-105__2026-07-02,312,4
2026-07-04T00:16:14+02:00,7202-6505-103__2026-07-02,88,1
2026-07-04T00:16:14+02:00,3622-9910-032__2026-07-02,382,6
2026-07-04T00:16:14+02:00,4703-1500-0905__2026-07-02,0,0
2026-07-04T00:16:14+02:00,6202-2102-1019__2026-07-02,33,2
2026-07-04T00:16:14+02:00,1106-2103-015__2026-07-02,98,6
2026-07-04T00:16:14+02:00,1106-2108-018__2026-07-02,144,2
2026-07-04T00:16:14+02:00,1106-2106-003__2026-07-02,713,7
2026-07-04T00:16:14+02:00,1106-2109-008__2026-07-02,90,5
2026-07-04T00:16:14+02:00,1106-2302-013__2026-07-02,90,5
2026-07-04T00:16:14+02:00,1106-2304-019__2026-07-02,90,5
2026-07-04T00:16:14+02:00,1106-2305-003__2026-07-02,713,5
2026-07-04T00:16:14+02:00,1106-2505-005__2026-07-02,90,4
2026-07-04T00:16:14+02:00,1106-2506-007__2026-07-02,90,6
2026-07-04T00:16:14+02:00,1106-2508-013__2026-07-02,90,5
2026-07-04T00:16:14+02:00,1202-0902-006__2026-07-02,90,3
2026-07-04T00:16:14+02:00,1202-0910-005__2026-07-02,1419,11
2026-07-04T00:16:14+02:00,1407-6603-015__2026-07-02,90,5
2026-07-04T00:16:14+02:00,1407-6605-007__2026-07-02,90,5
2026-07-04T00:16:14+02:00,2118-0403-070__2026-07-02,317,5
2026-07-04T00:16:14+02:00,2118-0405-013__2026-07-02,375,5
2026-07-04T00:16:14+02:00,2118-0406-041__2026-07-02,375,6
2026-07-04T00:16:14+02:00,2118-0407-052__2026-07-02,375,6
2026-07-04T00:16:14+02:00,2303-0919-001__2026-07-02,1588,10
2026-07-04T00:16:14+02:00,2405-0503-006__2026-07-02,320,6
2026-07-04T00:16:14+02:00,2405-0507-015__2026-07-02,90,7
2026-07-04T00:16:14+02:00,3622-9206-205__2026-07-02,473,9
2026-07-04T00:16:14+02:00,3622-9905-049__2026-07-02,641,11
2026-07-04T00:16:14+02:00,4210-0103-040__2026-07-02,70,2
2026-07-04T00:16:14+02:00,4210-0114-012__2026-07-02,399,5
2026-07-04T00:16:14+02:00,4210-0114-023__2026-07-02,64,2
2026-07-04T00:16:14+02:00,4804-1001-1004__2026-07-02,341,2
2026-07-04T00:16:14+02:00,4415-0103-040__2026-07-02,761,6
2026-07-04T00:16:14+02:00,4415-0103-053__2026-07-02,761,6
2026-07-04T00:16:14+02:00,5102-3204-002__2026-07-02,1500,11
2026-07-04T00:16:14+02:00,5102-3202-016__2026-07-02,95,4
2026-07-04T00:16:14+02:00,5102-3204-023__2026-07-02,334,5
2026-07-04T00:16:14+02:00,5102-3209-022__2026-07-02,407,5
2026-07-04T00:16:14+02:00,5102-3506-013__2026-07-02,298,4
2026-07-04T00:16:14+02:00,5102-3511-004__2026-07-02,318,2
2026-07-04T00:16:14+02:00,5102-3603-002__2026-07-02,298,4
2026-07-04T00:16:14+02:00,5201-0102-018__2026-07-02,241,4
2026-07-04T00:16:14+02:00,5201-0105-021__2026-07-02,379,3
2026-07-04T00:16:14+02:00,5201-0102-049__2026-07-02,241,4
2026-07-04T00:16:14+02:00,5201-0109-039__2026-07-02,267,3
2026-07-04T00:16:14+02:00,5201-0503-016__2026-07-02,473,7
2026-07-04T00:16:14+02:00,7808-1003-018__2026-07-02,296,7
2026-07-04T00:16:14+02:00,7808-1005-020__2026-07-02,296,9
2026-07-04T00:16:14+02:00,7404-2404-003__2026-07-02,98,8
2026-07-04T00:16:14+02:00,7505-1903-009__2026-07-02,90,9
2026-07-04T00:16:14+02:00,7404-2203-021__2026-07-02,90,10
2026-07-04T00:16:14+02:00,7505-0805-010__2026-07-02,90,9
2026-07-04T00:16:14+02:00,7505-0906-012__2026-07-02,90,11
2026-07-04T01:29:22+02:00,4703-1500-0907__2026-07-02,68,1
2026-07-04T01:29:22+02:00,6303-5102-1008__2026-07-02,61,1
2026-07-04T01:29:22+02:00,6303-5103-1108__2026-07-02,69,2
2026-07-04T01:29:22+02:00,6303-5104-1207__2026-07-02,69,3
2026-07-04T01:29:22+02:00,6303-5105-1322__2026-07-02,65,2
2026-07-04T01:29:22+02:00,6303-5102-1011__2026-07-02,69,2
2026-07-04T01:29:22+02:00,6303-5103-1113__2026-07-02,65,2
2026-07-04T01:29:22+02:00,6303-5104-1208__2026-07-02,312,2
2026-07-04T01:29:22+02:00,6303-5104-1221__2026-07-02,67,2
2026-07-04T01:29:22+02:00,6303-5102-1014__2026-07-02,65,2
2026-07-04T01:29:22+02:00,6303-5103-1115__2026-07-02,51,2
2026-07-04T01:29:22+02:00,6202-2103-1102__2026-07-02,33,2
2026-07-04T01:29:22+02:00,4210-0103-036__2026-07-02,0,0
2026-07-04T01:29:22+02:00,4703-1501-1003__2026-07-02,0,0
2026-07-04T01:29:22+02:00,6202-1102-1024__2026-07-02,98,2
2026-07-04T01:29:22+02:00,7202-5308-104__2026-07-02,91,3
2026-07-04T01:29:22+02:00,7202-6103-106__2026-07-02,171,2
2026-07-04T01:29:22+02:00,7202-6105-105__2026-07-02,312,4
2026-07-04T01:29:22+02:00,7202-6505-103__2026-07-02,88,1
2026-07-04T01:29:22+02:00,3622-9910-032__2026-07-02,382,6
2026-07-04T01:29:22+02:00,4703-1500-0905__2026-07-02,0,0
2026-07-04T01:29:22+02:00,6202-2102-1019__2026-07-02,33,2
2026-07-04T01:29:22+02:00,1106-2103-015__2026-07-02,243,7
2026-07-04T01:29:22+02:00,1106-2108-018__2026-07-02,144,2
2026-07-04T01:29:22+02:00,1106-2106-003__2026-07-02,713,7
2026-07-04T01:29:22+02:00,1106-2109-008__2026-07-02,90,5
2026-07-04T01:29:22+02:00,1106-2302-013__2026-07-02,90,5
2026-07-04T01:29:22+02:00,1106-2304-019__2026-07-02,243,6
2026-07-04T01:29:22+02:00,1106-2305-003__2026-07-02,713,5
2026-07-04T01:29:22+02:00,1106-2505-005__2026-07-02,90,4
2026-07-04T01:29:22+02:00,1106-2506-007__2026-07-02,90,6
2026-07-04T01:29:22+02:00,1106-2508-013__2026-07-02,90,5
2026-07-04T01:29:22+02:00,1202-0902-006__2026-07-02,90,3
2026-07-04T01:29:22+02:00,1202-0910-005__2026-07-02,1419,11
2026-07-04T01:29:22+02:00,1407-6603-015__2026-07-02,90,5
2026-07-04T01:29:22+02:00,1407-6605-007__2026-07-02,90,5
2026-07-04T01:29:22+02:00,2118-0403-070__2026-07-02,317,5
2026-07-04T01:29:22+02:00,2118-0405-013__2026-07-02,375,5
2026-07-04T01:29:22+02:00,2118-0406-041__2026-07-02,375,6
2026-07-04T01:29:22+02:00,2118-0407-052__2026-07-02,375,6
2026-07-04T01:29:22+02:00,2303-0919-001__2026-07-02,1588,10
2026-07-04T01:29:22+02:00,2405-0503-006__2026-07-02,320,6
2026-07-04T01:29:22+02:00,2405-0507-015__2026-07-02,243,8
2026-07-04T01:29:22+02:00,3622-9206-205__2026-07-02,473,9
2026-07-04T01:29:22+02:00,3622-9905-049__2026-07-02,641,11
2026-07-04T01:29:22+02:00,4210-0103-040__2026-07-02,70,2
2026-07-04T01:29:22+02:00,4210-0114-012__2026-07-02,399,5
2026-07-04T01:29:22+02:00,4210-0114-023__2026-07-02,64,2
2026-07-04T01:29:22+02:00,4804-1001-1004__2026-07-02,341,2
2026-07-04T01:29:22+02:00,4415-0103-040__2026-07-02,761,6
2026-07-04T01:29:22+02:00,4415-0103-053__2026-07-02,761,6
2026-07-04T01:29:22+02:00,5102-3204-002__2026-07-02,1500,11
2026-07-04T01:29:22+02:00,5102-3202-016__2026-07-02,95,4
2026-07-04T01:29:22+02:00,5102-3204-023__2026-07-02,334,5
2026-07-04T01:29:22+02:00,5102-3209-022__2026-07-02,407,5
2026-07-04T01:29:22+02:00,5102-3506-013__2026-07-02,298,4
2026-07-04T01:29:22+02:00,5102-3511-004__2026-07-02,318,2
2026-07-04T01:29:22+02:00,5102-3603-002__2026-07-02,298,4
2026-07-04T01:29:22+02:00,5201-0102-018__2026-07-02,241,4
2026-07-04T01:29:22+02:00,5201-0105-021__2026-07-02,379,3
2026-07-04T01:29:22+02:00,5201-0102-049__2026-07-02,241,4
2026-07-04T01:29:22+02:00,5201-0109-039__2026-07-02,267,3
2026-07-04T01:29:22+02:00,5201-0503-016__2026-07-02,473,7
2026-07-04T01:29:22+02:00,7808-1003-018__2026-07-02,296,7
2026-07-04T01:29:22+02:00,7808-1005-020__2026-07-02,296,9
2026-07-04T01:29:22+02:00,7404-2404-003__2026-07-02,98,8
2026-07-04T01:29:22+02:00,7505-1903-009__2026-07-02,90,9
2026-07-04T01:29:22+02:00,7404-2203-021__2026-07-02,90,10
2026-07-04T01:29:22+02:00,7505-0805-010__2026-07-02,90,9
2026-07-04T01:29:22+02:00,7505-0906-012__2026-07-02,90,11
2026-07-04T06:01:17+02:00,4703-1500-0907__2026-07-02,68,1
2026-07-04T06:01:17+02:00,6303-5102-1008__2026-07-02,61,2
2026-07-04T06:01:17+02:00,6303-5103-1108__2026-07-02,69,2
2026-07-04T06:01:17+02:00,6303-5104-1207__2026-07-02,69,3
2026-07-04T06:01:17+02:00,6303-5105-1322__2026-07-02,65,2
2026-07-04T06:01:17+02:00,6303-5102-1011__2026-07-02,69,2
2026-07-04T06:01:17+02:00,6303-5103-1113__2026-07-02,65,2
2026-07-04T06:01:17+02:00,6303-5104-1208__2026-07-02,312,2
2026-07-04T06:01:17+02:00,6303-5104-1221__2026-07-02,67,2
2026-07-04T06:01:17+02:00,6303-5102-1014__2026-07-02,65,2
2026-07-04T06:01:17+02:00,6303-5103-1115__2026-07-02,51,2
2026-07-04T06:01:17+02:00,6202-2103-1102__2026-07-02,33,2
2026-07-04T06:01:17+02:00,4210-0103-036__2026-07-02,0,0
2026-07-04T06:01:17+02:00,4703-1501-1003__2026-07-02,0,0
2026-07-04T06:01:17+02:00,6202-1102-1024__2026-07-02,98,2
2026-07-04T06:01:17+02:00,7202-5308-104__2026-07-02,91,3
2026-07-04T06:01:17+02:00,7202-6103-106__2026-07-02,171,2
2026-07-04T06:01:17+02:00,7202-6105-105__2026-07-02,312,4
2026-07-04T06:01:17+02:00,7202-6505-103__2026-07-02,88,1
2026-07-04T06:01:17+02:00,3622-9910-032__2026-07-02,382,6
2026-07-04T06:01:17+02:00,4703-1500-0905__2026-07-02,0,0
2026-07-04T06:01:17+02:00,6202-2102-1019__2026-07-02,33,2
2026-07-04T06:01:17+02:00,1106-2103-015__2026-07-02,243,7
2026-07-04T06:01:17+02:00,1106-2108-018__2026-07-02,144,3
2026-07-04T06:01:17+02:00,1106-2106-003__2026-07-02,713,7
2026-07-04T06:01:17+02:00,1106-2109-008__2026-07-02,90,5
2026-07-04T06:01:17+02:00,1106-2302-013__2026-07-02,90,6
2026-07-04T06:01:17+02:00,1106-2304-019__2026-07-02,243,6
2026-07-04T06:01:17+02:00,1106-2305-003__2026-07-02,713,5
2026-07-04T06:01:17+02:00,1106-2505-005__2026-07-02,90,5
2026-07-04T06:01:17+02:00,1106-2506-007__2026-07-02,90,6
2026-07-04T06:01:17+02:00,1106-2508-013__2026-07-02,90,5
2026-07-04T06:01:17+02:00,1202-0902-006__2026-07-02,90,3
2026-07-04T06:01:17+02:00,1202-0910-005__2026-07-02,1419,11
2026-07-04T06:01:17+02:00,1407-6603-015__2026-07-02,90,6
2026-07-04T06:01:17+02:00,1407-6605-007__2026-07-02,90,6
2026-07-04T06:01:17+02:00,2118-0403-070__2026-07-02,317,5
2026-07-04T06:01:17+02:00,2118-0405-013__2026-07-02,375,5
2026-07-04T06:01:17+02:00,2118-0406-041__2026-07-02,375,6
2026-07-04T06:01:17+02:00,2118-0407-052__2026-07-02,375,6
2026-07-04T06:01:17+02:00,2303-0919-001__2026-07-02,1588,10
2026-07-04T06:01:17+02:00,2405-0503-006__2026-07-02,320,6
2026-07-04T06:01:17+02:00,2405-0507-015__2026-07-02,243,8
2026-07-04T06:01:17+02:00,3622-9206-205__2026-07-02,473,9
2026-07-04T06:01:17+02:00,3622-9905-049__2026-07-02,641,11
2026-07-04T06:01:17+02:00,4210-0103-040__2026-07-02,70,2
2026-07-04T06:01:17+02:00,4210-0114-012__2026-07-02,399,5
2026-07-04T06:01:17+02:00,4210-0114-023__2026-07-02,64,2
2026-07-04T06:01:17+02:00,4804-1001-1004__2026-07-02,341,2
2026-07-04T06:01:17+02:00,4415-0103-040__2026-07-02,761,6
2026-07-04T06:01:17+02:00,4415-0103-053__2026-07-02,761,6
2026-07-04T06:01:17+02:00,5102-3204-002__2026-07-02,1500,11
2026-07-04T06:01:17+02:00,5102-3202-016__2026-07-02,95,4
2026-07-04T06:01:17+02:00,5102-3204-023__2026-07-02,334,5
2026-07-04T06:01:17+02:00,5102-3209-022__2026-07-02,407,5
2026-07-04T06:01:17+02:00,5102-3506-013__2026-07-02,298,4
2026-07-04T06:01:17+02:00,5102-3511-004__2026-07-02,318,2
2026-07-04T06:01:17+02:00,5102-3603-002__2026-07-02,298,4
2026-07-04T06:01:17+02:00,5201-0102-018__2026-07-02,241,5
2026-07-04T06:01:17+02:00,5201-0105-021__2026-07-02,379,3
2026-07-04T06:01:17+02:00,5201-0102-049__2026-07-02,241,5
2026-07-04T06:01:17+02:00,5201-0109-039__2026-07-02,267,3
2026-07-04T06:01:17+02:00,5201-0503-016__2026-07-02,473,7
2026-07-04T06:01:17+02:00,7808-1003-018__2026-07-02,296,7
2026-07-04T06:01:17+02:00,7808-1005-020__2026-07-02,296,9
2026-07-04T06:01:17+02:00,7404-2404-003__2026-07-02,98,8
2026-07-04T06:01:17+02:00,7505-1903-009__2026-07-02,90,9
2026-07-04T06:01:17+02:00,7404-2203-021__2026-07-02,90,11
2026-07-04T06:01:17+02:00,7505-0805-010__2026-07-02,90,9
2026-07-04T06:01:17+02:00,7505-0906-012__2026-07-02,90,11
2026-07-04T09:14:23+02:00,4703-1500-0907__2026-07-02,68,1
2026-07-04T09:14:23+02:00,6303-5102-1008__2026-07-02,61,2
2026-07-04T09:14:23+02:00,6303-5103-1108__2026-07-02,69,2
2026-07-04T09:14:23+02:00,6303-5104-1207__2026-07-02,69,3
2026-07-04T09:14:23+02:00,6303-5105-1322__2026-07-02,65,2
2026-07-04T09:14:23+02:00,6303-5102-1011__2026-07-02,69,2
2026-07-04T09:14:23+02:00,6303-5103-1113__2026-07-02,65,2
2026-07-04T09:14:23+02:00,6303-5104-1208__2026-07-02,312,2
2026-07-04T09:14:23+02:00,6303-5104-1221__2026-07-02,67,2
2026-07-04T09:14:23+02:00,6303-5102-1014__2026-07-02,65,2
2026-07-04T09:14:23+02:00,6303-5103-1115__2026-07-02,51,2
2026-07-04T09:14:23+02:00,6202-2103-1102__2026-07-02,33,2
2026-07-04T09:14:23+02:00,4210-0103-036__2026-07-02,0,0
2026-07-04T09:14:23+02:00,4703-1501-1003__2026-07-02,0,0
2026-07-04T09:14:23+02:00,6202-1102-1024__2026-07-02,98,2
2026-07-04T09:14:23+02:00,7202-5308-104__2026-07-02,91,3
2026-07-04T09:14:23+02:00,7202-6103-106__2026-07-02,171,2
2026-07-04T09:14:23+02:00,7202-6105-105__2026-07-02,312,4
2026-07-04T09:14:23+02:00,7202-6505-103__2026-07-02,88,1
2026-07-04T09:14:23+02:00,3622-9910-032__2026-07-02,382,6
2026-07-04T09:14:23+02:00,4703-1500-0905__2026-07-02,0,0
2026-07-04T09:14:23+02:00,6202-2102-1019__2026-07-02,33,2
2026-07-04T09:14:23+02:00,1106-2103-015__2026-07-02,243,7
2026-07-04T09:14:23+02:00,1106-2108-018__2026-07-02,144,3
2026-07-04T09:14:23+02:00,1106-2106-003__2026-07-02,713,7
2026-07-04T09:14:23+02:00,1106-2109-008__2026-07-02,90,5
2026-07-04T09:14:23+02:00,1106-2302-013__2026-07-02,90,6
2026-07-04T09:14:23+02:00,1106-2304-019__2026-07-02,243,6
2026-07-04T09:14:23+02:00,1106-2305-003__2026-07-02,713,5
2026-07-04T09:14:23+02:00,1106-2505-005__2026-07-02,90,5
2026-07-04T09:14:23+02:00,1106-2506-007__2026-07-02,90,6
2026-07-04T09:14:23+02:00,1106-2508-013__2026-07-02,90,5
2026-07-04T09:14:23+02:00,1202-0902-006__2026-07-02,90,3
2026-07-04T09:14:23+02:00,1202-0910-005__2026-07-02,1419,11
2026-07-04T09:14:23+02:00,1407-6603-015__2026-07-02,90,6
2026-07-04T09:14:23+02:00,1407-6605-007__2026-07-02,90,6
2026-07-04T09:14:23+02:00,2118-0403-070__2026-07-02,317,5
2026-07-04T09:14:23+02:00,2118-0405-013__2026-07-02,375,5
2026-07-04T09:14:23+02:00,2118-0406-041__2026-07-02,375,6
2026-07-04T09:14:23+02:00,2118-0407-052__2026-07-02,375,6
2026-07-04T09:14:23+02:00,2303-0919-001__2026-07-02,1588,10
2026-07-04T09:14:23+02:00,2405-0503-006__2026-07-02,320,5
2026-07-04T09:14:23+02:00,2405-0507-015__2026-07-02,243,8
2026-07-04T09:14:23+02:00,3622-9206-205__2026-07-02,473,9
2026-07-04T09:14:23+02:00,3622-9905-049__2026-07-02,641,11
2026-07-04T09:14:23+02:00,4210-0103-040__2026-07-02,70,2
2026-07-04T09:14:23+02:00,4210-0114-012__2026-07-02,399,5
2026-07-04T09:14:23+02:00,4210-0114-023__2026-07-02,64,2
2026-07-04T09:14:23+02:00,4804-1001-1004__2026-07-02,341,2
2026-07-04T09:14:23+02:00,4415-0103-040__2026-07-02,761,6
2026-07-04T09:14:23+02:00,4415-0103-053__2026-07-02,761,6
2026-07-04T09:14:23+02:00,5102-3204-002__2026-07-02,1500,11
2026-07-04T09:14:23+02:00,5102-3202-016__2026-07-02,95,4
2026-07-04T09:14:23+02:00,5102-3204-023__2026-07-02,334,6
2026-07-04T09:14:23+02:00,5102-3209-022__2026-07-02,407,6
2026-07-04T09:14:23+02:00,5102-3506-013__2026-07-02,298,4
2026-07-04T09:14:23+02:00,5102-3511-004__2026-07-02,318,2
2026-07-04T09:14:23+02:00,5102-3603-002__2026-07-02,298,4
2026-07-04T09:14:23+02:00,5201-0102-018__2026-07-02,241,6
2026-07-04T09:14:23+02:00,5201-0105-021__2026-07-02,379,3
2026-07-04T09:14:23+02:00,5201-0102-049__2026-07-02,241,6
2026-07-04T09:14:23+02:00,5201-0109-039__2026-07-02,267,3
2026-07-04T09:14:23+02:00,5201-0503-016__2026-07-02,473,7
2026-07-04T09:14:23+02:00,7808-1003-018__2026-07-02,296,7
2026-07-04T09:14:23+02:00,7808-1005-020__2026-07-02,296,9
2026-07-04T09:14:23+02:00,7404-2404-003__2026-07-02,98,8
2026-07-04T09:14:23+02:00,7505-1903-009__2026-07-02,90,9
2026-07-04T09:14:23+02:00,7404-2203-021__2026-07-02,90,11
2026-07-04T09:14:23+02:00,7505-0805-010__2026-07-02,90,9
2026-07-04T09:14:23+02:00,7505-0906-012__2026-07-02,90,11
2026-07-04T11:31:36+02:00,4703-1500-0907__2026-07-02,68,1
2026-07-04T11:31:36+02:00,6303-5102-1008__2026-07-02,61,2
2026-07-04T11:31:36+02:00,6303-5103-1108__2026-07-02,90,4
2026-07-04T11:31:36+02:00,6303-5104-1207__2026-07-02,90,4
2026-07-04T11:31:36+02:00,6303-5105-1322__2026-07-02,65,2
2026-07-04T11:31:36+02:00,6303-5102-1011__2026-07-02,69,2
2026-07-04T11:31:36+02:00,6303-5103-1113__2026-07-02,90,3
2026-07-04T11:31:36+02:00,6303-5104-1208__2026-07-02,312,2
2026-07-04T11:31:36+02:00,6303-5104-1221__2026-07-02,90,3
2026-07-04T11:31:36+02:00,6303-5102-1014__2026-07-02,65,2
2026-07-04T11:31:36+02:00,6303-5103-1115__2026-07-02,90,3
2026-07-04T11:31:36+02:00,6202-2103-1102__2026-07-02,33,2
2026-07-04T11:31:36+02:00,4210-0103-036__2026-07-02,0,0
2026-07-04T11:31:36+02:00,4703-1501-1003__2026-07-02,0,0
2026-07-04T11:31:36+02:00,6202-1102-1024__2026-07-02,98,2
2026-07-04T11:31:36+02:00,7202-5308-104__2026-07-02,91,3
2026-07-04T11:31:36+02:00,7202-6103-106__2026-07-02,171,2
2026-07-04T11:31:36+02:00,7202-6105-105__2026-07-02,312,4
2026-07-04T11:31:36+02:00,7202-6505-103__2026-07-02,88,1
2026-07-04T11:31:36+02:00,3622-9910-032__2026-07-02,382,7
2026-07-04T11:31:36+02:00,4703-1500-0905__2026-07-02,0,0
2026-07-04T11:31:36+02:00,6202-2102-1019__2026-07-02,33,3
2026-07-04T11:31:36+02:00,1106-2103-015__2026-07-02,243,7
2026-07-04T11:31:36+02:00,1106-2108-018__2026-07-02,144,3
2026-07-04T11:31:36+02:00,1106-2106-003__2026-07-02,713,8
2026-07-04T11:31:36+02:00,1106-2109-008__2026-07-02,90,5
2026-07-04T11:31:36+02:00,1106-2302-013__2026-07-02,90,6
2026-07-04T11:31:36+02:00,1106-2304-019__2026-07-02,243,5
2026-07-04T11:31:36+02:00,1106-2305-003__2026-07-02,713,6
2026-07-04T11:31:36+02:00,1106-2505-005__2026-07-02,90,5
2026-07-04T11:31:36+02:00,1106-2506-007__2026-07-02,90,6
2026-07-04T11:31:36+02:00,1106-2508-013__2026-07-02,90,5
2026-07-04T11:31:36+02:00,1202-0902-006__2026-07-02,90,3
2026-07-04T11:31:36+02:00,1202-0910-005__2026-07-02,1419,11
2026-07-04T11:31:36+02:00,1407-6603-015__2026-07-02,90,6
2026-07-04T11:31:36+02:00,1407-6605-007__2026-07-02,90,6
2026-07-04T11:31:36+02:00,2118-0403-070__2026-07-02,317,5
2026-07-04T11:31:36+02:00,2118-0405-013__2026-07-02,375,5
2026-07-04T11:31:36+02:00,2118-0406-041__2026-07-02,375,6
2026-07-04T11:31:36+02:00,2118-0407-052__2026-07-02,375,6
2026-07-04T11:31:36+02:00,2303-0919-001__2026-07-02,1588,10
2026-07-04T11:31:36+02:00,2405-0503-006__2026-07-02,320,5
2026-07-04T11:31:36+02:00,2405-0507-015__2026-07-02,243,8
2026-07-04T11:31:36+02:00,3622-9206-205__2026-07-02,473,9
2026-07-04T11:31:36+02:00,3622-9905-049__2026-07-02,641,11
2026-07-04T11:31:36+02:00,4210-0103-040__2026-07-02,70,2
2026-07-04T11:31:36+02:00,4210-0114-012__2026-07-02,399,5
2026-07-04T11:31:36+02:00,4210-0114-023__2026-07-02,64,2
2026-07-04T11:31:36+02:00,4804-1001-1004__2026-07-02,354,3
2026-07-04T11:31:36+02:00,4415-0103-040__2026-07-02,761,6
2026-07-04T11:31:36+02:00,4415-0103-053__2026-07-02,761,6
2026-07-04T11:31:36+02:00,5102-3204-002__2026-07-02,1500,11
2026-07-04T11:31:36+02:00,5102-3202-016__2026-07-02,95,4
2026-07-04T11:31:36+02:00,5102-3204-023__2026-07-02,334,7
2026-07-04T11:31:36+02:00,5102-3209-022__2026-07-02,407,6
2026-07-04T11:31:36+02:00,5102-3506-013__2026-07-02,298,4
2026-07-04T11:31:36+02:00,5102-3511-004__2026-07-02,318,2
2026-07-04T11:31:36+02:00,5102-3603-002__2026-07-02,298,4
2026-07-04T11:31:36+02:00,5201-0102-018__2026-07-02,306,7
2026-07-04T11:31:36+02:00,5201-0105-021__2026-07-02,379,4
2026-07-04T11:31:36+02:00,5201-0102-049__2026-07-02,306,6
2026-07-04T11:31:36+02:00,5201-0109-039__2026-07-02,307,4
2026-07-04T11:31:36+02:00,5201-0503-016__2026-07-02,473,7
2026-07-04T11:31:36+02:00,7808-1003-018__2026-07-02,296,7
2026-07-04T11:31:36+02:00,7808-1005-020__2026-07-02,296,9
2026-07-04T11:31:36+02:00,7404-2404-003__2026-07-02,98,9
2026-07-04T11:31:36+02:00,7505-1903-009__2026-07-02,90,9
2026-07-04T11:31:36+02:00,7404-2203-021__2026-07-02,90,11
2026-07-04T11:31:36+02:00,7505-0805-010__2026-07-02,90,10
2026-07-04T11:31:36+02:00,7505-0906-012__2026-07-02,90,11
2026-07-04T13:45:34+02:00,4703-1500-0907__2026-07-02,68,1
2026-07-04T13:45:34+02:00,6303-5102-1008__2026-07-02,67,4
2026-07-04T13:45:34+02:00,6303-5103-1108__2026-07-02,90,4
2026-07-04T13:45:34+02:00,6303-5104-1207__2026-07-02,90,4
2026-07-04T13:45:34+02:00,6303-5105-1322__2026-07-02,65,2
2026-07-04T13:45:34+02:00,6303-5102-1011__2026-07-02,69,2
2026-07-04T13:45:34+02:00,6303-5103-1113__2026-07-02,90,2
2026-07-04T13:45:34+02:00,6303-5104-1208__2026-07-02,312,2
2026-07-04T13:45:34+02:00,6303-5104-1221__2026-07-02,90,3
2026-07-04T13:45:34+02:00,6303-5102-1014__2026-07-02,65,2
2026-07-04T13:45:34+02:00,6303-5103-1115__2026-07-02,90,3
2026-07-04T13:45:34+02:00,6202-2103-1102__2026-07-02,51,4
2026-07-04T13:45:34+02:00,4210-0103-036__2026-07-02,0,0
2026-07-04T13:45:34+02:00,4703-1501-1003__2026-07-02,0,0
2026-07-04T13:45:34+02:00,6202-1102-1024__2026-07-02,98,2
2026-07-04T13:45:34+02:00,7202-5308-104__2026-07-02,91,3
2026-07-04T13:45:34+02:00,7202-6103-106__2026-07-02,171,2
2026-07-04T13:45:34+02:00,7202-6105-105__2026-07-02,312,4
2026-07-04T13:45:34+02:00,7202-6505-103__2026-07-02,88,1
2026-07-04T13:45:34+02:00,3622-9910-032__2026-07-02,394,8
2026-07-04T13:45:34+02:00,4703-1500-0905__2026-07-02,0,0
2026-07-04T13:45:34+02:00,6202-2102-1019__2026-07-02,49,4
2026-07-04T13:45:34+02:00,1106-2103-015__2026-07-02,243,8
2026-07-04T13:45:34+02:00,1106-2108-018__2026-07-02,144,3
2026-07-04T13:45:34+02:00,1106-2106-003__2026-07-02,713,9
2026-07-04T13:45:34+02:00,1106-2109-008__2026-07-02,90,7
2026-07-04T13:45:34+02:00,1106-2302-013__2026-07-02,90,7
2026-07-04T13:45:34+02:00,1106-2304-019__2026-07-02,243,5
2026-07-04T13:45:34+02:00,1106-2305-003__2026-07-02,713,7
2026-07-04T13:45:34+02:00,1106-2505-005__2026-07-02,90,5
2026-07-04T13:45:34+02:00,1106-2506-007__2026-07-02,90,6
2026-07-04T13:45:34+02:00,1106-2508-013__2026-07-02,90,5
2026-07-04T13:45:34+02:00,1202-0902-006__2026-07-02,90,3
2026-07-04T13:45:34+02:00,1202-0910-005__2026-07-02,1419,10
2026-07-04T13:45:34+02:00,1407-6603-015__2026-07-02,90,6
2026-07-04T13:45:34+02:00,1407-6605-007__2026-07-02,90,6
2026-07-04T13:45:34+02:00,2118-0403-070__2026-07-02,317,5
2026-07-04T13:45:34+02:00,2118-0405-013__2026-07-02,375,5
2026-07-04T13:45:34+02:00,2118-0406-041__2026-07-02,375,6
2026-07-04T13:45:34+02:00,2118-0407-052__2026-07-02,375,6
2026-07-04T13:45:34+02:00,2303-0919-001__2026-07-02,1588,10
2026-07-04T13:45:34+02:00,2405-0503-006__2026-07-02,320,5
2026-07-04T13:45:34+02:00,2405-0507-015__2026-07-02,243,7
2026-07-04T13:45:34+02:00,3622-9206-205__2026-07-02,473,9
2026-07-04T13:45:34+02:00,3622-9905-049__2026-07-02,641,11
2026-07-04T13:45:34+02:00,4210-0103-040__2026-07-02,70,2
2026-07-04T13:45:34+02:00,4210-0114-012__2026-07-02,399,5
2026-07-04T13:45:34+02:00,4210-0114-023__2026-07-02,64,2
2026-07-04T13:45:34+02:00,4804-1001-1004__2026-07-02,354,3
2026-07-04T13:45:34+02:00,4415-0103-040__2026-07-02,761,6
2026-07-04T13:45:34+02:00,4415-0103-053__2026-07-02,761,6
2026-07-04T13:45:34+02:00,5102-3204-002__2026-07-02,1500,11
2026-07-04T13:45:34+02:00,5102-3202-016__2026-07-02,95,4
2026-07-04T13:45:34+02:00,5102-3204-023__2026-07-02,334,7
2026-07-04T13:45:34+02:00,5102-3209-022__2026-07-02,407,6
2026-07-04T13:45:34+02:00,5102-3506-013__2026-07-02,298,4
2026-07-04T13:45:34+02:00,5102-3511-004__2026-07-02,318,2
2026-07-04T13:45:34+02:00,5102-3603-002__2026-07-02,298,4
2026-07-04T13:45:34+02:00,5201-0102-018__2026-07-02,306,8
2026-07-04T13:45:34+02:00,5201-0105-021__2026-07-02,379,4
2026-07-04T13:45:34+02:00,5201-0102-049__2026-07-02,306,7
2026-07-04T13:45:34+02:00,5201-0109-039__2026-07-02,307,5
2026-07-04T13:45:34+02:00,5201-0503-016__2026-07-02,473,7
2026-07-04T13:45:34+02:00,7808-1003-018__2026-07-02,296,7
2026-07-04T13:45:34+02:00,7808-1005-020__2026-07-02,296,9
2026-07-04T13:45:34+02:00,7404-2404-003__2026-07-02,98,9
2026-07-04T13:45:34+02:00,7505-1903-009__2026-07-02,91,11
2026-07-04T13:45:34+02:00,7404-2203-021__2026-07-02,90,11
2026-07-04T13:45:34+02:00,7505-0805-010__2026-07-02,90,10
2026-07-04T13:45:34+02:00,7505-0906-012__2026-07-02,90,11
2026-07-04T15:57:29+02:00,4703-1500-0907__2026-07-02,68,1
2026-07-04T15:57:29+02:00,6303-5102-1008__2026-07-02,67,4
2026-07-04T15:57:29+02:00,6303-5103-1108__2026-07-02,90,4
2026-07-04T15:57:29+02:00,6303-5104-1207__2026-07-02,90,4
2026-07-04T15:57:29+02:00,6303-5105-1322__2026-07-02,67,3
2026-07-04T15:57:29+02:00,6303-5102-1011__2026-07-02,69,2
2026-07-04T15:57:29+02:00,6303-5103-1113__2026-07-02,90,2
2026-07-04T15:57:29+02:00,6303-5104-1208__2026-07-02,312,2
2026-07-04T15:57:29+02:00,6303-5104-1221__2026-07-02,90,3
2026-07-04T15:57:29+02:00,6303-5102-1014__2026-07-02,67,3
2026-07-04T15:57:29+02:00,6303-5103-1115__2026-07-02,90,3
2026-07-04T15:57:29+02:00,6202-2103-1102__2026-07-02,54,5
2026-07-04T15:57:29+02:00,4210-0103-036__2026-07-02,0,0
2026-07-04T15:57:29+02:00,4703-1501-1003__2026-07-02,0,0
2026-07-04T15:57:29+02:00,6202-1102-1024__2026-07-02,98,2
2026-07-04T15:57:29+02:00,7202-5308-104__2026-07-02,91,3
2026-07-04T15:57:29+02:00,7202-6103-106__2026-07-02,171,2
2026-07-04T15:57:29+02:00,7202-6105-105__2026-07-02,312,4
2026-07-04T15:57:29+02:00,7202-6505-103__2026-07-02,90,2
2026-07-04T15:57:29+02:00,3622-9910-032__2026-07-02,394,8
2026-07-04T15:57:29+02:00,4703-1500-0905__2026-07-02,0,0
2026-07-04T15:57:29+02:00,6202-2102-1019__2026-07-02,49,4
2026-07-04T15:57:29+02:00,1106-2103-015__2026-07-02,243,8
2026-07-04T15:57:29+02:00,1106-2108-018__2026-07-02,144,3
2026-07-04T15:57:29+02:00,1106-2106-003__2026-07-02,713,9
2026-07-04T15:57:29+02:00,1106-2109-008__2026-07-02,90,7
2026-07-04T15:57:29+02:00,1106-2302-013__2026-07-02,90,7
2026-07-04T15:57:29+02:00,1106-2304-019__2026-07-02,243,5
2026-07-04T15:57:29+02:00,1106-2305-003__2026-07-02,713,7
2026-07-04T15:57:29+02:00,1106-2505-005__2026-07-02,90,6
2026-07-04T15:57:29+02:00,1106-2506-007__2026-07-02,90,5
2026-07-04T15:57:29+02:00,1106-2508-013__2026-07-02,90,5
2026-07-04T15:57:29+02:00,1202-0902-006__2026-07-02,90,3
2026-07-04T15:57:29+02:00,1202-0910-005__2026-07-02,1419,10
2026-07-04T15:57:29+02:00,1407-6603-015__2026-07-02,90,6
2026-07-04T15:57:29+02:00,1407-6605-007__2026-07-02,90,7
2026-07-04T15:57:29+02:00,2118-0403-070__2026-07-02,317,5
2026-07-04T15:57:29+02:00,2118-0405-013__2026-07-02,375,4
2026-07-04T15:57:29+02:00,2118-0406-041__2026-07-02,375,6
2026-07-04T15:57:29+02:00,2118-0407-052__2026-07-02,375,6
2026-07-04T15:57:29+02:00,2303-0919-001__2026-07-02,1588,10
2026-07-04T15:57:29+02:00,2405-0503-006__2026-07-02,320,6
2026-07-04T15:57:29+02:00,2405-0507-015__2026-07-02,243,7
2026-07-04T15:57:29+02:00,3622-9206-205__2026-07-02,473,9
2026-07-04T15:57:29+02:00,3622-9905-049__2026-07-02,641,11
2026-07-04T15:57:29+02:00,4210-0103-040__2026-07-02,70,2
2026-07-04T15:57:29+02:00,4210-0114-012__2026-07-02,399,5
2026-07-04T15:57:29+02:00,4210-0114-023__2026-07-02,64,2
2026-07-04T15:57:29+02:00,4804-1001-1004__2026-07-02,354,3
2026-07-04T15:57:29+02:00,4415-0103-040__2026-07-02,761,6
2026-07-04T15:57:29+02:00,4415-0103-053__2026-07-02,761,6
2026-07-04T15:57:29+02:00,5102-3204-002__2026-07-02,1500,11
2026-07-04T15:57:29+02:00,5102-3202-016__2026-07-02,95,4
2026-07-04T15:57:29+02:00,5102-3204-023__2026-07-02,334,7
2026-07-04T15:57:29+02:00,5102-3209-022__2026-07-02,407,6
2026-07-04T15:57:29+02:00,5102-3506-013__2026-07-02,394,5
2026-07-04T15:57:29+02:00,5102-3511-004__2026-07-02,318,2
2026-07-04T15:57:29+02:00,5102-3603-002__2026-07-02,394,5
2026-07-04T15:57:29+02:00,5201-0102-018__2026-07-02,306,8
2026-07-04T15:57:29+02:00,5201-0105-021__2026-07-02,379,4
2026-07-04T15:57:29+02:00,5201-0102-049__2026-07-02,306,7
2026-07-04T15:57:29+02:00,5201-0109-039__2026-07-02,307,5
2026-07-04T15:57:29+02:00,5201-0503-016__2026-07-02,473,8
2026-07-04T15:57:29+02:00,7808-1003-018__2026-07-02,296,7
2026-07-04T15:57:29+02:00,7808-1005-020__2026-07-02,296,9
2026-07-04T15:57:29+02:00,7404-2404-003__2026-07-02,98,9
2026-07-04T15:57:29+02:00,7505-1903-009__2026-07-02,304,11
2026-07-04T15:57:29+02:00,7404-2203-021__2026-07-02,90,11
2026-07-04T15:57:29+02:00,7505-0805-010__2026-07-02,90,10
2026-07-04T15:57:29+02:00,7505-0906-012__2026-07-02,90,11
2026-07-04T17:30:33+02:00,4703-1500-0907__2026-07-02,68,1
2026-07-04T17:30:33+02:00,6303-5102-1008__2026-07-02,67,4
2026-07-04T17:30:33+02:00,6303-5103-1108__2026-07-02,90,4
2026-07-04T17:30:33+02:00,6303-5104-1207__2026-07-02,90,4
2026-07-04T17:30:33+02:00,6303-5105-1322__2026-07-02,67,4
2026-07-04T17:30:33+02:00,6303-5102-1011__2026-07-02,69,2
2026-07-04T17:30:33+02:00,6303-5103-1113__2026-07-02,90,2
2026-07-04T17:30:33+02:00,6303-5104-1208__2026-07-02,312,3
2026-07-04T17:30:33+02:00,6303-5104-1221__2026-07-02,90,3
2026-07-04T17:30:33+02:00,6303-5102-1014__2026-07-02,67,3
2026-07-04T17:30:33+02:00,6303-5103-1115__2026-07-02,90,3
2026-07-04T17:30:33+02:00,6202-2103-1102__2026-07-02,67,6
2026-07-04T17:30:33+02:00,4210-0103-036__2026-07-02,0,0
2026-07-04T17:30:33+02:00,4703-1501-1003__2026-07-02,0,0
2026-07-04T17:30:33+02:00,6202-1102-1024__2026-07-02,98,2
2026-07-04T17:30:33+02:00,7202-5308-104__2026-07-02,91,3
2026-07-04T17:30:33+02:00,7202-6103-106__2026-07-02,171,3
2026-07-04T17:30:33+02:00,7202-6105-105__2026-07-02,312,4
2026-07-04T17:30:33+02:00,7202-6505-103__2026-07-02,90,2
2026-07-04T17:30:33+02:00,3622-9910-032__2026-07-02,394,9
2026-07-04T17:30:33+02:00,4703-1500-0905__2026-07-02,0,0
2026-07-04T17:30:33+02:00,6202-2102-1019__2026-07-02,49,4
2026-07-04T17:30:33+02:00,1106-2103-015__2026-07-02,243,8
2026-07-04T17:30:33+02:00,1106-2108-018__2026-07-02,144,3
2026-07-04T17:30:33+02:00,1106-2106-003__2026-07-02,713,9
2026-07-04T17:30:33+02:00,1106-2109-008__2026-07-02,90,7
2026-07-04T17:30:33+02:00,1106-2302-013__2026-07-02,90,7
2026-07-04T17:30:33+02:00,1106-2304-019__2026-07-02,243,5
2026-07-04T17:30:33+02:00,1106-2305-003__2026-07-02,713,7
2026-07-04T17:30:33+02:00,1106-2505-005__2026-07-02,90,6
2026-07-04T17:30:33+02:00,1106-2506-007__2026-07-02,90,5
2026-07-04T17:30:33+02:00,1106-2508-013__2026-07-02,90,5
2026-07-04T17:30:33+02:00,1202-0902-006__2026-07-02,90,3
2026-07-04T17:30:33+02:00,1202-0910-005__2026-07-02,1419,10
2026-07-04T17:30:33+02:00,1407-6603-015__2026-07-02,90,6
2026-07-04T17:30:33+02:00,1407-6605-007__2026-07-02,304,7
2026-07-04T17:30:33+02:00,2118-0403-070__2026-07-02,317,5
2026-07-04T17:30:33+02:00,2118-0405-013__2026-07-02,375,4
2026-07-04T17:30:33+02:00,2118-0406-041__2026-07-02,375,6
2026-07-04T17:30:33+02:00,2118-0407-052__2026-07-02,375,6
2026-07-04T17:30:33+02:00,2303-0919-001__2026-07-02,1588,10
2026-07-04T17:30:33+02:00,2405-0503-006__2026-07-02,320,6
2026-07-04T17:30:33+02:00,2405-0507-015__2026-07-02,243,7
2026-07-04T17:30:33+02:00,3622-9206-205__2026-07-02,473,10
2026-07-04T17:30:33+02:00,3622-9905-049__2026-07-02,641,12
2026-07-04T17:30:33+02:00,4210-0103-040__2026-07-02,70,2
2026-07-04T17:30:33+02:00,4210-0114-012__2026-07-02,399,5
2026-07-04T17:30:33+02:00,4210-0114-023__2026-07-02,64,2
2026-07-04T17:30:33+02:00,4804-1001-1004__2026-07-02,354,3
2026-07-04T17:30:33+02:00,4415-0103-040__2026-07-02,761,6
2026-07-04T17:30:33+02:00,4415-0103-053__2026-07-02,761,6
2026-07-04T17:30:33+02:00,5102-3204-002__2026-07-02,1500,11
2026-07-04T17:30:33+02:00,5102-3202-016__2026-07-02,95,4
2026-07-04T17:30:33+02:00,5102-3204-023__2026-07-02,334,7
2026-07-04T17:30:33+02:00,5102-3209-022__2026-07-02,407,6
2026-07-04T17:30:33+02:00,5102-3506-013__2026-07-02,394,5
2026-07-04T17:30:33+02:00,5102-3511-004__2026-07-02,318,2
2026-07-04T17:30:33+02:00,5102-3603-002__2026-07-02,394,5
2026-07-04T17:30:33+02:00,5201-0102-018__2026-07-02,306,8
2026-07-04T17:30:33+02:00,5201-0105-021__2026-07-02,379,4
2026-07-04T17:30:33+02:00,5201-0102-049__2026-07-02,306,7
2026-07-04T17:30:33+02:00,5201-0109-039__2026-07-02,307,5
2026-07-04T17:30:33+02:00,5201-0503-016__2026-07-02,473,8
2026-07-04T17:30:33+02:00,7808-1003-018__2026-07-02,296,7
2026-07-04T17:30:33+02:00,7808-1005-020__2026-07-02,296,9
2026-07-04T17:30:33+02:00,7404-2404-003__2026-07-02,98,9
2026-07-04T17:30:33+02:00,7505-1903-009__2026-07-02,304,11
2026-07-04T17:30:33+02:00,7404-2203-021__2026-07-02,90,11
2026-07-04T17:30:33+02:00,7505-0805-010__2026-07-02,90,10
2026-07-04T17:30:33+02:00,7505-0906-012__2026-07-02,90,11
2026-07-04T19:18:41+02:00,4703-1500-0907__2026-07-02,68,1
2026-07-04T19:18:41+02:00,6303-5102-1008__2026-07-02,67,4
2026-07-04T19:18:41+02:00,6303-5103-1108__2026-07-02,90,4
2026-07-04T19:18:41+02:00,6303-5104-1207__2026-07-02,90,4
2026-07-04T19:18:41+02:00,6303-5105-1322__2026-07-02,67,4
2026-07-04T19:18:41+02:00,6303-5102-1011__2026-07-02,69,2
2026-07-04T19:18:41+02:00,6303-5103-1113__2026-07-02,90,1
2026-07-04T19:18:41+02:00,6303-5104-1208__2026-07-02,312,3
2026-07-04T19:18:41+02:00,6303-5104-1221__2026-07-02,90,3
2026-07-04T19:18:41+02:00,6303-5102-1014__2026-07-02,67,3
2026-07-04T19:18:41+02:00,6303-5103-1115__2026-07-02,90,3
2026-07-04T19:18:41+02:00,6202-2103-1102__2026-07-02,67,6
2026-07-04T19:18:41+02:00,4210-0103-036__2026-07-02,0,0
2026-07-04T19:18:41+02:00,4703-1501-1003__2026-07-02,0,0
2026-07-04T19:18:41+02:00,6202-1102-1024__2026-07-02,98,2
2026-07-04T19:18:41+02:00,7202-5308-104__2026-07-02,91,3
2026-07-04T19:18:41+02:00,7202-6103-106__2026-07-02,171,3
2026-07-04T19:18:41+02:00,7202-6105-105__2026-07-02,312,4
2026-07-04T19:18:41+02:00,7202-6505-103__2026-07-02,90,2
2026-07-04T19:18:41+02:00,3622-9910-032__2026-07-02,394,9
2026-07-04T19:18:41+02:00,4703-1500-0905__2026-07-02,0,0
2026-07-04T19:18:41+02:00,6202-2102-1019__2026-07-02,65,5
2026-07-04T19:18:41+02:00,1106-2103-015__2026-07-02,243,8
2026-07-04T19:18:41+02:00,1106-2108-018__2026-07-02,144,3
2026-07-04T19:18:41+02:00,1106-2106-003__2026-07-02,713,9
2026-07-04T19:18:41+02:00,1106-2109-008__2026-07-02,90,7
2026-07-04T19:18:41+02:00,1106-2302-013__2026-07-02,90,6
2026-07-04T19:18:41+02:00,1106-2304-019__2026-07-02,243,5
2026-07-04T19:18:41+02:00,1106-2305-003__2026-07-02,713,7
2026-07-04T19:18:41+02:00,1106-2505-005__2026-07-02,90,6
2026-07-04T19:18:41+02:00,1106-2506-007__2026-07-02,90,5
2026-07-04T19:18:41+02:00,1106-2508-013__2026-07-02,90,5
2026-07-04T19:18:41+02:00,1202-0902-006__2026-07-02,90,3
2026-07-04T19:18:41+02:00,1202-0910-005__2026-07-02,1419,10
2026-07-04T19:18:41+02:00,1407-6603-015__2026-07-02,90,6
2026-07-04T19:18:41+02:00,1407-6605-007__2026-07-02,304,7
2026-07-04T19:18:41+02:00,2118-0403-070__2026-07-02,317,5
2026-07-04T19:18:41+02:00,2118-0405-013__2026-07-02,375,4
2026-07-04T19:18:41+02:00,2118-0406-041__2026-07-02,375,6
2026-07-04T19:18:41+02:00,2118-0407-052__2026-07-02,375,6
2026-07-04T19:18:41+02:00,2303-0919-001__2026-07-02,1588,10
2026-07-04T19:18:41+02:00,2405-0503-006__2026-07-02,320,6
2026-07-04T19:18:41+02:00,2405-0507-015__2026-07-02,243,7
2026-07-04T19:18:41+02:00,3622-9206-205__2026-07-02,473,10
2026-07-04T19:18:41+02:00,3622-9905-049__2026-07-02,641,12
2026-07-04T19:18:41+02:00,4210-0103-040__2026-07-02,70,2
2026-07-04T19:18:41+02:00,4210-0114-012__2026-07-02,399,5
2026-07-04T19:18:41+02:00,4210-0114-023__2026-07-02,64,2
2026-07-04T19:18:41+02:00,4804-1001-1004__2026-07-02,354,3
2026-07-04T19:18:41+02:00,4415-0103-040__2026-07-02,761,6
2026-07-04T19:18:41+02:00,4415-0103-053__2026-07-02,761,6
2026-07-04T19:18:41+02:00,5102-3204-002__2026-07-02,1500,11
2026-07-04T19:18:41+02:00,5102-3202-016__2026-07-02,95,4
2026-07-04T19:18:41+02:00,5102-3204-023__2026-07-02,334,7
2026-07-04T19:18:41+02:00,5102-3209-022__2026-07-02,407,6
2026-07-04T19:18:41+02:00,5102-3506-013__2026-07-02,394,5
2026-07-04T19:18:41+02:00,5102-3511-004__2026-07-02,318,2
2026-07-04T19:18:41+02:00,5102-3603-002__2026-07-02,394,5
2026-07-04T19:18:41+02:00,5201-0102-018__2026-07-02,306,8
2026-07-04T19:18:41+02:00,5201-0105-021__2026-07-02,379,4
2026-07-04T19:18:41+02:00,5201-0102-049__2026-07-02,306,7
2026-07-04T19:18:41+02:00,5201-0109-039__2026-07-02,307,5
2026-07-04T19:18:41+02:00,5201-0503-016__2026-07-02,473,8
2026-07-04T19:18:41+02:00,7808-1003-018__2026-07-02,296,7
2026-07-04T19:18:41+02:00,7808-1005-020__2026-07-02,296,9
2026-07-04T19:18:41+02:00,7404-2404-003__2026-07-02,98,9
2026-07-04T19:18:41+02:00,7505-1903-009__2026-07-02,304,11
2026-07-04T19:18:41+02:00,7404-2203-021__2026-07-02,90,11
2026-07-04T19:18:41+02:00,7505-0805-010__2026-07-02,90,10
2026-07-04T19:18:41+02:00,7505-0906-012__2026-07-02,90,11
